airport_code,airport,date,month,day_of_week,scheduled_arrivals,completed_arrivals,mean_arrival_delay_min,median_arrival_delay_min,p90_arrival_delay_min,maximum_arrival_delay_min,percent_arriving_15plus_min_late,mean_departure_delay_min,mean_taxi_in_min,cancellation_percent,diversion_percent,carrier_delay_min_per_scheduled_arrival,weather_delay_min_per_scheduled_arrival,nas_delay_min_per_scheduled_arrival,security_delay_min_per_scheduled_arrival,late_aircraft_delay_min_per_scheduled_arrival
ATL,Atlanta,2025-01-01,January,Wednesday,767.0,767.0,-6.636245110821382,-13.0,15.0,867.0,10.29986962190352,3.5788787483702738,9.096479791395046,0.0,0.0,3.473272490221643,0.054758800521512385,1.1590612777053455,0.0,1.2750977835723598
ATL,Atlanta,2025-01-02,January,Thursday,946.0,942.0,-1.7707006369426752,-10.0,25.0,904.0,13.588110403397028,6.673036093418259,9.933121019108281,0.42283298097251587,0.0,2.3414376321353068,1.2463002114164905,1.160676532769556,0.026427061310782242,3.5200845665961946
ATL,Atlanta,2025-01-03,January,Friday,941.0,941.0,1.7417640807651436,-7.0,31.0,1088.0,17.959617428267798,8.679064824654622,10.383634431455897,0.0,0.0,5.256110520722635,0.4208289054197662,1.8618490967056323,0.0,3.1211477151965994
ATL,Atlanta,2025-01-04,January,Saturday,919.0,917.0,5.770992366412214,-7.0,40.0,548.0,23.882224645583424,14.386041439476553,9.632497273718649,0.2176278563656148,0.0,5.513601741022851,0.3558215451577802,2.2110990206746464,0.0957562568008705,5.828073993471165
ATL,Atlanta,2025-01-05,January,Sunday,943.0,907.0,17.363836824696804,-1.0,62.0,1144.0,29.878721058434397,20.175303197353912,10.13781697905182,3.6055143160127257,0.2120890774125133,8.509013785790032,2.186638388123012,3.468716861081654,0.0,7.519618239660658
ATL,Atlanta,2025-01-06,January,Monday,866.0,806.0,22.789081885856078,-2.0,82.0,1075.0,32.50620347394541,24.950372208436725,8.812655086848634,6.928406466512701,0.0,9.625866050808314,3.4942263279445727,5.041570438799076,0.004618937644341801,8.96189376443418
ATL,Atlanta,2025-01-07,January,Tuesday,813.0,797.0,0.14554579673776663,-10.0,30.399999999999977,468.0,16.311166875784192,9.503136762860727,9.707653701380176,1.968019680196802,0.0,3.93849938499385,0.6863468634686347,1.2742927429274293,0.0,3.990159901599016
ATL,Atlanta,2025-01-08,January,Wednesday,818.0,814.0,1.796068796068796,-10.0,20.0,1109.0,13.882063882063884,9.685503685503685,8.805896805896806,0.4889975550122249,0.0,5.893643031784841,2.8863080684596576,1.0831295843520783,0.0,2.228606356968215
ATL,Atlanta,2025-01-09,January,Thursday,859.0,809.0,0.5550061804697157,-11.0,25.0,904.0,15.080346106304079,10.11001236093943,9.139678615574784,5.820721769499418,0.0,6.227008149010477,0.8905704307334109,1.5005820721769498,0.0,2.0232828870779977
ATL,Atlanta,2025-01-10,January,Friday,867.0,204.0,268.59313725490193,286.5,514.7,1287.0,71.56862745098039,258.9656862745098,16.147058823529413,75.20184544405998,1.2687427912341407,10.121107266435986,20.536332179930795,27.359861591695502,0.0,5.52479815455594
ATL,Atlanta,2025-01-11,January,Saturday,739.0,555.0,85.41081081081082,51.0,195.0,1161.0,67.02702702702703,90.55675675675676,11.055855855855857,24.76319350473613,0.13531799729364005,24.13937753721245,3.749661705006766,8.76319350473613,0.0,29.742895805142084
ATL,Atlanta,2025-01-12,January,Sunday,865.0,850.0,38.144705882352945,17.0,107.0,1129.0,51.64705882352941,43.709411764705884,12.109411764705882,1.5028901734104045,0.23121387283236997,14.143352601156069,2.167630057803468,4.4115606936416185,0.0,20.813872832369942
ATL,Atlanta,2025-01-13,January,Monday,889.0,889.0,-0.7401574803149606,-12.0,22.200000000000045,731.0,13.385826771653544,9.678290213723285,7.829021372328459,0.0,0.0,7.116985376827897,0.7210348706411699,0.9111361079865017,0.0,2.425196850393701
ATL,Atlanta,2025-01-14,January,Tuesday,805.0,805.0,-5.074534161490683,-14.0,11.600000000000023,1121.0,8.695652173913043,3.5093167701863353,8.423602484472049,0.0,0.0,5.10807453416149,0.16024844720496895,1.8248447204968945,0.0,0.6906832298136646
ATL,Atlanta,2025-01-15,January,Wednesday,810.0,809.0,-11.69097651421508,-15.0,5.0,303.0,6.551297898640297,-0.6489493201483313,7.73176761433869,0.0,0.12345679012345678,2.1259259259259258,0.0,0.27901234567901234,0.0,0.5382716049382716
ATL,Atlanta,2025-01-16,January,Thursday,901.0,900.0,-5.115555555555556,-12.0,14.0,580.0,9.666666666666666,4.003333333333333,7.504444444444444,0.11098779134295228,0.0,3.402885682574917,0.49278579356270813,1.3251942286348501,0.022197558268590455,1.4028856825749167
ATL,Atlanta,2025-01-17,January,Friday,903.0,903.0,-9.122923588039868,-13.0,10.800000000000068,389.0,7.530454042081949,1.6500553709856036,9.74640088593577,0.0,0.0,2.053156146179402,0.0,0.4739756367663344,0.014396456256921373,1.070874861572536
ATL,Atlanta,2025-01-18,January,Saturday,732.0,730.0,-2.584931506849315,-10.0,21.0,531.0,12.602739726027398,5.038356164383561,9.391780821917807,0.273224043715847,0.0,3.1065573770491803,0.76775956284153,1.075136612021858,0.04234972677595628,2.4262295081967213
ATL,Atlanta,2025-01-19,January,Sunday,790.0,775.0,4.966451612903226,-6.0,37.0,912.0,19.612903225806452,7.409032258064516,8.619354838709677,1.89873417721519,0.0,4.208860759493671,0.49240506329113926,3.643037974683544,0.0,3.5481012658227846
ATL,Atlanta,2025-01-20,January,Monday,975.0,970.0,7.989690721649485,-5.0,50.10000000000002,523.0,25.670103092783503,15.324742268041238,8.716494845360824,0.5128205128205128,0.0,6.325128205128205,0.8020512820512821,2.1835897435897436,0.0,6.2902564102564105
ATL,Atlanta,2025-01-21,January,Tuesday,891.0,737.0,43.305291723202174,7.0,145.79999999999995,1040.0,41.11261872455903,36.42876526458616,15.674355495251017,17.059483726150393,0.22446689113355783,7.885521885521886,5.035914702581369,19.23905723905724,0.0,6.832772166105499
ATL,Atlanta,2025-01-22,January,Wednesday,871.0,638.0,66.27115987460814,35.0,188.0,648.0,61.59874608150471,72.82758620689656,13.380877742946709,25.947187141216993,0.8036739380022963,6.794489092996556,3.219288174512055,14.594718714121699,0.0,26.12743972445465
ATL,Atlanta,2025-01-23,January,Thursday,963.0,912.0,8.150219298245615,-6.0,43.0,584.0,22.039473684210524,14.444078947368421,8.536184210526315,5.29595015576324,0.0,6.280373831775701,0.7320872274143302,1.3707165109034267,0.0,6.568016614745587
ATL,Atlanta,2025-01-24,January,Friday,967.0,959.0,-1.7956204379562044,-11.0,27.0,672.0,14.80709071949948,6.8383733055265905,8.372262773722628,0.8273009307135472,0.0,3.1489141675284387,1.297828335056877,1.2233712512926578,0.0,3.3402275077559462
ATL,Atlanta,2025-01-25,January,Saturday,748.0,748.0,-9.053475935828876,-16.0,15.0,623.0,10.294117647058822,1.8368983957219251,8.244652406417112,0.0,0.0,2.949197860962567,0.42513368983957217,1.5133689839572193,0.0053475935828877,0.9131016042780749
ATL,Atlanta,2025-01-26,January,Sunday,968.0,968.0,-8.62190082644628,-15.0,9.0,701.0,8.057851239669422,3.3068181818181817,8.527892561983471,0.0,0.0,2.5671487603305785,0.32541322314049587,0.2882231404958678,0.0,2.490702479338843
ATL,Atlanta,2025-01-27,January,Monday,939.0,938.0,-5.09275053304904,-11.0,13.0,557.0,9.381663113006397,2.363539445628998,9.637526652452026,0.0,0.10649627263045794,3.450479233226837,0.03301384451544196,0.9424920127795527,0.03727369542066028,1.3407880724174654
ATL,Atlanta,2025-01-28,January,Tuesday,855.0,855.0,-9.332163742690058,-16.0,12.600000000000023,517.0,9.35672514619883,2.325146198830409,9.519298245614035,0.0,0.0,3.1871345029239766,0.014035087719298246,0.39649122807017545,0.017543859649122806,2.1941520467836257
ATL,Atlanta,2025-01-29,January,Wednesday,858.0,856.0,-10.186915887850468,-17.0,7.0,894.0,6.658878504672897,0.580607476635514,8.438084112149532,0.2331002331002331,0.0,3.403263403263403,0.5874125874125874,0.662004662004662,0.022144522144522144,0.8892773892773893
ATL,Atlanta,2025-01-30,January,Thursday,936.0,924.0,-5.4935064935064934,-13.0,16.0,458.0,10.38961038961039,3.227272727272727,9.806277056277056,1.282051282051282,0.0,3.84508547008547,0.22008547008547008,0.7104700854700855,0.0,1.5512820512820513
ATL,Atlanta,2025-01-31,January,Friday,939.0,935.0,3.809625668449198,-7.0,28.0,1029.0,17.11229946524064,8.590374331550802,9.171122994652407,0.3194888178913738,0.10649627263045794,6.989350372736954,0.43130990415335463,1.3503727369542067,0.0,2.6389776357827475
ATL,Atlanta,2025-02-01,February,Saturday,741.0,739.0,-10.897158322056834,-18.0,5.0,552.0,7.307171853856563,2.253044654939107,8.719891745602165,0.1349527665317139,0.1349527665317139,2.7908232118758436,0.3765182186234818,0.38596491228070173,0.0,1.7098515519568152
ATL,Atlanta,2025-02-02,February,Sunday,939.0,937.0,-7.452508004268943,-16.0,14.0,691.0,9.925293489861259,4.273212379935966,9.500533617929563,0.21299254526091588,0.0,3.862619808306709,0.7667731629392971,0.7294994675186368,0.05218317358892439,1.7135250266240682
ATL,Atlanta,2025-02-03,February,Monday,935.0,934.0,-7.157387580299786,-14.0,19.0,321.0,11.349036402569594,2.9464668094218416,9.937901498929337,0.0,0.10695187165775401,2.471657754010695,0.5957219251336898,1.2342245989304812,0.0,2.0844919786096257
ATL,Atlanta,2025-02-04,February,Tuesday,856.0,856.0,-11.91822429906542,-18.5,2.0,991.0,5.724299065420561,0.8621495327102804,8.827102803738319,0.0,0.0,4.246495327102804,0.035046728971962614,0.19976635514018692,0.0,1.185747663551402
ATL,Atlanta,2025-02-05,February,Wednesday,858.0,857.0,-11.116686114352392,-17.0,5.0,362.0,6.76779463243874,-0.5052508751458576,8.991831971995332,0.11655011655011654,0.0,1.5466200466200466,0.479020979020979,0.8333333333333334,0.0,1.8403263403263403
ATL,Atlanta,2025-02-06,February,Thursday,944.0,939.0,2.4813631522896697,-10.0,35.0,663.0,16.826411075612356,10.466453674121405,9.142705005324814,0.423728813559322,0.1059322033898305,4.908898305084746,1.4703389830508475,1.5402542372881356,0.0,4.570974576271187
ATL,Atlanta,2025-02-07,February,Friday,951.0,950.0,-7.485263157894737,-15.0,12.100000000000023,431.0,9.368421052631579,3.9326315789473685,8.92421052631579,0.10515247108307045,0.0,3.1882229232386963,0.4468980021030494,0.4616193480546793,0.029442691903259727,2.260778128286015
ATL,Atlanta,2025-02-08,February,Saturday,743.0,741.0,-9.83940620782726,-16.0,8.0,542.0,7.28744939271255,1.5654520917678811,7.757085020242915,0.2691790040376851,0.0,3.4724091520861373,0.5868102288021534,0.765814266487214,0.0,0.414535666218035
ATL,Atlanta,2025-02-09,February,Sunday,788.0,786.0,-2.421119592875318,-13.0,24.5,676.0,12.72264631043257,7.3346055979643765,8.162849872773537,0.25380710659898476,0.0,4.116751269035533,0.5596446700507615,1.4225888324873097,0.0,3.7753807106598987
ATL,Atlanta,2025-02-10,February,Monday,955.0,955.0,-5.686910994764398,-14.0,14.0,788.0,9.63350785340314,3.886910994764398,10.08586387434555,0.0,0.0,3.7780104712041886,0.031413612565445025,1.2146596858638743,0.0,2.106806282722513
ATL,Atlanta,2025-02-11,February,Tuesday,859.0,849.0,9.113074204946997,-3.0,46.0,853.0,26.61955241460542,7.230859835100118,9.318021201413428,1.1641443538998837,0.0,4.89755529685681,1.4377182770663561,5.556461001164144,0.0,2.9965075669383006
ATL,Atlanta,2025-02-12,February,Wednesday,875.0,867.0,31.763552479815456,14.0,87.19999999999993,1178.0,49.48096885813148,23.470588235294116,10.200692041522492,0.9142857142857144,0.0,8.372571428571428,2.169142857142857,14.02742857142857,0.0,9.470857142857144
ATL,Atlanta,2025-02-13,February,Thursday,989.0,983.0,22.98880976602238,4.0,71.80000000000007,910.0,38.046795523906404,24.670396744659207,9.447609359104781,0.5055611729019212,0.10111223458038424,8.183013144590495,1.8382204246713851,4.790697674418604,0.0,12.146612740141558
ATL,Atlanta,2025-02-14,February,Friday,990.0,987.0,15.75886524822695,-2.0,58.799999999999955,1099.0,28.87537993920973,21.565349544072948,12.752786220871327,0.20202020202020202,0.10101010101010101,8.514141414141415,0.47575757575757577,2.4484848484848483,0.015151515151515152,10.497979797979799
ATL,Atlanta,2025-02-15,February,Saturday,783.0,772.0,30.607512953367877,11.0,81.0,1112.0,45.07772020725388,24.830310880829014,11.13341968911917,0.6385696040868455,0.7662835249042145,10.367816091954023,0.8531289910600255,9.551724137931034,0.0,12.104725415070243
ATL,Atlanta,2025-02-16,February,Sunday,816.0,791.0,51.280657395701645,15.0,165.0,907.0,51.32743362831859,52.38685208596713,9.283185840707965,2.941176470588235,0.12254901960784313,14.256127450980392,3.6875,10.794117647058824,0.0,24.939950980392158
ATL,Atlanta,2025-02-17,February,Monday,990.0,974.0,18.481519507186857,-4.0,79.0,913.0,29.97946611909651,26.880903490759753,9.573921971252567,1.6161616161616161,0.0,10.36969696969697,0.6131313131313131,2.9363636363636365,0.08686868686868687,11.444444444444445
ATL,Atlanta,2025-02-18,February,Tuesday,913.0,901.0,8.738068812430633,-8.0,44.0,1026.0,21.53163152053274,15.724750277469479,9.13984461709212,0.9857612267250823,0.32858707557502737,5.9890470974808325,1.9923329682365827,2.0021905805038336,0.0,7.355969331872946
ATL,Atlanta,2025-02-19,February,Wednesday,907.0,893.0,17.754759238521835,0.0,61.0,1017.0,30.90705487122061,19.059350503919372,9.379619260918252,1.4332965821389196,0.11025358324145534,8.727673649393605,1.6968026460859977,3.9955898566703416,0.0,7.962513781697905
ATL,Atlanta,2025-02-20,February,Thursday,988.0,982.0,11.495926680244398,-2.0,54.89999999999998,440.0,28.615071283095723,15.295315682281059,10.409368635437882,0.6072874493927125,0.0,4.411943319838056,0.41295546558704455,3.8704453441295548,0.018218623481781375,8.832995951417004
ATL,Atlanta,2025-02-21,February,Friday,990.0,989.0,-0.18099089989888775,-8.0,25.0,401.0,16.076845298281093,7.665318503538928,11.435793731041455,0.10101010101010101,0.0,3.317171717171717,0.6282828282828283,1.1898989898989898,0.0,3.48989898989899
ATL,Atlanta,2025-02-22,February,Saturday,790.0,786.0,-3.0483460559796436,-12.5,21.0,845.0,12.849872773536896,6.557251908396947,8.407124681933842,0.37974683544303794,0.12658227848101267,5.644303797468354,0.33544303797468356,1.150632911392405,0.0,1.9151898734177215
ATL,Atlanta,2025-02-23,February,Sunday,982.0,981.0,-3.867482161060143,-12.0,18.0,816.0,11.009174311926607,5.766564729867482,8.509683995922527,0.10183299389002036,0.0,4.627291242362525,0.008146639511201629,1.2851323828920571,0.0,1.9490835030549898
ATL,Atlanta,2025-02-24,February,Monday,989.0,987.0,-4.740628166160081,-11.0,19.399999999999977,486.0,13.069908814589665,6.45694022289767,10.341438703140831,0.20222446916076847,0.0,4.294236602628918,0.20626895854398383,0.788675429726997,0.07280080889787664,2.24469160768453
ATL,Atlanta,2025-02-25,February,Tuesday,904.0,904.0,-12.606194690265486,-18.0,5.7000000000000455,432.0,6.3053097345132745,0.8628318584070797,9.130530973451327,0.0,0.0,1.3672566371681416,0.12721238938053098,0.2334070796460177,0.0,2.478982300884956
ATL,Atlanta,2025-02-26,February,Wednesday,904.0,902.0,-13.019955654101995,-18.5,1.0,828.0,4.878048780487805,0.6441241685144125,9.529933481152993,0.11061946902654868,0.11061946902654868,2.3871681415929205,0.06747787610619468,0.18141592920353983,0.0,1.836283185840708
ATL,Atlanta,2025-02-27,February,Thursday,990.0,988.0,-4.293522267206478,-13.0,16.300000000000068,770.0,10.62753036437247,5.343117408906883,9.410931174089068,0.20202020202020202,0.0,4.9363636363636365,0.10404040404040404,0.9464646464646465,0.0,2.0131313131313133
ATL,Atlanta,2025-02-28,February,Friday,989.0,987.0,-7.869300911854103,-13.0,13.0,344.0,9.118541033434651,1.9625126646403241,10.659574468085106,0.10111223458038424,0.10111223458038424,2.1031344792719917,0.0,0.6572295247724975,0.0,2.0313447927199193
ATL,Atlanta,2025-03-01,March,Saturday,788.0,786.0,-8.15267175572519,-15.0,12.0,580.0,9.033078880407125,2.059796437659033,9.001272264631043,0.0,0.25380710659898476,2.934010152284264,0.0,1.0736040609137056,0.0,1.3248730964467006
ATL,Atlanta,2025-03-02,March,Sunday,981.0,979.0,-5.800817160367722,-14.0,16.0,491.0,10.316649642492338,6.114402451481103,9.150153217568947,0.10193679918450561,0.10193679918450561,3.650356778797146,0.08053007135575943,0.4709480122324159,0.0,3.5168195718654434
ATL,Atlanta,2025-03-03,March,Monday,985.0,979.0,-8.484167517875383,-15.0,12.0,925.0,9.397344228804902,2.257405515832482,11.84167517875383,0.6091370558375634,0.0,2.7979695431472082,0.20101522842639594,0.6751269035532995,0.0,2.1604060913705583
ATL,Atlanta,2025-03-04,March,Tuesday,898.0,888.0,4.9391891891891895,-12.5,26.0,1021.0,14.301801801801803,11.89527027027027,9.679054054054054,1.0022271714922049,0.11135857461024498,6.167037861915367,3.866369710467706,1.3195991091314032,0.0,4.9075723830734965
ATL,Atlanta,2025-03-05,March,Wednesday,907.0,900.0,12.197777777777778,-9.0,60.200000000000045,1136.0,21.777777777777775,18.785555555555554,9.3,0.6615214994487321,0.11025358324145534,6.056229327453142,3.2943770672546857,2.2635060639470783,0.0,9.470782800441015
ATL,Atlanta,2025-03-06,March,Thursday,993.0,991.0,-4.453077699293643,-12.0,20.0,648.0,12.815338042381432,7.606458123107972,9.149344096871847,0.10070493454179255,0.10070493454179255,3.4501510574018126,0.5659617321248741,1.0563947633434039,0.06243705941591138,3.0191339375629407
ATL,Atlanta,2025-03-07,March,Friday,992.0,992.0,-6.69758064516129,-13.0,19.0,303.0,11.794354838709678,3.816532258064516,10.152217741935484,0.0,0.0,1.7731854838709677,0.3064516129032258,1.0161290322580645,0.0,2.7076612903225805
ATL,Atlanta,2025-03-08,March,Saturday,790.0,787.0,-6.002541296060991,-14.0,18.399999999999977,355.0,11.30876747141042,3.400254129606099,8.800508259212199,0.37974683544303794,0.0,3.8974683544303796,0.07468354430379746,1.2670886075949368,0.0,1.7265822784810128
ATL,Atlanta,2025-03-09,March,Sunday,1006.0,1001.0,11.671328671328672,0.0,44.0,862.0,25.674325674325676,11.729270729270729,10.23076923076923,0.4970178926441352,0.0,5.8717693836978135,0.6759443339960238,3.482107355864811,0.0,5.6252485089463224
ATL,Atlanta,2025-03-10,March,Monday,1020.0,1018.0,2.8899803536345776,-4.0,31.0,397.0,18.664047151277014,7.0216110019646365,9.713163064833006,0.19607843137254902,0.0,2.861764705882353,0.3872549019607843,2.3362745098039217,0.05196078431372549,4.203921568627451
ATL,Atlanta,2025-03-11,March,Tuesday,960.0,957.0,-10.114942528735632,-16.0,7.399999999999977,271.0,7.210031347962382,0.9487983281086729,8.675026123301985,0.3125,0.0,2.685416666666667,0.0,0.178125,0.0,2.009375
ATL,Atlanta,2025-03-12,March,Wednesday,958.0,958.0,-7.170146137787056,-14.0,11.0,915.0,8.037578288100208,1.3778705636743216,9.876826722338205,0.0,0.0,2.3768267223382047,0.10647181628392484,0.6315240083507306,0.0,2.2463465553235906
ATL,Atlanta,2025-03-13,March,Thursday,1025.0,1020.0,-3.2715686274509803,-12.0,20.0,517.0,12.647058823529411,6.493137254901961,8.812745098039215,0.3902439024390244,0.0975609756097561,2.975609756097561,0.1795121951219512,0.6936585365853658,0.0,4.19219512195122
ATL,Atlanta,2025-03-14,March,Friday,1023.0,1019.0,-0.2296368989205103,-11.0,23.0,1088.0,12.659470068694798,8.646712463199215,9.470068694798822,0.2932551319648094,0.09775171065493646,4.325513196480938,1.2238514173998045,0.4887585532746823,0.0,3.8240469208211145
ATL,Atlanta,2025-03-15,March,Saturday,865.0,847.0,29.96340023612751,7.0,93.0,1052.0,42.502951593860686,23.25029515938607,10.969303423848878,0.9248554913294799,1.1560693641618496,8.289017341040463,4.4705202312138725,10.589595375722544,0.0,9.899421965317918
ATL,Atlanta,2025-03-16,March,Sunday,1010.0,968.0,49.11363636363637,19.5,154.30000000000007,995.0,54.75206611570248,48.135330578512395,10.400826446280991,4.0594059405940595,0.09900990099009901,10.94059405940594,2.0396039603960396,9.05940594059406,0.0,26.565346534653465
ATL,Atlanta,2025-03-17,March,Monday,1020.0,996.0,5.708835341365462,-7.0,43.5,408.0,21.586345381526105,15.375502008032129,9.699799196787149,2.3529411764705883,0.0,6.488235294117647,0.04019607843137255,0.9098039215686274,0.0,6.614705882352941
ATL,Atlanta,2025-03-18,March,Tuesday,961.0,958.0,-7.81419624217119,-15.5,14.0,1160.0,9.916492693110648,4.132567849686848,8.698329853862212,0.31217481789802287,0.0,3.110301768990635,0.37669094693028093,0.6160249739854319,0.0,2.7429760665972944
ATL,Atlanta,2025-03-19,March,Wednesday,962.0,955.0,-3.5235602094240837,-13.0,14.0,895.0,9.528795811518325,5.929842931937173,9.049214659685864,0.6237006237006237,0.10395010395010396,3.231808731808732,2.191268191268191,0.6652806652806653,0.0,2.455301455301455
ATL,Atlanta,2025-03-20,March,Thursday,1028.0,1025.0,2.033170731707317,-7.0,22.0,843.0,14.634146341463413,8.861463414634146,8.28780487804878,0.19455252918287938,0.09727626459143969,4.536964980544747,0.18385214007782102,0.8511673151750972,0.0,4.1449416342412455
ATL,Atlanta,2025-03-21,March,Friday,1027.0,1026.0,-0.8879142300194932,-11.0,25.5,841.0,14.912280701754385,9.810916179337232,8.68421052631579,0.09737098344693282,0.0,4.259980525803311,0.05258033106134372,0.5929892891918208,0.0,4.923076923076923
ATL,Atlanta,2025-03-22,March,Saturday,871.0,870.0,-4.771264367816092,-12.0,14.0,577.0,9.310344827586208,4.519540229885058,8.316091954022989,0.1148105625717566,0.0,3.9322617680826637,0.060849598163030996,0.687715269804822,0.0,2.008036739380023
ATL,Atlanta,2025-03-23,March,Sunday,1015.0,1015.0,1.2817733990147784,-8.0,29.0,916.0,16.25615763546798,8.552709359605911,8.995073891625616,0.0,0.0,4.828571428571428,0.08275862068965517,1.0453201970443349,0.01083743842364532,4.0285714285714285
ATL,Atlanta,2025-03-24,March,Monday,1021.0,1020.0,11.765686274509804,-1.0,41.10000000000002,837.0,24.901960784313726,15.254901960784315,8.678431372549019,0.0,0.0979431929480901,6.009794319294809,1.535749265426053,1.9539666993143976,0.02840352595494613,7.131243878550441
ATL,Atlanta,2025-03-25,March,Tuesday,963.0,961.0,-7.08636836628512,-14.0,11.0,510.0,8.844953173777315,2.27471383975026,7.969823100936525,0.20768431983385255,0.0,3.4880581516095535,0.49428868120456904,0.6884735202492211,0.0,1.6334371754932502
ATL,Atlanta,2025-03-26,March,Wednesday,962.0,962.0,-7.721413721413722,-13.0,8.0,778.0,5.613305613305614,1.1715176715176716,8.518711018711018,0.0,0.0,2.9771309771309773,0.0446985446985447,0.29521829521829523,0.0,1.0904365904365905
ATL,Atlanta,2025-03-27,March,Thursday,1028.0,1028.0,-4.785992217898833,-12.0,11.300000000000068,635.0,8.754863813229571,4.522373540856031,9.29182879377432,0.0,0.0,4.102140077821011,0.07587548638132295,0.36770428015564205,0.026264591439688716,2.1011673151750974
ATL,Atlanta,2025-03-28,March,Friday,1028.0,1028.0,-4.81420233463035,-12.0,14.300000000000068,687.0,10.019455252918288,4.0505836575875485,9.65466926070039,0.0,0.0,4.1400778210116735,0.11381322957198443,0.5476653696498055,0.058365758754863814,1.9299610894941635
ATL,Atlanta,2025-03-29,March,Saturday,871.0,871.0,-3.819747416762342,-12.0,16.0,441.0,11.021814006888633,2.6337543053960966,9.959816303099885,0.0,0.0,3.912743972445465,0.07807118254879448,1.1446613088404134,0.0,1.82548794489093
ATL,Atlanta,2025-03-30,March,Sunday,1015.0,998.0,17.690380761523045,-5.0,72.60000000000014,701.0,24.549098196392784,19.945891783567134,10.37875751503006,1.5763546798029555,0.09852216748768472,6.831527093596059,1.5852216748768473,5.5064039408867,0.0,10.13103448275862
ATL,Atlanta,2025-03-31,March,Monday,1017.0,943.0,72.5355249204666,29.0,219.80000000000007,1167.0,59.490986214209975,68.40721102863202,11.392364793213149,6.489675516224189,0.7866273352999017,10.841691248770895,6.587020648967552,17.666666666666668,0.0,34.150442477876105
ATL,Atlanta,2025-04-01,April,Tuesday,963.0,929.0,5.984930032292788,-11.0,43.0,567.0,19.69860064585576,15.978471474703984,8.715823466092573,3.5306334371754935,0.0,7.930425752855659,0.32398753894080995,1.2866043613707165,0.0,5.975077881619938
ATL,Atlanta,2025-04-02,April,Wednesday,964.0,952.0,8.293067226890756,-8.0,44.0,879.0,21.95378151260504,10.660714285714286,9.26155462184874,0.9336099585062241,0.3112033195020747,5.227178423236515,0.808091286307054,4.016597510373444,0.0,6.517634854771784
ATL,Atlanta,2025-04-03,April,Thursday,1019.0,1007.0,15.060575968222443,-3.0,58.0,985.0,27.507447864945384,18.517378351539225,9.275074478649454,1.0794896957801767,0.09813542688910697,8.685966633954857,0.6329735034347399,2.6702649656526005,0.0,8.644749754661433
ATL,Atlanta,2025-04-04,April,Friday,1016.0,1012.0,9.698616600790514,-4.0,48.0,1138.0,25.197628458498023,11.447628458498023,9.15810276679842,0.2952755905511811,0.09842519685039369,4.878937007874016,0.44586614173228345,4.100393700787402,0.03543307086614173,6.977362204724409
ATL,Atlanta,2025-04-05,April,Saturday,872.0,868.0,10.503456221198157,-6.0,60.0,1023.0,26.72811059907834,11.928571428571429,9.7073732718894,0.34403669724770647,0.11467889908256881,6.118119266055046,1.3795871559633028,4.452981651376147,0.014908256880733946,6.4610091743119265
ATL,Atlanta,2025-04-06,April,Sunday,1006.0,885.0,72.00338983050847,29.0,214.80000000000007,1101.0,56.836158192090394,60.26327683615819,12.819209039548022,6.958250497017893,5.069582504970179,10.319085487077535,4.668986083499006,18.996023856858848,0.0,31.234592445328033
ATL,Atlanta,2025-04-07,April,Monday,1010.0,959.0,38.87486965589155,18.0,109.0,657.0,53.284671532846716,35.90510948905109,10.97080291970803,5.0495049504950495,0.0,9.85049504950495,0.4801980198019802,5.074257425742574,0.0,21.896039603960396
ATL,Atlanta,2025-04-08,April,Tuesday,927.0,924.0,4.766233766233766,-9.0,47.700000000000045,387.0,19.913419913419915,11.892857142857142,9.00108225108225,0.3236245954692557,0.0,3.925566343042071,0.30528586839266453,1.3905070118662353,0.0,8.776699029126213
ATL,Atlanta,2025-04-09,April,Wednesday,926.0,924.0,-5.678571428571429,-12.0,9.0,587.0,7.683982683982683,2.844155844155844,9.231601731601732,0.10799136069114472,0.10799136069114472,3.178185745140389,0.0010799136069114472,0.4481641468682505,0.0,2.422246220302376
ATL,Atlanta,2025-04-10,April,Thursday,988.0,932.0,14.513948497854077,-7.0,79.79999999999995,707.0,23.17596566523605,17.46137339055794,9.490343347639485,0.4048582995951417,5.263157894736842,5.648785425101215,2.0091093117408905,8.01417004048583,0.0,5.3896761133603235
ATL,Atlanta,2025-04-11,April,Friday,986.0,935.0,22.002139037433157,-1.0,75.80000000000007,1238.0,30.802139037433157,28.540106951871657,8.789304812834224,5.172413793103448,0.0,9.174442190669371,0.22616632860040567,1.2778904665314401,0.0,15.111561866125761
ATL,Atlanta,2025-04-12,April,Saturday,836.0,828.0,-0.057971014492753624,-10.0,27.0,541.0,14.975845410628018,9.480676328502415,8.846618357487923,0.9569377990430622,0.0,4.375598086124402,0.11363636363636363,0.9533492822966507,0.0,4.946172248803828
ATL,Atlanta,2025-04-13,April,Sunday,983.0,982.0,-2.1619144602851326,-10.0,19.0,791.0,11.914460285132384,7.977596741344196,8.915478615071283,0.0,0.10172939979654119,4.40793489318413,0.20854526958290945,0.7141403865717192,0.0,2.925737538148525
ATL,Atlanta,2025-04-14,April,Monday,999.0,997.0,-5.994984954864594,-13.0,11.0,800.0,8.72617853560682,3.1594784353059175,8.169508525576731,0.20020020020020018,0.0,2.770770770770771,0.5065065065065065,0.6716716716716716,0.0,2.046046046046046
ATL,Atlanta,2025-04-15,April,Tuesday,925.0,924.0,-7.66017316017316,-13.0,11.0,544.0,8.225108225108226,0.4935064935064935,7.753246753246753,0.10810810810810811,0.0,2.1437837837837836,0.20108108108108108,0.5697297297297297,0.0,1.6356756756756756
ATL,Atlanta,2025-04-16,April,Wednesday,932.0,929.0,-8.739504843918192,-15.0,7.0,1123.0,7.965554359526372,2.404736275565124,8.590958019375673,0.1072961373390558,0.2145922746781116,3.4796137339055795,0.1351931330472103,0.4259656652360515,0.0,1.4012875536480687
ATL,Atlanta,2025-04-17,April,Thursday,997.0,997.0,-0.4373119358074223,-11.0,19.0,868.0,11.334002006018054,8.074222668004012,10.046138415245737,0.0,0.0,5.311935807422267,0.0160481444332999,0.7111334002006018,0.0,3.5486459378134403
ATL,Atlanta,2025-04-18,April,Friday,997.0,995.0,-3.4472361809045227,-13.0,12.600000000000023,971.0,9.64824120603015,5.617085427135678,9.524623115577889,0.20060180541624875,0.0,4.917753259779338,0.12337011033099297,0.5416248746238717,0.0,3.2126379137412235
ATL,Atlanta,2025-04-19,April,Saturday,842.0,838.0,-2.156324582338902,-13.0,16.300000000000068,1121.0,10.739856801909307,6.321002386634845,8.51909307875895,0.35629453681710216,0.11876484560570072,5.598574821852732,0.07007125890736342,0.8717339667458432,0.0,3.0724465558194773
ATL,Atlanta,2025-04-20,April,Sunday,1001.0,998.0,0.7985971943887775,-11.0,27.300000000000068,605.0,14.629258517034069,7.650300601202405,9.201402805611222,0.2997002997002997,0.0,5.072927072927073,0.11388611388611389,1.2287712287712287,0.0,4.34065934065934
ATL,Atlanta,2025-04-21,April,Monday,1007.0,1003.0,4.019940179461615,-10.0,34.600000000000136,1070.0,15.154536390827516,12.020937188434695,8.585244267198405,0.29791459781529295,0.09930486593843098,4.3247269116186695,1.426017874875869,0.846077457795432,0.0,6.754716981132075
ATL,Atlanta,2025-04-22,April,Tuesday,929.0,929.0,-5.933261571582347,-13.0,13.0,422.0,9.14962325080732,2.597416576964478,8.1248654467169,0.0,0.0,3.2303552206673842,0.17868675995694294,0.4930032292787944,0.04090419806243272,1.7158234660925726
ATL,Atlanta,2025-04-23,April,Wednesday,937.0,937.0,0.005336179295624333,-8.0,26.399999999999977,524.0,15.048025613660618,5.71718249733191,8.810032017075773,0.0,0.0,3.622198505869797,0.4631803628601921,1.2934898612593384,0.0,3.5037353255069372
ATL,Atlanta,2025-04-24,April,Thursday,1008.0,1001.0,8.919080919080919,-4.0,34.0,891.0,20.47952047952048,11.151848151848151,10.987012987012987,0.6944444444444444,0.0,6.7728174603174605,0.5069444444444444,1.9722222222222223,0.0,4.989087301587301
ATL,Atlanta,2025-04-25,April,Friday,1014.0,1007.0,7.625620655412115,-4.0,39.0,916.0,22.542204568023834,7.837140019860973,11.857994041708043,0.0,0.6903353057199211,5.57396449704142,0.21499013806706113,4.51577909270217,0.03451676528599606,3.23767258382643
ATL,Atlanta,2025-04-26,April,Saturday,839.0,838.0,-1.3162291169451075,-12.0,23.300000000000068,401.0,12.052505966587113,6.608591885441528,7.906921241050119,0.11918951132300357,0.0,3.6531585220500595,0.0059594755661501785,1.4505363528009536,0.057210965435041714,4.65554231227652
ATL,Atlanta,2025-04-27,April,Sunday,1020.0,1020.0,-3.6176470588235294,-11.0,19.0,416.0,12.254901960784313,4.929411764705883,9.694117647058823,0.0,0.0,3.353921568627451,0.30098039215686273,0.9323529411764706,0.0,2.376470588235294
ATL,Atlanta,2025-04-28,April,Monday,1010.0,1009.0,-1.863230921704658,-10.0,18.0,989.0,11.892963330029731,4.626362735381566,9.633300297324084,0.0,0.09900990099009901,4.5108910891089105,0.07425742574257425,1.1821782178217821,0.0,2.269306930693069
ATL,Atlanta,2025-04-29,April,Tuesday,930.0,929.0,-6.2831001076426265,-12.0,12.0,648.0,8.611410118406889,0.35414424111948334,9.356297093649085,0.10752688172043011,0.0,2.660215053763441,0.20967741935483872,0.6666666666666666,0.016129032258064516,1.1741935483870967
ATL,Atlanta,2025-04-30,April,Wednesday,936.0,929.0,-1.6210979547900968,-12.0,14.0,1128.0,9.795479009687837,5.106566200215285,8.91280947255113,0.641025641025641,0.10683760683760685,2.7254273504273505,1.1495726495726495,1.0982905982905984,0.0,4.094017094017094
ATL,Atlanta,2025-05-01,May,Thursday,1017.0,1011.0,1.6993076162215628,-8.0,23.0,830.0,14.441147378832838,8.706231454005934,8.580613254203758,0.4916420845624385,0.09832841691248771,3.730580137659784,0.6106194690265486,0.880039331366765,0.02064896755162242,4.64306784660767
ATL,Atlanta,2025-05-02,May,Friday,1020.0,987.0,17.591691995947315,-3.0,65.0,1085.0,29.38196555217832,16.90678824721378,9.793313069908814,1.0784313725490196,2.156862745098039,4.229411764705882,1.6264705882352941,7.749019607843137,0.0,9.529411764705882
ATL,Atlanta,2025-05-03,May,Saturday,840.0,808.0,17.081683168316832,0.0,72.30000000000007,520.0,31.93069306930693,16.617574257425744,9.631188118811881,1.1904761904761905,2.619047619047619,6.170238095238095,0.7607142857142857,5.625,0.2119047619047619,8.528571428571428
ATL,Atlanta,2025-05-04,May,Sunday,1026.0,1020.0,17.416666666666668,-2.0,65.10000000000002,848.0,28.72549019607843,20.826470588235296,10.636274509803922,0.5847953216374269,0.0,7.59551656920078,0.19980506822612085,3.2348927875243665,0.0,11.67933723196881
ATL,Atlanta,2025-05-05,May,Monday,1018.0,1017.0,17.000983284169124,-5.0,65.39999999999998,1162.0,22.418879056047196,21.28416912487709,10.196656833824976,0.09823182711198428,0.0,4.547151277013753,2.2406679764243616,4.31237721021611,0.0,12.851669941060903
ATL,Atlanta,2025-05-06,May,Tuesday,931.0,922.0,11.565075921908894,-8.0,41.89999999999998,1009.0,20.498915401301517,16.135574837310195,9.700650759219089,0.8592910848549946,0.10741138560687433,7.853920515574651,2.740064446831364,2.6294307196562836,0.0,6.91514500537057
ATL,Atlanta,2025-05-07,May,Wednesday,947.0,944.0,4.570974576271187,-4.0,29.0,415.0,17.478813559322035,8.596398305084746,11.289194915254237,0.21119324181626187,0.10559662090813093,3.7381203801478353,0.7571277719112989,0.9493136219640972,0.0,5.036958817317846
ATL,Atlanta,2025-05-08,May,Thursday,1044.0,1043.0,8.187919463087248,-4.0,38.0,752.0,22.818791946308725,11.66059443911793,8.413231064237776,0.09578544061302681,0.0,4.775862068965517,1.0938697318007662,3.096743295019157,0.0038314176245210726,4.971264367816092
ATL,Atlanta,2025-05-09,May,Friday,1046.0,1044.0,3.410919540229885,-8.0,32.0,599.0,14.559386973180077,10.449233716475096,8.366858237547893,0.19120458891013384,0.0,4.354684512428299,0.737093690248566,1.8260038240917782,0.0,5.108986615678776
ATL,Atlanta,2025-05-10,May,Saturday,851.0,851.0,8.487661574618096,-2.0,39.0,755.0,19.623971797884842,8.443008225616921,10.045828437132785,0.0,0.0,6.1574618096357225,0.5710928319623971,1.8448883666274971,0.01527614571092832,3.7238542890716806
ATL,Atlanta,2025-05-11,May,Sunday,1043.0,1039.0,41.88546679499519,25.0,107.20000000000005,552.0,60.05774783445621,30.62175168431184,11.473532242540905,0.19175455417066153,0.19175455417066153,6.221476510067114,1.850431447746884,16.764141898370088,0.0,17.176414189837008
ATL,Atlanta,2025-05-12,May,Monday,1045.0,1044.0,14.184865900383143,4.0,53.700000000000045,361.0,34.2911877394636,14.327586206896552,10.728927203065133,0.09569377990430622,0.0,3.533971291866029,0.3339712918660287,3.9301435406698566,0.0,9.314832535885168
ATL,Atlanta,2025-05-13,May,Tuesday,951.0,949.0,-5.428872497365648,-13.0,16.0,612.0,10.537407797681771,3.4657534246575343,8.23709167544784,0.2103049421661409,0.0,3.280757097791798,0.11356466876971609,0.5615141955835962,0.0,2.5720294426919033
ATL,Atlanta,2025-05-14,May,Wednesday,947.0,946.0,-1.6543340380549683,-12.0,24.5,559.0,12.579281183932348,7.3171247357293865,8.3276955602537,0.10559662090813093,0.0,4.4054910242872225,0.1341077085533263,1.6515311510031678,0.0,3.925026399155227
ATL,Atlanta,2025-05-15,May,Thursday,1043.0,1041.0,4.085494716618636,-9.0,32.0,833.0,15.658021133525457,12.609990393852065,8.840537944284343,0.19175455417066153,0.0,4.629913710450623,0.11792905081495686,2.4151486097794823,0.0,6.178331735378715
ATL,Atlanta,2025-05-16,May,Friday,1047.0,1035.0,24.709178743961353,-1.0,87.20000000000005,1179.0,30.33816425120773,29.27246376811594,9.951690821256038,1.146131805157593,0.0,12.000955109837632,0.9961795606494747,4.767908309455588,0.0,12.285577841451767
ATL,Atlanta,2025-05-17,May,Saturday,852.0,819.0,12.246642246642246,1.0,52.0,371.0,30.4029304029304,17.71062271062271,8.758241758241759,3.873239436619718,0.0,6.855633802816901,0.653755868544601,3.562206572769953,0.0,5.723004694835681
ATL,Atlanta,2025-05-18,May,Sunday,1045.0,1030.0,21.866990291262137,6.0,66.10000000000002,1084.0,41.067961165048544,27.093203883495146,11.153398058252428,1.3397129186602872,0.09569377990430622,6.395215311004785,2.204784688995215,2.8047846889952153,0.0,13.84401913875598
ATL,Atlanta,2025-05-19,May,Monday,1045.0,1041.0,3.549471661863593,-8.0,30.0,835.0,17.483189241114314,11.18059558117195,9.628242074927954,0.3827751196172249,0.0,4.977990430622009,0.8296650717703349,1.2277511961722487,0.016267942583732056,4.895693779904306
ATL,Atlanta,2025-05-20,May,Tuesday,950.0,947.0,3.3020063357972544,-12.0,34.0,949.0,15.945089757127773,12.383315733896515,7.891235480464625,0.3157894736842105,0.0,7.990526315789474,0.4442105263157895,1.7989473684210526,0.12631578947368421,4.0073684210526315
ATL,Atlanta,2025-05-21,May,Wednesday,952.0,951.0,-3.2334384858044163,-11.0,20.0,513.0,12.513144058885384,6.035751840168244,7.517350157728707,0.10504201680672269,0.0,3.6922268907563027,0.1323529411764706,1.2436974789915967,0.0,2.4978991596638656
ATL,Atlanta,2025-05-22,May,Thursday,1050.0,1046.0,0.4980879541108987,-8.0,33.5,434.0,17.01720841300191,9.434034416826004,8.534416826003824,0.38095238095238093,0.0,2.895238095238095,0.12285714285714286,1.6352380952380952,0.0,4.903809523809524
ATL,Atlanta,2025-05-23,May,Friday,1051.0,1049.0,-1.0848427073403242,-12.0,22.200000000000045,1026.0,12.583412774070544,8.858913250714966,9.183984747378455,0.19029495718363465,0.0,5.782112274024739,0.2882968601332065,0.7545195052331113,0.0,3.523311132254995
ATL,Atlanta,2025-05-24,May,Saturday,857.0,857.0,-1.4142357059509918,-10.0,28.0,293.0,14.819136522753793,5.581096849474912,10.27071178529755,0.0,0.0,2.73512252042007,1.1411901983663943,1.3652275379229872,0.0,3.457409568261377
ATL,Atlanta,2025-05-25,May,Sunday,891.0,889.0,1.4308211473565804,-8.0,29.0,416.0,15.410573678290213,5.8391451068616425,9.991001124859393,0.22446689113355783,0.0,3.9023569023569022,0.6464646464646465,1.5622895622895623,0.0,3.7687991021324354
ATL,Atlanta,2025-05-26,May,Monday,1047.0,1039.0,10.941289701636189,-7.0,40.0,1379.0,19.826756496631376,14.635226179018288,11.467757459095283,0.6685768863419294,0.09551098376313276,5.045845272206304,2.4842406876790832,2.0191021967526264,0.0,8.544412607449857
ATL,Atlanta,2025-05-27,May,Tuesday,970.0,945.0,37.98306878306878,5.0,124.0,1368.0,41.269841269841265,34.74814814814815,12.75026455026455,0.30927835051546393,2.268041237113402,8.903092783505155,3.7577319587628866,13.387628865979382,0.0,13.83917525773196
ATL,Atlanta,2025-05-28,May,Wednesday,970.0,963.0,10.56386292834891,-6.0,44.80000000000007,1139.0,19.21079958463136,15.791277258566979,10.03011422637591,0.6185567010309279,0.10309278350515465,6.703092783505155,1.368041237113402,1.065979381443299,0.0,8.16082474226804
ATL,Atlanta,2025-05-29,May,Thursday,1050.0,1048.0,6.1603053435114505,-5.5,32.0,968.0,17.557251908396946,11.166984732824428,10.062022900763358,0.19047619047619047,0.0,6.220952380952381,0.72,1.3342857142857143,0.0,5.000952380952381
ATL,Atlanta,2025-05-30,May,Friday,1052.0,1038.0,19.696531791907514,-1.0,72.0,1190.0,31.59922928709056,21.35452793834297,8.714836223506744,0.7604562737642585,0.5703422053231939,6.9581749049429655,2.7252851711026618,6.08745247148289,0.0,9.505703422053232
ATL,Atlanta,2025-05-31,May,Saturday,873.0,871.0,0.2399540757749713,-11.0,33.0,529.0,16.303099885189436,10.111366245694605,8.597014925373134,0.22909507445589922,0.0,5.029782359679267,0.7033218785796106,1.0973654066437573,0.0,4.151202749140894
ATL,Atlanta,2025-06-01,June,Sunday,1049.0,1048.0,1.9704198473282444,-11.0,25.0,1035.0,13.263358778625955,11.215648854961833,8.685114503816793,0.09532888465204957,0.0,7.207816968541468,0.3336510962821735,1.26882745471878,0.012392755004766444,3.8703527168732124
ATL,Atlanta,2025-06-02,June,Monday,1053.0,1051.0,1.9381541389153187,-12.0,29.0,639.0,14.081826831588963,11.316841103710752,9.441484300666032,0.1899335232668566,0.0,6.01994301994302,0.6866096866096866,0.9848053181386515,0.0,5.6904083570750235
ATL,Atlanta,2025-06-03,June,Tuesday,970.0,967.0,-6.514994829369183,-12.0,12.0,358.0,9.307135470527404,1.2885211995863495,9.341261633919338,0.2061855670103093,0.10309278350515465,2.1030927835051547,0.30927835051546393,0.9608247422680413,0.021649484536082474,1.620618556701031
ATL,Atlanta,2025-06-04,June,Wednesday,967.0,967.0,0.6163391933815926,-9.0,23.0,713.0,13.133402275077561,5.063081695966908,10.527404343329886,0.0,0.0,4.273009307135471,0.10961737331954498,1.236814891416753,0.06928645294725956,3.562564632885212
ATL,Atlanta,2025-06-05,June,Thursday,1052.0,1044.0,-0.7183908045977011,-9.0,22.0,486.0,13.122605363984674,5.7940613026819925,10.296934865900383,0.7604562737642585,0.0,2.903992395437262,0.4439163498098859,1.3897338403041826,0.012357414448669201,3.33745247148289
ATL,Atlanta,2025-06-06,June,Friday,1057.0,1043.0,8.968360498561841,-8.0,49.0,594.0,21.188878235858102,15.570469798657719,9.012464046021092,1.3245033112582782,0.0,5.660359508041627,0.7634815515610217,2.6698202459791864,0.0,8.549668874172186
ATL,Atlanta,2025-06-07,June,Saturday,874.0,857.0,21.355892648774795,-5.0,110.19999999999993,753.0,30.688448074679116,24.998833138856476,10.483080513418903,0.5720823798627002,1.3729977116704806,6.9004576659038905,2.8421052631578947,11.649885583524027,0.0,6.9874141876430205
ATL,Atlanta,2025-06-08,June,Sunday,1068.0,1053.0,22.879392212725545,3.0,78.0,623.0,36.84710351377018,28.33903133903134,8.665716999050332,1.4044943820224718,0.0,11.074906367041198,0.7228464419475655,3.641385767790262,0.0,11.726591760299625
ATL,Atlanta,2025-06-09,June,Monday,1079.0,1071.0,25.027077497665733,4.0,76.0,887.0,38.00186741363212,28.973856209150327,9.952380952380953,0.7414272474513438,0.0,12.275254865616311,1.47451343836886,2.8303985171455053,0.0,12.099165894346617
ATL,Atlanta,2025-06-10,June,Tuesday,988.0,962.0,22.86070686070686,-2.0,82.89999999999998,1054.0,36.38253638253639,24.45218295218295,9.228690228690228,0.30364372469635625,2.327935222672065,8.505060728744938,1.23582995951417,6.092105263157895,0.02834008097165992,12.595141700404858
ATL,Atlanta,2025-06-11,June,Wednesday,983.0,978.0,1.4948875255623721,-13.0,35.30000000000007,765.0,15.848670756646216,11.151329243353784,7.930470347648262,0.40691759918616477,0.10172939979654119,6.168870803662259,0.6602238046795524,1.121057985757884,0.0,5.510681586978637
ATL,Atlanta,2025-06-12,June,Thursday,1077.0,1051.0,20.544243577545195,-3.0,88.0,651.0,32.25499524262607,19.564224548049477,13.514747859181732,1.1142061281337048,1.2999071494893222,5.488393686165274,1.9312906220984216,8.145775301764159,0.0,10.701021355617456
ATL,Atlanta,2025-06-13,June,Friday,1077.0,1049.0,20.71591992373689,0.0,78.0,822.0,32.030505243088655,21.188751191611058,10.430886558627265,1.9498607242339834,0.6499535747446611,6.576601671309192,2.167130919220056,6.343546889507892,0.03064066852367688,9.724233983286908
ATL,Atlanta,2025-06-14,June,Saturday,892.0,843.0,26.962040332147094,1.0,98.80000000000007,1111.0,35.231316725978644,25.814946619217082,10.594306049822064,1.905829596412556,3.587443946188341,8.516816143497758,2.515695067264574,10.447309417040358,0.0,8.522421524663677
ATL,Atlanta,2025-06-15,June,Sunday,1072.0,1024.0,23.609375,1.0,90.40000000000009,965.0,36.03515625,29.7294921875,9.869140625,4.477611940298507,0.0,8.313432835820896,1.3880597014925373,2.9328358208955225,0.018656716417910446,14.727611940298507
ATL,Atlanta,2025-06-16,June,Monday,1086.0,1066.0,16.091932457786115,-4.0,69.0,892.0,28.79924953095685,24.816135084427767,10.148217636022514,1.7495395948434622,0.09208103130755065,9.988029465930019,0.6703499079189686,1.522099447513812,0.0,10.771639042357274
ATL,Atlanta,2025-06-17,June,Tuesday,1001.0,988.0,28.535425101214575,-4.0,107.30000000000007,1118.0,34.51417004048583,34.0668016194332,9.82995951417004,0.4995004995004995,0.7992007992007992,8.793206793206792,2.1248751248751248,13.572427572427573,0.012987012987012988,10.637362637362637
ATL,Atlanta,2025-06-18,June,Wednesday,995.0,981.0,27.70948012232416,2.0,95.0,1386.0,37.308868501529055,30.518858307849133,9.049949031600407,0.9045226130653266,0.5025125628140703,7.584924623115578,3.091457286432161,7.046231155778894,0.012060301507537688,14.215075376884423
ATL,Atlanta,2025-06-19,June,Thursday,1085.0,1071.0,23.830065359477125,3.0,83.0,1037.0,36.04108309990663,28.685340802987863,9.642390289449112,1.2903225806451613,0.0,7.445161290322581,1.0451612903225806,5.409216589861751,0.003686635944700461,14.04700460829493
ATL,Atlanta,2025-06-20,June,Friday,1083.0,1054.0,7.232447817836812,-8.0,49.700000000000045,967.0,23.055028462998102,16.86337760910816,9.719165085388994,2.677746999076639,0.0,7.923361034164358,0.2012927054478301,1.765466297322253,0.0046168051708217915,5.924284395198523
ATL,Atlanta,2025-06-21,June,Saturday,897.0,887.0,3.7508455467869224,-9.0,33.0,644.0,17.81285231116122,12.19729425028185,11.313416009019166,0.4459308807134894,0.6688963210702341,6.190635451505017,0.3177257525083612,1.1237458193979932,0.0,5.15273132664437
ATL,Atlanta,2025-06-22,June,Sunday,1078.0,1062.0,5.795668549905838,-6.0,47.0,489.0,23.069679849340865,13.375706214689265,10.947269303201507,1.4842300556586272,0.0,4.9063079777365495,0.5816326530612245,2.00278293135436,0.015769944341372914,5.893320964749536
ATL,Atlanta,2025-06-23,June,Monday,1083.0,1079.0,3.2483781278962,-10.0,34.0,690.0,15.940685820203893,13.512511584800741,10.418906394810008,0.3693444136657433,0.0,6.701754385964913,0.21514312096029548,0.6592797783933518,0.0,5.535549399815328
ATL,Atlanta,2025-06-24,June,Tuesday,1001.0,1000.0,-1.36,-12.0,23.100000000000023,1104.0,12.6,8.235,8.815,0.0,0.0999000999000999,4.4235764235764234,0.6053946053946054,0.9020979020979021,0.0,4.125874125874126
ATL,Atlanta,2025-06-25,June,Wednesday,995.0,992.0,10.862903225806452,-7.0,55.0,905.0,22.782258064516128,15.065524193548388,10.39516129032258,0.20100502512562815,0.10050251256281408,7.108542713567839,1.3376884422110553,3.385929648241206,0.06432160804020101,7.458291457286432
ATL,Atlanta,2025-06-26,June,Thursday,1084.0,1065.0,20.263849765258215,-2.0,81.0,1104.0,31.549295774647888,22.141784037558686,10.419718309859155,1.2915129151291513,0.46125461254612543,7.4206642066420665,2.764760147601476,6.902214022140221,0.0,8.776752767527675
ATL,Atlanta,2025-06-27,June,Friday,1084.0,841.0,48.7871581450654,-1.0,141.0,1238.0,34.95838287752676,42.97740784780024,18.889417360285375,14.114391143911439,8.302583025830259,9.245387453874539,3.8837638376383765,22.555350553505534,0.0,6.877306273062731
ATL,Atlanta,2025-06-28,June,Saturday,890.0,578.0,65.76297577854672,28.5,177.30000000000007,1166.0,58.99653979238755,68.23702422145328,13.645328719723183,35.056179775280896,0.0,16.486516853932585,2.0191011235955054,4.584269662921348,0.011235955056179775,21.165168539325844
ATL,Atlanta,2025-06-29,June,Sunday,942.0,892.0,38.937219730941706,10.0,129.0,970.0,46.0762331838565,43.52354260089686,10.420403587443946,5.095541401273886,0.21231422505307856,15.016985138004246,1.127388535031847,4.201698513800425,0.0,20.290870488322717
ATL,Atlanta,2025-06-30,June,Monday,946.0,930.0,6.650537634408602,-7.0,42.10000000000002,786.0,21.50537634408602,13.450537634408603,9.298924731182796,1.6913319238900635,0.0,4.614164904862579,0.5190274841437632,3.3551797040169133,0.0,6.289640591966173
ATL,Atlanta,2025-07-01,July,Tuesday,913.0,861.0,15.946573751451801,-5.0,67.0,1332.0,31.010452961672474,16.96980255516841,10.963995354239257,4.928806133625411,0.7667031763417306,6.410733844468784,0.76013143483023,6.426067907995619,0.0,8.288061336254108
ATL,Atlanta,2025-07-02,July,Wednesday,903.0,899.0,1.860956618464961,-11.0,38.200000000000045,630.0,16.240266963292544,11.239154616240267,7.81868743047831,0.4429678848283499,0.0,5.2724252491694354,0.35658914728682173,1.7397563676633445,0.0,5.284606866002215
ATL,Atlanta,2025-07-03,July,Thursday,943.0,940.0,1.651063829787234,-13.0,31.0,819.0,15.851063829787234,11.009574468085106,8.976595744680852,0.3181336161187699,0.0,4.465535524920466,2.393425238600212,2.3700954400848357,0.0,4.752916224814422
ATL,Atlanta,2025-07-04,July,Friday,792.0,790.0,-6.8,-14.0,12.0,745.0,8.987341772151899,2.972151898734177,10.867088607594937,0.25252525252525254,0.0,3.5113636363636362,0.32323232323232326,0.9128787878787878,0.0,2.426767676767677
ATL,Atlanta,2025-07-05,July,Saturday,849.0,849.0,-4.5159010600706715,-14.0,19.0,572.0,10.954063604240282,6.498233215547703,9.750294464075383,0.0,0.0,4.971731448763251,0.28150765606595995,0.6702002355712603,0.0,2.906949352179034
ATL,Atlanta,2025-07-06,July,Sunday,1076.0,1074.0,1.3789571694599627,-8.5,32.700000000000045,463.0,16.75977653631285,10.053072625698324,10.21508379888268,0.09293680297397769,0.09293680297397769,3.83364312267658,0.4507434944237918,1.1105947955390334,0.07063197026022305,5.132899628252788
ATL,Atlanta,2025-07-07,July,Monday,1083.0,1079.0,3.397590361445783,-11.0,33.0,1109.0,17.701575532900833,12.750695088044486,9.293790546802596,0.3693444136657433,0.0,5.198522622345337,0.9362880886426593,1.5272391505078486,0.0009233610341643582,6.291782086795937
ATL,Atlanta,2025-07-08,July,Tuesday,994.0,984.0,4.228658536585366,-12.0,39.700000000000045,547.0,16.056910569105693,12.876016260162602,7.890243902439025,0.9054325955734407,0.1006036217303823,5.370221327967807,1.852112676056338,2.0181086519114686,0.0,5.709255533199195
ATL,Atlanta,2025-07-09,July,Wednesday,984.0,969.0,16.400412796697626,-7.0,76.0,825.0,25.79979360165119,22.307533539731683,9.751289989680082,0.9146341463414633,0.6097560975609756,9.091463414634147,0.9278455284552846,3.559959349593496,0.042682926829268296,10.518292682926829
ATL,Atlanta,2025-07-10,July,Thursday,1074.0,1065.0,18.56338028169014,-3.0,70.80000000000007,1076.0,30.422535211267604,24.87042253521127,8.507981220657276,0.74487895716946,0.0931098696461825,10.670391061452515,1.6666666666666667,3.1098696461824953,0.0,9.056797020484172
ATL,Atlanta,2025-07-11,July,Friday,1075.0,1030.0,38.353398058252424,3.0,123.0,1124.0,41.359223300970875,36.679611650485434,13.539805825242718,1.5813953488372092,2.604651162790698,13.466976744186047,2.4427906976744187,11.483720930232558,0.0,14.188837209302326
ATL,Atlanta,2025-07-12,July,Saturday,894.0,848.0,22.732311320754718,-1.0,74.0,1093.0,30.306603773584907,30.11556603773585,9.299528301886792,5.1454138702460845,0.0,11.006711409395972,3.6767337807606264,2.6431767337807606,0.0,9.685682326621924
ATL,Atlanta,2025-07-13,July,Sunday,1073.0,1044.0,23.183908045977013,-2.0,93.0,969.0,34.2911877394636,30.660919540229884,9.171455938697317,2.7027027027027026,0.0,11.353215284249767,0.5992544268406338,3.2861136999068035,0.015843429636533086,13.2022367194781
ATL,Atlanta,2025-07-14,July,Monday,1076.0,1031.0,18.58874878758487,-4.0,88.0,726.0,27.934044616876818,27.242483026188168,9.645974781765277,4.182156133828997,0.0,7.881040892193308,2.324349442379182,3.58271375464684,0.0,10.767657992565056
ATL,Atlanta,2025-07-15,July,Tuesday,992.0,971.0,14.423274974253347,-4.0,62.0,1021.0,26.261585993820802,20.88053553038105,10.424304840370752,2.1169354838709675,0.0,8.681451612903226,1.4334677419354838,2.221774193548387,0.0,8.525201612903226
ATL,Atlanta,2025-07-16,July,Wednesday,986.0,976.0,10.081967213114755,-7.0,44.5,1025.0,20.799180327868854,16.89344262295082,10.032786885245901,0.9127789046653144,0.10141987829614604,8.64604462474645,1.3235294117647058,1.7241379310344827,0.0,6.278904665314402
ATL,Atlanta,2025-07-17,July,Thursday,1073.0,1058.0,4.868620037807183,-8.0,37.30000000000007,1183.0,19.848771266540645,13.281663516068052,9.551984877126655,1.3979496738117427,0.0,6.645852749301025,0.3849021435228332,1.7232059645852749,0.0,4.899347623485554
ATL,Atlanta,2025-07-18,July,Friday,1074.0,1064.0,14.492481203007518,-4.0,61.0,1271.0,28.007518796992482,18.513157894736842,10.716165413533835,0.4655493482309125,0.4655493482309125,6.529795158286778,0.6880819366852886,4.823091247672253,0.0,8.8975791433892
ATL,Atlanta,2025-07-19,July,Saturday,892.0,889.0,4.587176602924634,-6.0,38.200000000000045,382.0,18.785151856017997,10.561304836895388,9.53880764904387,0.336322869955157,0.0,4.673766816143497,0.25672645739910316,1.8060538116591929,0.0,5.477578475336323
ATL,Atlanta,2025-07-20,July,Sunday,1073.0,1069.0,3.431244153414406,-8.0,33.0,827.0,18.6155285313377,11.75958840037418,9.318989710009355,0.3727865796831314,0.0,4.422180801491146,0.5256290773532153,1.3494874184529357,0.0,5.6691519105312205
ATL,Atlanta,2025-07-21,July,Monday,1076.0,1047.0,36.61986628462273,11.0,111.0,1068.0,46.99140401146132,39.644699140401144,10.720152817574021,0.37174721189591076,2.323420074349442,9.934014869888475,2.179368029739777,6.549256505576208,0.0,21.07806691449814
ATL,Atlanta,2025-07-22,July,Tuesday,993.0,990.0,11.277777777777779,-10.0,68.10000000000002,682.0,21.21212121212121,20.078787878787878,8.511111111111111,0.2014098690835851,0.10070493454179255,7.713997985901309,0.8710976837865055,2.7865055387714,0.10070493454179255,10.105740181268882
ATL,Atlanta,2025-07-23,July,Wednesday,987.0,986.0,2.7849898580121706,-8.0,36.5,474.0,18.864097363083165,10.288032454361055,9.81947261663286,0.10131712259371835,0.0,5.135764944275582,0.23708206686930092,1.3748733535967579,0.0,4.655521783181357
ATL,Atlanta,2025-07-24,July,Thursday,1075.0,1074.0,3.7737430167597767,-9.0,28.0,1048.0,16.85288640595903,10.203910614525139,10.65828677839851,0.09302325581395349,0.0,6.333953488372093,0.8093023255813954,1.4706976744186047,0.0,4.333023255813954
ATL,Atlanta,2025-07-25,July,Friday,1077.0,1068.0,7.086142322097379,-10.0,50.400000000000546,372.0,20.037453183520597,15.92134831460674,8.817415730337078,0.8356545961002786,0.0,5.077065923862581,0.9498607242339833,2.3119777158774375,0.0,8.409470752089137
ATL,Atlanta,2025-07-26,July,Saturday,893.0,886.0,2.3284424379232505,-9.0,34.5,714.0,17.945823927765236,12.275395033860045,9.146726862302483,0.6718924972004479,0.11198208286674133,5.601343784994401,0.2038073908174692,0.8006718924972005,0.0,5.167973124300112
ATL,Atlanta,2025-07-27,July,Sunday,1073.0,1044.0,13.431034482758621,-7.0,67.70000000000005,982.0,23.946360153256705,21.313218390804597,10.82183908045977,2.60950605778192,0.09319664492078285,9.037278657968313,1.1733457595526562,2.805219012115564,0.0,8.272134203168687
ATL,Atlanta,2025-07-28,July,Monday,1075.0,1053.0,14.1329534662868,-5.0,61.80000000000007,1080.0,27.255460588793923,22.156695156695157,10.47008547008547,1.9534883720930232,0.09302325581395349,6.049302325581396,1.9572093023255814,3.387906976744186,0.020465116279069766,9.829767441860465
ATL,Atlanta,2025-07-29,July,Tuesday,990.0,969.0,8.938080495356036,-9.0,54.0,1032.0,23.01341589267286,13.488132094943241,9.918472652218782,0.30303030303030304,1.8181818181818181,5.4787878787878785,1.0525252525252524,4.313131313131313,0.0,7.037373737373738
ATL,Atlanta,2025-07-30,July,Wednesday,987.0,986.0,2.135902636916836,-9.0,28.5,859.0,15.212981744421908,9.129817444219068,9.54158215010142,0.10131712259371835,0.0,5.09726443768997,0.767983789260385,1.32016210739615,0.04660587639311044,3.7710233029381968
ATL,Atlanta,2025-07-31,July,Thursday,1074.0,963.0,40.939771547248185,-4.0,161.80000000000007,970.0,35.92938733125649,39.3582554517134,14.994807892004154,5.772811918063315,4.562383612662942,10.641527001862197,3.792364990689013,13.895716945996275,0.0,14.770018621973929
ATL,Atlanta,2025-08-01,August,Friday,1077.0,895.0,33.022346368715084,10.0,108.0,899.0,46.03351955307263,40.07486033519553,10.921787709497206,16.80594243268338,0.09285051067780872,9.973073351903436,2.1754874651810585,2.5998142989786444,0.0,15.19870009285051
ATL,Atlanta,2025-08-02,August,Saturday,889.0,842.0,14.216152019002376,-3.0,56.0,950.0,26.60332541567696,20.7458432304038,10.403800475059382,5.174353205849269,0.11248593925759282,10.472440944881889,1.5894263217097864,2.159730033745782,0.0,5.451068616422947
ATL,Atlanta,2025-08-03,August,Sunday,1074.0,1053.0,12.959164292497626,0.0,60.80000000000007,393.0,29.914529914529915,16.84710351377018,11.432098765432098,1.86219739292365,0.0931098696461825,5.235567970204841,0.6554934823091247,2.310055865921788,0.0,9.339851024208565
ATL,Atlanta,2025-08-04,August,Monday,1069.0,1065.0,4.011267605633803,-6.0,38.60000000000002,544.0,18.12206572769953,9.056338028169014,11.79906103286385,0.37418147801683815,0.0,3.6398503274087934,0.8652946679139383,1.64733395696913,0.06735266604303088,5.233863423760524
ATL,Atlanta,2025-08-05,August,Tuesday,976.0,976.0,-3.1649590163934427,-10.0,19.0,368.0,11.577868852459016,3.908811475409836,10.102459016393443,0.0,0.0,3.8084016393442623,0.4702868852459016,0.7520491803278688,0.0,2.548155737704918
ATL,Atlanta,2025-08-06,August,Wednesday,966.0,965.0,-5.090155440414508,-11.0,13.600000000000023,368.0,9.637305699481866,3.6797927461139897,9.528497409326425,0.10351966873706005,0.0,3.883022774327122,0.14492753623188406,0.7898550724637681,0.0,1.6024844720496894
ATL,Atlanta,2025-08-07,August,Thursday,1063.0,1061.0,-0.043355325164938736,-10.0,22.0,996.0,12.441093308199811,8.151743638077285,10.258246936852027,0.18814675446848542,0.0,4.827845719661336,0.16086547507055504,0.8080903104421449,0.0,4.497648165569144
ATL,Atlanta,2025-08-08,August,Friday,1062.0,1060.0,-2.271698113207547,-11.0,18.100000000000023,722.0,10.754716981132075,6.263207547169811,10.03679245283019,0.18832391713747645,0.0,4.373822975517891,0.10734463276836158,0.7335216572504708,0.0,3.1544256120527305
ATL,Atlanta,2025-08-09,August,Saturday,873.0,872.0,1.985091743119266,-10.0,28.899999999999977,1196.0,13.990825688073393,10.645642201834862,9.637614678899082,0.11454753722794961,0.0,6.105383734249713,1.7628865979381443,0.9335624284077892,0.0,3.9679266895761742
ATL,Atlanta,2025-08-10,August,Sunday,1057.0,1052.0,3.848859315589354,-7.0,34.89999999999998,519.0,15.96958174904943,9.847908745247148,10.377376425855513,0.47303689687795647,0.0,4.97918637653737,0.02838221381267739,1.4512771996215705,0.0,4.912961210974456
ATL,Atlanta,2025-08-11,August,Monday,1032.0,1029.0,0.7162293488824101,-8.0,24.0,885.0,13.508260447035958,7.784256559766764,10.304178814382896,0.29069767441860467,0.0,4.198643410852713,0.2248062015503876,0.9011627906976745,0.0,4.311046511627907
ATL,Atlanta,2025-08-12,August,Tuesday,936.0,934.0,-3.0792291220556747,-11.0,15.0,791.0,10.492505353319057,3.341541755888651,9.270877944325482,0.2136752136752137,0.0,2.5811965811965814,1.2382478632478633,0.9668803418803419,0.0,2.877136752136752
ATL,Atlanta,2025-08-13,August,Wednesday,928.0,919.0,3.779107725788901,-10.0,40.200000000000045,721.0,19.042437431991292,10.643090315560391,8.11207834602829,0.8620689655172413,0.10775862068965517,4.279094827586207,0.7112068965517241,3.726293103448276,0.0,4.530172413793103
ATL,Atlanta,2025-08-14,August,Thursday,1029.0,1027.0,4.1460564751704,-11.0,37.39999999999998,1104.0,17.039922103213243,13.597857838364167,8.412852969814995,0.1943634596695821,0.0,6.737609329446064,0.19144800777453838,2.1477162293488825,0.0369290573372206,5.485908649173956
ATL,Atlanta,2025-08-15,August,Friday,1031.0,992.0,17.887096774193548,-7.0,81.0,1051.0,29.939516129032256,20.451612903225808,12.340725806451612,0.2909796314258002,3.4917555771096023,9.223084384093113,2.099903006789525,7.425800193986421,0.0,6.709990300678952
ATL,Atlanta,2025-08-16,August,Saturday,846.0,839.0,-2.1168057210965436,-12.0,31.0,325.0,15.01787842669845,8.33015494636472,9.558998808104887,0.7092198581560284,0.1182033096926714,4.735224586288416,0.5614657210401891,0.7541371158392435,0.001182033096926714,3.6252955082742315
ATL,Atlanta,2025-08-17,August,Sunday,1027.0,1021.0,5.098922624877571,-9.0,34.0,1020.0,17.140058765915768,12.796278158667972,10.605288932419198,0.5842259006815969,0.0,5.9610516066212265,0.6153846153846154,2.4040895813047714,0.02531645569620253,5.287244401168452
ATL,Atlanta,2025-08-18,August,Monday,1026.0,1019.0,9.181550539744848,-9.0,38.200000000000045,1114.0,19.528949950932287,17.345436702649657,9.813542688910697,0.5847953216374269,0.09746588693957114,6.618908382066277,0.9405458089668616,2.3089668615984404,0.0,8.306042884990253
ATL,Atlanta,2025-08-19,August,Tuesday,916.0,885.0,33.012429378531074,0.0,122.0,968.0,39.09604519774012,34.35819209039548,11.613559322033899,0.10917030567685589,3.2751091703056767,7.973799126637554,5.11353711790393,13.110262008733624,0.0,12.197598253275109
ATL,Atlanta,2025-08-20,August,Wednesday,922.0,867.0,8.073817762399077,-9.0,57.0,446.0,20.9919261822376,13.07266435986159,10.014994232987313,0.0,5.965292841648591,6.198481561822126,1.5770065075921909,3.428416485900217,0.0,4.644251626898048
ATL,Atlanta,2025-08-21,August,Thursday,1028.0,1022.0,6.580234833659492,-8.0,38.0,840.0,21.91780821917808,13.10958904109589,10.58610567514677,0.48638132295719844,0.09727626459143969,4.707198443579767,1.0204280155642023,1.8521400778210118,0.0,7.075875486381323
ATL,Atlanta,2025-08-22,August,Friday,1038.0,1037.0,3.333654773384764,-8.0,38.39999999999998,791.0,17.83992285438766,8.313404050144648,11.092574734811958,0.09633911368015415,0.0,3.9826589595375723,0.8073217726396917,2.3015414258188827,0.0,4.992292870905588
ATL,Atlanta,2025-08-23,August,Saturday,842.0,840.0,3.6726190476190474,-8.0,37.0,607.0,20.0,7.305952380952381,10.084523809523809,0.23752969121140144,0.0,3.9703087885985746,0.9536817102137767,3.332541567695962,0.0,4.0700712589073635
ATL,Atlanta,2025-08-24,August,Sunday,1030.0,1029.0,-1.9164237123420798,-12.0,29.200000000000045,442.0,13.702623906705538,7.158406219630709,9.86103012633625,0.0970873786407767,0.0,4.388349514563107,0.1825242718446602,1.4514563106796117,0.19514563106796118,3.6902912621359225
ATL,Atlanta,2025-08-25,August,Monday,926.0,924.0,-8.483766233766234,-15.0,9.0,1091.0,7.900432900432901,3.369047619047619,8.733766233766234,0.21598272138228944,0.0,3.8250539956803458,0.0550755939524838,0.43628509719222464,0.0,1.7375809935205184
ATL,Atlanta,2025-08-26,August,Tuesday,861.0,860.0,-13.682558139534883,-19.0,3.0,598.0,5.348837209302325,-0.7372093023255814,7.537209302325581,0.11614401858304298,0.0,2.4854819976771196,0.0859465737514518,0.31823461091753774,0.0,0.89198606271777
ATL,Atlanta,2025-08-27,August,Wednesday,866.0,866.0,-13.165127020785219,-18.0,1.0,1008.0,4.965357967667437,0.3163972286374134,9.019630484988452,0.0,0.0,2.5912240184757507,0.1674364896073903,0.16628175519630484,0.0,0.7886836027713626
ATL,Atlanta,2025-08-28,August,Thursday,922.0,920.0,-7.127173913043478,-13.0,9.0,867.0,7.608695652173914,4.484782608695652,9.067391304347826,0.21691973969631237,0.0,2.839479392624729,0.5097613882863341,0.2245119305856833,0.0,2.4945770065075923
ATL,Atlanta,2025-08-29,August,Friday,937.0,936.0,-4.717948717948718,-12.5,22.0,583.0,12.286324786324785,5.398504273504273,10.503205128205128,0.10672358591248667,0.0,3.967982924226254,0.33938100320170755,1.023479188900747,0.02454642475987193,2.0789754535752403
ATL,Atlanta,2025-08-30,August,Saturday,821.0,820.0,-6.959756097560976,-16.0,10.0,1089.0,8.658536585365853,5.1865853658536585,9.37560975609756,0.12180267965895249,0.0,5.019488428745432,0.5529841656516443,0.6650426309378806,0.0,2.171741778319123
ATL,Atlanta,2025-08-31,August,Sunday,847.0,842.0,-8.836104513064132,-15.5,14.0,319.0,9.619952494061758,3.366983372921615,10.016627078384799,0.5903187721369539,0.0,2.6812278630460447,0.6351829988193625,0.7072018890200709,0.0,2.345926800472255
ATL,Atlanta,2025-09-01,September,Monday,919.0,917.0,-11.00218102508179,-15.0,6.0,350.0,6.761177753544166,0.7535441657579062,10.117775354416576,0.1088139281828074,0.1088139281828074,1.7366702937976062,0.04026115342763874,0.39934711643090315,0.0,1.8487486398258977
ATL,Atlanta,2025-09-02,September,Tuesday,840.0,840.0,-9.128571428571428,-17.0,1.0,847.0,5.714285714285714,3.5416666666666665,8.729761904761904,0.0,0.0,5.576190476190476,0.03214285714285714,0.24761904761904763,0.0,0.9976190476190476
ATL,Atlanta,2025-09-03,September,Wednesday,844.0,844.0,-13.813981042654028,-18.0,0.0,896.0,4.383886255924171,-1.4786729857819905,8.688388625592417,0.0,0.0,2.050947867298578,0.20971563981042654,0.19786729857819904,0.0,0.933649289099526
ATL,Atlanta,2025-09-04,September,Thursday,890.0,887.0,-6.908680947012401,-17.0,8.0,692.0,8.117249154453212,3.0270574971815107,8.191657271702368,0.33707865168539325,0.0,3.795505617977528,0.048314606741573035,2.5853932584269663,0.0,2.459550561797753
ATL,Atlanta,2025-09-05,September,Friday,898.0,897.0,-8.61984392419175,-16.0,11.0,412.0,8.58416945373467,3.7525083612040135,8.528428093645484,0.11135857461024498,0.0,2.3418708240534523,0.07238307349665925,0.9387527839643652,0.14810690423162584,2.507795100222717
ATL,Atlanta,2025-09-06,September,Saturday,812.0,810.0,3.580246913580247,-10.0,28.0,963.0,16.666666666666664,9.623456790123457,8.14567901234568,0.24630541871921183,0.0,6.062807881773399,0.5714285714285714,3.1822660098522166,0.0,4.146551724137931
ATL,Atlanta,2025-09-07,September,Sunday,919.0,919.0,-7.128400435255712,-14.0,14.200000000000045,291.0,10.01088139281828,4.8443960826985855,8.147986942328618,0.0,0.0,2.924918389553863,0.15669205658324264,1.1001088139281827,0.0,2.305767138193689
ATL,Atlanta,2025-09-08,September,Monday,919.0,917.0,-5.303162486368593,-13.0,11.399999999999977,954.0,9.051254089422029,4.063249727371865,9.898582333696838,0.0,0.2176278563656148,2.455930359085963,1.2829162132752991,0.7529923830250272,0.0,2.9782372143634386
ATL,Atlanta,2025-09-09,September,Tuesday,854.0,853.0,-9.229777256740915,-14.0,6.0,319.0,6.565064478311841,0.023446658851113716,9.098475967174677,0.117096018735363,0.0,2.996487119437939,0.026932084309133488,0.43559718969555034,0.0,1.3360655737704918
ATL,Atlanta,2025-09-10,September,Wednesday,857.0,857.0,-8.522753792298717,-15.0,6.0,928.0,5.834305717619603,2.385064177362894,8.436406067677947,0.0,0.0,3.7736289381563592,0.27537922987164526,0.4235705950991832,0.0,1.4469078179696615
ATL,Atlanta,2025-09-11,September,Thursday,1040.0,1040.0,-4.599038461538462,-12.0,12.0,1056.0,8.75,3.230769230769231,10.419230769230769,0.0,0.0,3.253846153846154,0.2586538461538462,0.5086538461538461,0.0,2.5067307692307694
ATL,Atlanta,2025-09-12,September,Friday,1042.0,1039.0,-6.4138594802694895,-12.0,12.0,534.0,8.950914340712224,3.084696823869105,10.39172281039461,0.09596928982725528,0.19193857965451055,3.291746641074856,0.19865642994241842,0.4165067178502879,0.0,1.4395393474088292
ATL,Atlanta,2025-09-13,September,Saturday,826.0,825.0,-7.286060606060606,-15.0,9.0,543.0,8.848484848484848,3.256969696969697,9.591515151515152,0.0,0.12106537530266344,2.953995157384988,0.5278450363196125,0.5351089588377724,0.0,2.9612590799031477
ATL,Atlanta,2025-09-14,September,Sunday,1034.0,1034.0,-3.503868471953578,-12.0,14.0,980.0,9.671179883945841,4.861702127659575,10.704061895551257,0.0,0.0,3.541586073500967,0.13636363636363635,0.5464216634429401,0.0,3.001934235976789
ATL,Atlanta,2025-09-15,September,Monday,1038.0,1037.0,-7.379942140790742,-13.0,10.0,483.0,8.19672131147541,2.53519768563163,9.53616200578592,0.09633911368015415,0.0,2.7003853564547207,0.028901734104046242,0.1811175337186898,0.18208092485549132,1.8795761078998072
ATL,Atlanta,2025-09-16,September,Tuesday,916.0,915.0,-10.101639344262296,-15.0,5.0,392.0,6.448087431693988,-0.44371584699453553,8.483060109289617,0.0,0.10917030567685589,1.0502183406113537,0.22816593886462883,0.29475982532751094,0.0,1.915938864628821
ATL,Atlanta,2025-09-17,September,Wednesday,923.0,923.0,-4.512459371614301,-13.0,13.0,1014.0,9.317443120260021,4.7486457204767065,8.008667388949078,0.0,0.0,3.488624052004334,0.9176598049837487,1.0736728060671723,0.0,2.6208017334777898
ATL,Atlanta,2025-09-18,September,Thursday,1040.0,1040.0,-2.6701923076923078,-12.0,23.0,597.0,13.173076923076923,7.315384615384615,8.680769230769231,0.0,0.0,3.0932692307692307,0.5211538461538462,0.7807692307692308,0.0,3.851923076923077
ATL,Atlanta,2025-09-19,September,Friday,1042.0,1038.0,-4.264932562620424,-12.0,17.0,321.0,10.69364161849711,5.2755298651252405,9.64354527938343,0.28790786948176583,0.09596928982725528,2.4001919385796544,0.09692898272552783,1.3186180422264875,0.0,2.976007677543186
ATL,Atlanta,2025-09-20,September,Saturday,827.0,824.0,-4.989077669902913,-13.0,12.0,732.0,9.101941747572816,3.7014563106796117,9.466019417475728,0.36275695284159615,0.0,3.8137847642079805,0.08464328899637243,0.49818621523579204,0.0,2.7339782345828296
ATL,Atlanta,2025-09-21,September,Sunday,1032.0,1031.0,2.8351115421920468,-8.0,28.0,655.0,16.779825412221143,9.824442289039768,10.535402521823473,0.09689922480620156,0.0,4.0765503875969,0.6637596899224806,1.1162790697674418,0.0,5.236434108527132
ATL,Atlanta,2025-09-22,September,Monday,1040.0,1040.0,-1.3865384615384615,-10.0,24.0,630.0,13.365384615384615,6.065384615384615,10.256730769230769,0.0,0.0,4.005769230769231,0.23173076923076924,0.8298076923076924,0.0,3.3778846153846156
ATL,Atlanta,2025-09-23,September,Tuesday,918.0,918.0,-4.761437908496732,-11.0,12.0,661.0,8.061002178649238,1.2047930283224402,10.564270152505447,0.0,0.0,3.3769063180827885,0.3333333333333333,0.7766884531590414,0.0,1.3333333333333333
ATL,Atlanta,2025-09-24,September,Wednesday,923.0,922.0,-3.1670281995661607,-12.0,20.799999999999955,417.0,12.147505422993492,4.893709327548807,7.901301518438178,0.10834236186348861,0.0,3.697724810400867,0.11159263271939328,0.771397616468039,0.0,3.42795232936078
ATL,Atlanta,2025-09-25,September,Thursday,1039.0,1037.0,6.922854387656702,-4.0,37.0,1071.0,19.18997107039537,11.279652844744454,8.267116682738669,0.192492781520693,0.0,5.383060635226179,0.2685274302213667,1.641963426371511,0.03464870067372473,5.220404234841194
ATL,Atlanta,2025-09-26,September,Friday,1037.0,1037.0,3.297010607521697,-7.0,27.399999999999977,612.0,14.657666345226616,8.459980713596915,9.375120540019287,0.0,0.0,4.445515911282546,0.7454194792671167,1.437801350048216,0.0,4.006750241080039
ATL,Atlanta,2025-09-27,September,Saturday,825.0,824.0,-4.805825242718447,-12.0,15.700000000000045,757.0,10.679611650485436,3.8264563106796117,7.690533980582524,0.0,0.12121212121212122,4.168484848484849,0.03878787878787879,0.4496969696969697,0.0,1.9721212121212122
ATL,Atlanta,2025-09-28,September,Sunday,1031.0,1030.0,-3.20873786407767,-11.0,13.0,1147.0,8.83495145631068,5.28252427184466,9.941747572815533,0.0,0.09699321047526674,3.8438409311348205,0.2376333656644035,0.3879728419010669,0.0,2.8409311348205626
ATL,Atlanta,2025-09-29,September,Monday,1038.0,1038.0,-3.775529865125241,-12.0,14.0,1110.0,9.922928709055876,3.868015414258189,9.736030828516377,0.0,0.0,3.884393063583815,0.12716763005780346,0.5529865125240848,0.0,2.569364161849711
ATL,Atlanta,2025-09-30,September,Tuesday,917.0,916.0,-10.146288209606986,-15.0,2.0,537.0,4.366812227074235,-1.1277292576419213,8.381004366812228,0.10905125408942204,0.0,2.529989094874591,0.09378407851690294,0.07633587786259542,0.0,0.8495092693565977
ATL,Atlanta,2025-10-01,October,Wednesday,924.0,923.0,-7.00216684723727,-15.0,5.0,789.0,6.717226435536294,3.217768147345612,9.08234019501625,0.10822510822510822,0.0,5.6731601731601735,0.0,0.2803030303030303,0.0,1.0725108225108224
ATL,Atlanta,2025-10-02,October,Thursday,1038.0,1037.0,-4.745419479267117,-12.0,11.0,597.0,8.96817743490839,3.1562198649951783,9.785920925747348,0.09633911368015415,0.0,3.1560693641618496,0.5240847784200385,0.3892100192678227,0.0,2.320809248554913
ATL,Atlanta,2025-10-03,October,Friday,1043.0,1042.0,-7.917466410748561,-12.0,7.0,353.0,6.525911708253358,-0.6285988483685221,10.888675623800383,0.0,0.09587727708533077,1.7372962607861937,0.0,0.28859060402684567,0.0,1.2147651006711409
ATL,Atlanta,2025-10-04,October,Saturday,826.0,825.0,-6.654545454545454,-13.0,10.0,426.0,8.242424242424242,1.2278787878787878,9.767272727272728,0.0,0.12106537530266344,3.2663438256658597,0.15980629539951574,0.5230024213075061,0.0,1.8292978208232447
ATL,Atlanta,2025-10-05,October,Sunday,1034.0,1034.0,1.5764023210831721,-6.0,22.0,653.0,14.313346228239846,5.787234042553192,11.217601547388782,0.0,0.0,3.5667311411992264,0.15570599613152805,1.1015473887814313,0.0,3.3210831721470018
ATL,Atlanta,2025-10-06,October,Monday,1048.0,1047.0,2.3829990448901626,-9.0,23.399999999999977,1024.0,14.708691499522445,7.9388729703915955,10.396370582617001,0.0,0.09541984732824427,4.770992366412214,0.28435114503816794,1.0515267175572518,0.0,5.086832061068702
ATL,Atlanta,2025-10-07,October,Tuesday,943.0,943.0,-1.951219512195122,-9.0,16.0,414.0,10.922587486744433,2.775185577942736,10.74337221633086,0.0,0.0,2.922587486744433,0.20572640509013787,0.8059384941675504,0.0,2.8292682926829267
ATL,Atlanta,2025-10-08,October,Wednesday,949.0,949.0,-0.3203371970495258,-9.0,21.200000000000045,500.0,13.066385669125394,6.19072708113804,10.836670179135933,0.0,0.0,4.94204425711275,0.032665964172813484,0.9620653319283456,0.0,3.012644889357218
ATL,Atlanta,2025-10-09,October,Thursday,1051.0,1050.0,1.8466666666666667,-7.0,25.0,551.0,14.761904761904763,7.023809523809524,10.66095238095238,0.0,0.09514747859181732,3.268315889628925,0.5413891531874405,1.4424357754519506,0.0,4.36441484300666
ATL,Atlanta,2025-10-10,October,Friday,1041.0,1003.0,5.773678963110668,-6.0,43.0,532.0,23.42971086739781,9.793619142572282,11.317048853439681,0.19212295869356388,3.45821325648415,2.217098943323727,0.19596541786743515,4.259365994236311,0.0,5.8607108549471665
ATL,Atlanta,2025-10-11,October,Saturday,850.0,847.0,1.9067296340023612,-11.0,32.39999999999998,1099.0,14.403778040141676,10.086186540731996,10.225501770956317,0.35294117647058826,0.0,6.424705882352941,0.35058823529411764,1.1705882352941177,0.0,4.165882352941177
ATL,Atlanta,2025-10-12,October,Sunday,1045.0,1037.0,0.845708775313404,-11.0,29.0,1222.0,16.682738669238187,11.62198649951784,9.005785920925748,0.6698564593301436,0.09569377990430622,5.616267942583732,0.20574162679425836,0.8526315789473684,0.0,4.712918660287081
ATL,Atlanta,2025-10-13,October,Monday,1049.0,1047.0,-1.396370582617001,-13.0,26.0,827.0,13.944603629417381,10.18624641833811,9.194842406876791,0.19065776930409914,0.0,2.4604385128693993,0.08484270734032412,1.4995233555767398,0.005719733079122974,6.640610104861773
ATL,Atlanta,2025-10-14,October,Tuesday,947.0,946.0,-2.507399577167019,-13.0,16.0,692.0,10.465116279069768,8.378435517970402,8.775898520084567,0.0,0.10559662090813093,6.022175290390708,0.10770855332629356,1.160506863780359,0.0,2.7972544878563887
ATL,Atlanta,2025-10-15,October,Wednesday,950.0,950.0,-9.178947368421053,-15.0,9.0,305.0,7.684210526315789,1.1757894736842105,8.466315789473684,0.0,0.0,1.5589473684210526,0.0968421052631579,0.3021052631578947,0.08526315789473685,2.06
ATL,Atlanta,2025-10-16,October,Thursday,1052.0,1052.0,-7.226235741444867,-13.0,9.0,341.0,8.26996197718631,1.6150190114068441,10.053231939163497,0.0,0.0,2.081749049429658,0.14068441064638784,0.470532319391635,0.0,1.755703422053232
ATL,Atlanta,2025-10-17,October,Friday,1049.0,1048.0,-4.855916030534351,-13.0,12.0,734.0,9.16030534351145,5.0791984732824424,9.687022900763358,0.0,0.09532888465204957,4.069590085795996,0.05910390848427073,0.438512869399428,0.0,2.8646329837940896
ATL,Atlanta,2025-10-18,October,Saturday,848.0,846.0,0.3557919621749409,-11.0,29.0,543.0,15.957446808510639,8.34869976359338,8.495271867612294,0.1179245283018868,0.1179245283018868,4.584905660377358,0.4044811320754717,1.6120283018867925,0.07193396226415094,4.46933962264151
ATL,Atlanta,2025-10-19,October,Sunday,1043.0,1042.0,4.227447216890595,-5.0,31.899999999999977,342.0,19.865642994241842,10.00383877159309,8.625719769673704,0.0,0.09587727708533077,3.084372003835091,0.14477468839884947,1.7651006711409396,0.13231064237775647,5.6788111217641415
ATL,Atlanta,2025-10-20,October,Monday,1048.0,1047.0,5.065902578796561,-7.0,40.0,904.0,19.38872970391595,15.154727793696274,9.815663801337154,0.09541984732824427,0.0,6.599236641221374,0.1183206106870229,0.7108778625954199,0.0,5.544847328244275
ATL,Atlanta,2025-10-21,October,Tuesday,944.0,944.0,-8.183262711864407,-14.0,9.0,356.0,7.838983050847458,1.8665254237288136,7.751059322033898,0.0,0.0,2.7171610169491527,0.0,0.2542372881355932,0.07097457627118645,1.7754237288135593
ATL,Atlanta,2025-10-22,October,Wednesday,949.0,947.0,-10.97571277719113,-15.0,4.0,328.0,5.913410770855332,0.18268215417106654,7.74234424498416,0.21074815595363539,0.0,2.136986301369863,0.01685985247629083,0.3582718651211802,0.0,0.8472075869336143
ATL,Atlanta,2025-10-23,October,Thursday,1050.0,1048.0,-4.252862595419847,-12.0,15.0,1194.0,10.209923664122138,5.604007633587786,8.312977099236642,0.09523809523809523,0.09523809523809523,4.717142857142857,0.02095238095238095,0.3495238095238095,0.0,2.0076190476190474
ATL,Atlanta,2025-10-24,October,Friday,1044.0,1042.0,-2.5383877159309023,-11.0,20.899999999999977,644.0,12.476007677543185,5.953934740882917,8.611324376199617,0.19157088122605362,0.0,2.9377394636015324,0.6542145593869731,0.8132183908045977,0.0,3.2471264367816093
ATL,Atlanta,2025-10-25,October,Saturday,850.0,849.0,-1.3686690223792697,-10.0,22.0,531.0,13.30977620730271,4.471142520612485,9.435806831566548,0.1176470588235294,0.0,3.315294117647059,0.10235294117647059,1.1070588235294119,0.03529411764705882,3.8705882352941177
ATL,Atlanta,2025-10-26,October,Sunday,1035.0,1034.0,9.236943907156673,-3.0,44.0,580.0,23.500967117988395,9.329787234042554,10.452611218568665,0.0,0.0966183574879227,5.04927536231884,0.2038647342995169,3.442512077294686,0.0,5.572946859903381
ATL,Atlanta,2025-10-27,October,Monday,1037.0,1032.0,22.1531007751938,6.0,66.89999999999998,1036.0,37.01550387596899,19.108527131782946,11.998062015503876,0.28929604628736744,0.19286403085824494,5.168756027000964,1.4435872709739634,6.072324011571842,0.0,12.097396335583413
ATL,Atlanta,2025-10-28,October,Tuesday,865.0,865.0,0.776878612716763,-7.0,19.600000000000023,852.0,12.716763005780345,3.9722543352601156,9.95606936416185,0.0,0.0,3.684393063583815,0.023121387283236993,1.6878612716763006,0.0,2.685549132947977
ATL,Atlanta,2025-10-29,October,Wednesday,872.0,871.0,0.5487944890929966,-4.0,20.0,235.0,14.46613088404133,0.4569460390355913,10.584385763490241,0.0,0.11467889908256881,1.878440366972477,0.03555045871559633,1.8589449541284404,0.0,2.052752293577982
ATL,Atlanta,2025-10-30,October,Thursday,922.0,903.0,10.656699889258029,-10.0,38.80000000000007,1191.0,15.946843853820598,16.834994462901438,8.252491694352159,2.0607375271149677,0.0,8.468546637744035,0.5140997830802603,3.9945770065075923,0.0,6.394793926247289
ATL,Atlanta,2025-10-31,October,Friday,788.0,774.0,4.386304909560724,-9.0,36.700000000000045,576.0,16.27906976744186,10.963824289405684,9.363049095607234,1.7766497461928936,0.0,5.980964467005077,0.0,1.965736040609137,0.0,4.970812182741117
ATL,Atlanta,2025-11-01,November,Saturday,804.0,800.0,11.6025,-5.0,80.30000000000007,289.0,26.25,16.40875,8.94875,0.4975124378109453,0.0,4.638059701492537,0.13557213930348258,10.881840796019901,0.0,3.359452736318408
ATL,Atlanta,2025-11-02,November,Sunday,927.0,926.0,3.4449244060475164,-6.0,29.0,600.0,17.062634989200866,7.209503239740821,10.091792656587472,0.0,0.10787486515641855,5.395900755124056,0.040992448759439054,1.744336569579288,0.0,3.878101402373247
ATL,Atlanta,2025-11-03,November,Monday,930.0,929.0,1.4359526372443487,-10.0,27.0,936.0,16.469321851453174,9.138858988159312,10.292787944025834,0.10752688172043011,0.0,5.131182795698924,0.6741935483870968,1.3666666666666667,0.0,4.223655913978495
ATL,Atlanta,2025-11-04,November,Tuesday,872.0,872.0,-4.352064220183486,-15.0,13.899999999999977,1060.0,9.403669724770642,4.819954128440367,9.452981651376147,0.0,0.0,4.2442660550458715,0.028669724770642203,1.3107798165137614,0.08830275229357798,3.728211009174312
ATL,Atlanta,2025-11-05,November,Wednesday,875.0,875.0,-5.886857142857143,-13.0,11.0,693.0,7.7714285714285705,2.688,8.626285714285714,0.0,0.0,3.0228571428571427,0.0,0.3954285714285714,0.0,2.344
ATL,Atlanta,2025-11-06,November,Thursday,940.0,935.0,-0.42780748663101603,-11.0,28.0,376.0,14.6524064171123,6.980748663101604,9.962566844919786,0.5319148936170213,0.0,2.498936170212766,0.0,1.3797872340425532,0.018085106382978722,5.879787234042553
ATL,Atlanta,2025-11-07,November,Friday,940.0,897.0,5.780379041248606,-6.0,41.0,569.0,20.84726867335563,9.831661092530657,9.876254180602007,4.574468085106383,0.0,5.546808510638298,0.02446808510638298,2.0361702127659576,0.0,4.567021276595745
ATL,Atlanta,2025-11-08,November,Saturday,831.0,658.0,72.15957446808511,1.0,283.0,1252.0,39.209726443769,72.59118541033435,9.522796352583587,17.56919374247894,3.2490974729241873,10.554753309265944,0.6257521058965102,43.40914560770157,0.0,6.864019253910951
ATL,Atlanta,2025-11-09,November,Sunday,1036.0,812.0,46.501231527093594,13.0,135.89999999999998,1346.0,48.15270935960591,43.0935960591133,10.897783251231527,21.62162162162162,0.0,11.518339768339768,0.8281853281853282,8.913127413127413,0.0,16.93243243243243
ATL,Atlanta,2025-11-10,November,Monday,1037.0,887.0,17.820744081172492,0.0,73.0,744.0,34.04735062006765,21.731679819616687,10.374295377677566,14.368370298939247,0.09643201542912247,7.294117647058823,0.11861137897782063,3.7830279652844743,0.0,8.892960462873674
ATL,Atlanta,2025-11-11,November,Tuesday,926.0,870.0,-3.867816091954023,-15.0,22.0,949.0,12.988505747126435,8.556321839080459,7.940229885057471,6.047516198704104,0.0,6.167386609071274,0.0,1.2203023758099352,0.0,2.678185745140389
ATL,Atlanta,2025-11-12,November,Wednesday,930.0,891.0,-11.783389450056116,-18.0,2.0,452.0,5.948372615039282,-0.03928170594837262,8.20875420875421,4.193548387096775,0.0,2.870967741935484,0.01827956989247312,0.6559139784946236,0.0,1.2591397849462365
ATL,Atlanta,2025-11-13,November,Thursday,1037.0,997.0,-10.13640922768305,-17.0,7.0,496.0,7.3219658976930795,2.567703109327984,8.987963891675026,3.857280617164899,0.0,3.424300867888139,0.04628736740597879,0.47540983606557374,0.0,1.6538090646094503
ATL,Atlanta,2025-11-14,November,Friday,1045.0,1020.0,-10.06764705882353,-17.0,11.0,771.0,8.333333333333332,3.1333333333333333,9.123529411764705,2.2966507177033493,0.09569377990430622,3.2717703349282297,0.023923444976076555,0.37799043062200954,0.0,2.0995215311004785
ATL,Atlanta,2025-11-15,November,Saturday,832.0,830.0,-13.349397590361447,-20.0,3.0,932.0,5.421686746987952,-0.5349397590361445,8.720481927710843,0.2403846153846154,0.0,3.795673076923077,0.06610576923076923,0.43509615384615385,0.0,0.6057692307692307
ATL,Atlanta,2025-11-16,November,Sunday,1037.0,1034.0,-6.647001934235977,-15.0,14.0,642.0,9.767891682785299,3.390715667311412,9.01063829787234,0.28929604628736744,0.0,2.8524590163934427,0.4869816779170685,0.6190935390549662,0.0,3.3809064609450337
ATL,Atlanta,2025-11-17,November,Monday,1033.0,1033.0,-7.870280735721201,-17.0,11.0,1131.0,8.809293320425944,4.2265246853823815,9.388189738625362,0.0,0.0,3.3852855759922558,0.0,0.6069699903194579,0.0,4.192642787996128
ATL,Atlanta,2025-11-18,November,Tuesday,922.0,922.0,-11.865509761388287,-18.0,5.0,369.0,6.616052060737528,0.07809110629067245,8.65184381778742,0.0,0.0,2.8351409978308024,0.0010845986984815619,0.693058568329718,0.0,1.3633405639913232
ATL,Atlanta,2025-11-19,November,Wednesday,932.0,931.0,-11.346938775510203,-18.0,1.0,990.0,5.048335123523094,1.3984962406015038,7.554242749731472,0.1072961373390558,0.0,3.356223175965665,0.02145922746781116,0.07618025751072961,0.015021459227467811,2.3186695278969958
ATL,Atlanta,2025-11-20,November,Thursday,1033.0,1029.0,2.5335276967930027,-10.0,30.0,913.0,15.84062196307094,9.569484936831875,10.504373177842565,0.3872216844143272,0.0,2.8422071636011617,0.7909002904162633,2.0164569215876087,0.0,6.791868344627299
ATL,Atlanta,2025-11-21,November,Friday,1043.0,1039.0,-0.8046198267564967,-13.0,36.0,868.0,15.399422521655437,9.716073147256978,9.042348411934553,0.38350910834132307,0.0,4.172579098753595,0.45445829338446786,0.6069031639501438,0.03451581975071908,6.092042186001917
ATL,Atlanta,2025-11-22,November,Saturday,880.0,876.0,-4.506849315068493,-13.0,18.0,532.0,11.986301369863012,5.909817351598173,8.843607305936073,0.3409090909090909,0.11363636363636363,3.2556818181818183,0.0,0.8579545454545454,0.0,3.784090909090909
ATL,Atlanta,2025-11-23,November,Sunday,984.0,984.0,-9.99390243902439,-17.5,10.0,542.0,8.638211382113822,2.4583333333333335,8.794715447154472,0.0,0.0,3.303861788617886,0.0,0.5172764227642277,0.0,2.6595528455284554
ATL,Atlanta,2025-11-24,November,Monday,984.0,980.0,-1.0122448979591836,-12.0,25.0,568.0,13.26530612244898,7.178571428571429,10.064285714285715,0.20325203252032523,0.20325203252032523,4.169715447154472,0.7754065040650406,1.1758130081300813,0.0,4.2266260162601625
ATL,Atlanta,2025-11-25,November,Tuesday,992.0,945.0,21.035978835978835,3.0,80.60000000000002,854.0,37.98941798941799,24.515343915343916,9.635978835978836,0.4032258064516129,4.334677419354839,3.619959677419355,0.8911290322580645,5.633064516129032,0.0,14.538306451612904
ATL,Atlanta,2025-11-26,November,Wednesday,991.0,991.0,-4.4056508577194755,-12.0,19.0,940.0,12.4117053481332,3.134207870837538,8.959636730575177,0.0,0.0,2.119071644803229,0.1574167507568113,1.4520686175580222,0.005045408678102927,3.6195761856710393
ATL,Atlanta,2025-11-27,November,Thursday,679.0,679.0,-10.581737849779087,-17.0,7.0,816.0,7.363770250368189,0.7746686303387335,8.698085419734904,0.0,0.0,2.353460972017673,0.039764359351988215,0.7407952871870398,0.0,2.04860088365243
ATL,Atlanta,2025-11-28,November,Friday,793.0,790.0,-6.213924050632912,-15.0,12.0,1048.0,8.860759493670885,4.853164556962025,8.867088607594937,0.25220680958385877,0.12610340479192939,5.16015132408575,0.13619167717528374,0.7364438839848676,0.021437578814627996,1.5561160151324085
ATL,Atlanta,2025-11-29,November,Saturday,973.0,955.0,7.12041884816754,-11.0,51.0,1155.0,22.094240837696336,13.591623036649215,10.8,1.8499486125385407,0.0,6.677286742034943,0.4748201438848921,3.7040082219938335,0.006166495375128468,6.363823227132579
ATL,Atlanta,2025-11-30,November,Sunday,1043.0,1023.0,27.118279569892472,6.0,89.0,1254.0,39.882697947214076,29.403714565004886,12.55327468230694,1.9175455417066156,0.0,10.477468839884947,0.8811121764141898,3.8044103547459254,0.024928092042186004,15.309683604985619
ATL,Atlanta,2025-12-01,December,Monday,1049.0,1026.0,16.93859649122807,0.0,65.5,734.0,31.773879142300192,20.251461988304094,11.742690058479532,2.0972354623450906,0.09532888465204957,8.59485224022879,0.34604385128693993,3.5243088655862724,0.0,9.05529075309819
ATL,Atlanta,2025-12-02,December,Tuesday,947.0,942.0,16.209129511677283,-2.0,66.79999999999995,868.0,29.723991507431,20.221868365180466,9.786624203821656,0.5279831045406547,0.0,8.724392819429779,0.6599788806758183,3.529039070749736,0.006335797254487857,9.187961985216473
ATL,Atlanta,2025-12-03,December,Wednesday,924.0,923.0,-3.3846153846153846,-13.0,30.600000000000136,318.0,16.034669555796317,7.616468039003251,8.341278439869988,0.10822510822510822,0.0,3.4740259740259742,0.18614718614718614,1.1482683982683983,0.08982683982683982,4.151515151515151
ATL,Atlanta,2025-12-04,December,Thursday,1003.0,1002.0,3.528942115768463,-8.0,29.899999999999977,780.0,16.86626746506986,10.579840319361278,9.260479041916168,0.09970089730807577,0.0,5.014955134596211,0.24626121635094717,1.5613160518444666,0.0,6.008973080757727
ATL,Atlanta,2025-12-05,December,Friday,1010.0,990.0,12.50909090909091,-2.5,60.0,690.0,27.373737373737374,15.656565656565656,10.064646464646465,1.9801980198019802,0.0,5.721782178217822,0.402970297029703,3.4504950495049505,0.016831683168316833,9.036633663366336
ATL,Atlanta,2025-12-06,December,Saturday,815.0,807.0,-3.825278810408922,-12.0,22.399999999999977,303.0,13.754646840148698,3.9120198265179678,8.71995043370508,0.8588957055214724,0.1226993865030675,2.9644171779141106,0.049079754601226995,1.516564417177914,0.0,2.7938650306748465
ATL,Atlanta,2025-12-07,December,Sunday,1009.0,860.0,128.17906976744186,98.5,286.20000000000005,1210.0,79.53488372093022,116.46279069767442,20.483720930232558,10.505450941526263,4.261645193260654,17.16848364717542,9.577799801783945,32.948463825569874,0.0,50.68880079286422
ATL,Atlanta,2025-12-08,December,Monday,1008.0,908.0,28.94383259911894,1.0,96.0,1044.0,35.24229074889868,37.76211453744494,9.29295154185022,9.920634920634921,0.0,15.1875,1.5317460317460319,1.5873015873015872,0.06349206349206349,13.016865079365079
ATL,Atlanta,2025-12-09,December,Tuesday,915.0,915.0,1.546448087431694,-10.0,35.0,782.0,19.12568306010929,11.219672131147542,9.13551912568306,0.0,0.0,4.490710382513662,0.27650273224043714,0.8972677595628415,0.0,6.555191256830601
ATL,Atlanta,2025-12-10,December,Wednesday,916.0,902.0,2.917960088691796,-10.0,29.0,973.0,15.188470066518848,10.793791574279378,7.78270509977827,1.3100436681222707,0.21834061135371177,7.604803493449782,0.29475982532751094,1.1441048034934498,0.0,3.8668122270742358
ATL,Atlanta,2025-12-11,December,Thursday,1005.0,1003.0,-1.806580259222333,-13.0,25.800000000000068,1158.0,14.257228315054835,9.489531405782651,8.621136590229312,0.1990049751243781,0.0,5.46865671641791,0.0845771144278607,0.6766169154228856,0.0,4.190049751243781
ATL,Atlanta,2025-12-12,December,Friday,1015.0,1014.0,-4.741617357001973,-12.0,22.700000000000045,272.0,13.510848126232741,5.523668639053255,8.998027613412228,0.09852216748768472,0.0,3.270935960591133,0.07192118226600985,1.005911330049261,0.007881773399014778,2.954679802955665
ATL,Atlanta,2025-12-13,December,Saturday,816.0,815.0,-1.8049079754601227,-12.0,30.0,410.0,13.374233128834357,6.884662576687116,8.257668711656441,0.12254901960784313,0.0,3.511029411764706,0.5502450980392157,1.8088235294117647,0.0,4.139705882352941
ATL,Atlanta,2025-12-14,December,Sunday,1009.0,959.0,18.638164754953078,-7.0,81.0,1079.0,28.154327424400417,24.34932221063608,9.576642335766424,4.856293359762141,0.09910802775024777,6.556987115956392,3.5004955401387514,6.121902874132805,0.0,9.62438057482656
ATL,Atlanta,2025-12-15,December,Monday,1008.0,984.0,1.3373983739837398,-10.0,29.0,800.0,14.735772357723578,13.482723577235772,10.09349593495935,2.083333333333333,0.2976190476190476,6.375,0.18452380952380953,0.45634920634920634,0.0,4.742063492063492
ATL,Atlanta,2025-12-16,December,Tuesday,915.0,907.0,-11.908489525909593,-17.0,7.399999999999977,263.0,7.056229327453142,1.4156560088202867,8.345093715545755,0.8743169398907104,0.0,2.2852459016393443,0.1912568306010929,0.5344262295081967,0.0,1.2557377049180327
ATL,Atlanta,2025-12-17,December,Wednesday,915.0,910.0,-6.962637362637363,-16.0,14.0,1033.0,9.56043956043956,5.373626373626373,8.383516483516484,0.4371584699453552,0.1092896174863388,3.498360655737705,0.08852459016393442,0.4273224043715847,0.04480874316939891,2.8043715846994535
ATL,Atlanta,2025-12-18,December,Thursday,944.0,939.0,1.215122470713525,-9.0,26.0,929.0,15.335463258785943,8.028753993610223,10.022364217252397,0.423728813559322,0.1059322033898305,5.382415254237288,0.04343220338983051,1.3209745762711864,0.01694915254237288,3.1716101694915255
ATL,Atlanta,2025-12-19,December,Friday,956.0,939.0,8.489882854100106,-7.0,51.0,1139.0,22.15122470713525,19.128860489882854,8.94888178913738,1.778242677824268,0.0,6.9864016736401675,0.36297071129707115,1.1631799163179917,0.0,8.832635983263598
ATL,Atlanta,2025-12-20,December,Saturday,901.0,879.0,6.147895335608646,-8.0,52.200000000000045,615.0,22.070534698521048,17.88623435722412,11.526734926052333,2.3307436182019976,0.11098779134295228,6.800221975582686,0.06881243063263041,1.7014428412874585,0.005549389567147614,6.588235294117647
ATL,Atlanta,2025-12-21,December,Sunday,978.0,958.0,6.435281837160751,-9.0,41.0,1090.0,20.146137787056368,18.32463465553236,8.879958246346556,2.044989775051125,0.0,10.057259713701432,0.4458077709611452,0.7822085889570553,0.09611451942740286,5.081799591002045
ATL,Atlanta,2025-12-22,December,Monday,974.0,967.0,-0.29265770423991727,-13.0,27.399999999999977,918.0,14.477766287487073,12.116856256463288,10.394002068252327,0.6160164271047228,0.10266940451745381,6.837782340862423,0.011293634496919919,0.7032854209445585,0.04004106776180698,4.559548254620124
ATL,Atlanta,2025-12-23,December,Tuesday,973.0,965.0,1.5036269430051814,-13.0,32.60000000000002,670.0,16.683937823834196,14.247668393782384,9.562694300518135,0.6166495375128468,0.20554984583761562,6.97327852004111,0.31346351490236385,1.2302158273381294,0.07399794450154162,5.501541623843782
ATL,Atlanta,2025-12-24,December,Wednesday,748.0,742.0,-4.444743935309973,-17.0,20.899999999999977,498.0,12.264150943396226,9.857142857142858,10.200808625336927,0.8021390374331552,0.0,5.5855614973262036,0.13636363636363635,1.1764705882352942,0.0,4.350267379679145
ATL,Atlanta,2025-12-25,December,Thursday,753.0,744.0,-7.931451612903226,-19.0,17.0,1113.0,10.618279569892474,7.684139784946237,9.219086021505376,1.1952191235059761,0.0,4.446215139442231,1.3280212483399734,0.4900398406374502,0.0,3.250996015936255
ATL,Atlanta,2025-12-26,December,Friday,977.0,932.0,9.21137339055794,-8.0,53.89999999999998,1156.0,23.17596566523605,19.48068669527897,9.80793991416309,4.503582395087001,0.1023541453428864,4.705220061412487,3.4350051177072674,1.5690890481064483,0.0,8.707267144319346
ATL,Atlanta,2025-12-27,December,Saturday,909.0,852.0,11.490610328638498,-6.0,66.89999999999998,493.0,27.347417840375588,22.226525821596244,9.572769953051644,6.16061606160616,0.11001100110011,4.710671067106711,1.6237623762376239,1.6952695269526952,0.0,10.86908690869087
ATL,Atlanta,2025-12-28,December,Sunday,977.0,898.0,20.104677060133632,-3.0,83.30000000000007,1006.0,33.29621380846326,27.374164810690424,10.447661469933184,7.983623336745138,0.1023541453428864,10.384851586489253,0.5629477993858751,3.5383828045035823,0.0,10.61310133060389
ATL,Atlanta,2025-12-29,December,Monday,973.0,913.0,13.953997809419496,-6.0,64.0,697.0,27.710843373493976,22.266155531215773,8.955093099671412,6.166495375128469,0.0,7.687564234326825,0.7543679342240494,2.7954779033915726,0.0,9.610483042137718
ATL,Atlanta,2025-12-30,December,Tuesday,968.0,951.0,8.789695057833859,-8.0,57.0,444.0,25.86750788643533,18.438485804416406,9.726603575184017,1.756198347107438,0.0,7.445247933884297,0.24793388429752067,1.9431818181818181,0.03512396694214876,8.211776859504132
ATL,Atlanta,2025-12-31,December,Wednesday,763.0,756.0,-1.9219576719576719,-14.0,35.0,1083.0,17.59259259259259,9.869047619047619,9.587301587301587,0.9174311926605505,0.0,5.173001310615989,0.28309305373525556,1.54521625163827,0.023591087811271297,4.149410222804718
DEN,Denver,2025-01-01,January,Wednesday,817.0,815.0,1.6466257668711657,-4.0,24.0,456.0,15.70552147239264,6.8196319018404905,11.080981595092025,0.24479804161566704,0.0,2.7392900856793148,0.33047735618115054,1.4186046511627908,0.0416156670746634,4.050183598531212
DEN,Denver,2025-01-02,January,Thursday,909.0,896.0,4.775669642857143,-4.5,31.0,547.0,18.303571428571427,9.831473214285714,9.253348214285714,0.88008800880088,0.5500550055005501,3.722772277227723,0.6996699669966997,1.646864686468647,0.0429042904290429,5.248624862486249
DEN,Denver,2025-01-03,January,Friday,896.0,881.0,24.787741203178207,6.0,92.0,602.0,38.36549375709421,25.91032917139614,10.852440408626562,1.1160714285714286,0.5580357142857143,7.1875,1.75,8.871651785714286,0.0,10.264508928571429
DEN,Denver,2025-01-04,January,Saturday,866.0,840.0,38.07857142857143,12.0,91.10000000000002,1072.0,47.14285714285714,34.84285714285714,13.508333333333333,2.886836027713626,0.11547344110854503,8.360277136258661,6.812933025404157,6.8325635103926095,0.11778290993071594,17.196304849884527
DEN,Denver,2025-01-05,January,Sunday,902.0,847.0,20.207792207792206,1.0,63.39999999999998,1183.0,32.70365997638725,23.548996458087366,10.92443919716647,6.097560975609756,0.0,9.01108647450111,1.9146341463414633,3.7228381374722836,0.004434589800443459,8.568736141906873
DEN,Denver,2025-01-06,January,Monday,851.0,808.0,18.88118811881188,-1.0,70.0,598.0,30.445544554455445,23.128712871287128,10.242574257425742,5.052878965922444,0.0,7.143360752056404,1.0564042303172738,3.0305522914218566,0.024676850763807285,12.09870740305523
DEN,Denver,2025-01-07,January,Tuesday,731.0,718.0,38.89693593314763,20.0,108.0,779.0,54.038997214484674,35.13509749303621,11.423398328690809,1.7783857729138166,0.0,9.44733242134063,2.7797537619699044,15.688098495212039,0.0,12.274965800273598
DEN,Denver,2025-01-08,January,Wednesday,751.0,743.0,-2.1911170928667563,-9.0,20.800000000000068,319.0,13.862718707940779,6.596231493943472,9.5814266487214,1.0652463382157125,0.0,4.455392809587217,1.203728362183755,0.9307589880159787,0.0,1.948069241011984
DEN,Denver,2025-01-09,January,Thursday,806.0,771.0,20.898832684824903,7.0,64.0,816.0,38.91050583657588,18.00129701686122,10.348897535667964,4.3424317617866,0.0,5.875930521091812,1.4826302729528535,6.539702233250621,0.02977667493796526,7.79652605459057
DEN,Denver,2025-01-10,January,Friday,810.0,766.0,3.5926892950391647,-8.0,26.0,892.0,17.62402088772846,10.399477806788513,8.928198433420366,5.432098765432099,0.0,4.282716049382716,3.4123456790123456,1.9530864197530864,0.003703703703703704,2.962962962962963
DEN,Denver,2025-01-11,January,Saturday,703.0,689.0,8.078374455732947,-4.0,43.0,721.0,24.963715529753266,11.641509433962264,9.097242380261248,1.991465149359886,0.0,6.8634423897581796,0.7780938833570412,4.315789473684211,0.0,2.9473684210526314
DEN,Denver,2025-01-12,January,Sunday,853.0,851.0,3.2408930669800236,-7.0,29.0,871.0,15.981198589894241,8.036427732079906,9.149236192714454,0.23446658851113714,0.0,4.879249706916764,0.27667057444314186,1.4794841735052755,0.03634232121922626,4.524032825322392
DEN,Denver,2025-01-13,January,Monday,803.0,801.0,-2.3046192259675404,-8.0,16.0,416.0,11.11111111111111,2.0474406991260925,9.213483146067416,0.24906600249066002,0.0,3.1780821917808217,0.12577833125778332,0.8480697384806973,0.0049813200498132005,2.4533001245330013
DEN,Denver,2025-01-14,January,Tuesday,727.0,724.0,-5.139502762430939,-11.0,13.700000000000045,434.0,9.94475138121547,1.531767955801105,8.772099447513812,0.41265474552957354,0.0,3.6891334250343877,0.31636863823933975,0.7854195323246217,0.052269601100412656,1.2159559834938103
DEN,Denver,2025-01-15,January,Wednesday,750.0,750.0,-10.362666666666666,-12.0,6.100000000000023,349.0,6.4,-0.5786666666666667,9.149333333333333,0.0,0.0,1.5933333333333333,0.20533333333333334,0.612,0.0,1.0653333333333332
DEN,Denver,2025-01-16,January,Thursday,842.0,839.0,-5.800953516090584,-12.0,10.0,671.0,8.462455303933254,3.1811680572109653,8.96901072705602,0.23752969121140144,0.11876484560570072,2.7612826603325415,0.35391923990498814,0.9608076009501187,0.0,2.0463182897862233
DEN,Denver,2025-01-17,January,Friday,845.0,845.0,-2.211834319526627,-9.0,20.0,499.0,12.307692307692308,3.927810650887574,10.328994082840238,0.0,0.0,2.830769230769231,0.663905325443787,1.1017751479289941,0.0,2.97396449704142
DEN,Denver,2025-01-18,January,Saturday,697.0,695.0,10.315107913669065,-1.0,42.60000000000002,693.0,24.89208633093525,10.300719424460432,12.823021582733812,0.0,0.2869440459110474,4.388809182209469,1.4519368723098995,2.563845050215208,0.0,5.989956958393114
DEN,Denver,2025-01-19,January,Sunday,767.0,761.0,7.797634691195795,-5.0,40.0,472.0,21.02496714848883,10.911957950065704,11.662286465177399,0.651890482398957,0.1303780964797914,6.465449804432855,0.7913950456323338,2.2046936114732727,0.02607561929595828,5.140808344198175
DEN,Denver,2025-01-20,January,Monday,853.0,838.0,21.474940334128878,6.0,71.30000000000007,614.0,37.47016706443914,20.14558472553699,13.214797136038186,1.6412661195779603,0.11723329425556857,6.254396248534584,1.723329425556858,4.413833528722157,0.0,10.834701055099648
DEN,Denver,2025-01-21,January,Tuesday,730.0,695.0,1.2820143884892086,-9.0,31.600000000000023,573.0,14.676258992805755,8.989928057553957,10.694964028776978,4.794520547945205,0.0,4.545205479452055,0.5068493150684932,2.452054794520548,0.0,3.1082191780821917
DEN,Denver,2025-01-22,January,Wednesday,752.0,729.0,-1.4938271604938271,-10.0,19.200000000000045,987.0,12.071330589849108,5.288065843621399,9.588477366255145,3.0585106382978724,0.0,4.882978723404255,0.8843085106382979,0.8377659574468085,0.0,1.8962765957446808
DEN,Denver,2025-01-23,January,Thursday,809.0,799.0,-2.3904881101376723,-9.0,17.200000000000045,375.0,11.13892365456821,5.539424280350438,9.4630788485607,1.2360939431396787,0.0,4.212608158220025,0.0,0.6798516687268232,0.0173053152039555,3.3213844252163165
DEN,Denver,2025-01-24,January,Friday,812.0,810.0,-4.1950617283950615,-11.0,16.0,443.0,10.37037037037037,3.2111111111111112,9.177777777777777,0.24630541871921183,0.0,3.226600985221675,0.034482758620689655,0.6958128078817734,0.027093596059113302,2.8201970443349755
DEN,Denver,2025-01-25,January,Saturday,702.0,699.0,32.896995708154506,13.0,116.40000000000009,903.0,48.640915593705294,29.915593705293276,12.49928469241774,0.0,0.4273504273504274,5.948717948717949,3.011396011396011,15.297720797720798,0.04131054131054131,11.450142450142451
DEN,Denver,2025-01-26,January,Sunday,855.0,854.0,1.0163934426229508,-5.0,24.0,338.0,16.159250585480095,5.186182669789227,10.41569086651054,0.11695906432748539,0.0,4.4339181286549705,0.18362573099415205,1.2549707602339182,0.0,2.3321637426900583
DEN,Denver,2025-01-27,January,Monday,804.0,801.0,-8.0,-13.0,9.0,832.0,6.741573033707865,1.223470661672909,9.777777777777779,0.24875621890547264,0.12437810945273632,2.601990049751244,0.0024875621890547263,0.48507462686567165,0.060945273631840796,1.8706467661691542
DEN,Denver,2025-01-28,January,Tuesday,727.0,727.0,-10.896836313617607,-15.0,5.0,636.0,4.814305364511692,-1.2709766162310867,9.779917469050893,0.0,0.0,2.8885832187070153,0.0,0.33975240715268223,0.0,0.6368638239339752
DEN,Denver,2025-01-29,January,Wednesday,751.0,748.0,-10.840909090909092,-13.0,7.0,157.0,5.88235294117647,-3.171122994652406,8.963903743315509,0.3994673768308922,0.0,0.7323568575233023,0.03462050599201065,0.5392809587217043,0.0,0.8095872170439414
DEN,Denver,2025-01-30,January,Thursday,808.0,802.0,-1.7481296758104738,-6.0,18.0,319.0,13.092269326683292,3.1334164588528677,9.77930174563591,0.6188118811881188,0.12376237623762376,1.7858910891089108,0.0952970297029703,1.2809405940594059,0.0,3.0136138613861387
DEN,Denver,2025-01-31,January,Friday,811.0,809.0,-8.663782447466007,-14.0,11.0,452.0,8.529048207663783,2.870210135970334,9.336217552533993,0.2466091245376079,0.0,2.6436498150431564,0.43033292231812575,0.3995067817509248,0.0,2.293464858199753
DEN,Denver,2025-02-01,February,Saturday,705.0,704.0,-4.5241477272727275,-14.0,12.0,627.0,9.375,6.0397727272727275,8.754261363636363,0.0,0.14184397163120568,4.283687943262412,0.350354609929078,0.548936170212766,0.0,3.4326241134751774
DEN,Denver,2025-02-02,February,Sunday,853.0,846.0,0.36879432624113473,-11.0,27.0,1022.0,13.59338061465721,8.49645390070922,9.0,0.8206330597889802,0.0,4.491207502930832,1.010550996483001,1.2145369284876906,0.0,4.872215709261431
DEN,Denver,2025-02-03,February,Monday,803.0,790.0,0.5101265822784811,-13.0,24.100000000000023,1003.0,13.544303797468354,9.720253164556961,9.426582278481012,1.61892901618929,0.0,6.296388542963886,2.1506849315068495,1.0772104607721047,0.0,3.211706102117061
DEN,Denver,2025-02-04,February,Tuesday,726.0,722.0,-6.53601108033241,-14.0,18.0,416.0,12.880886426592797,1.451523545706371,10.069252077562327,0.4132231404958678,0.13774104683195593,2.8925619834710745,0.11294765840220386,1.6198347107438016,0.0,2.278236914600551
DEN,Denver,2025-02-05,February,Wednesday,750.0,748.0,15.057486631016042,-2.0,57.30000000000007,1104.0,28.74331550802139,17.824866310160427,10.366310160427808,0.26666666666666666,0.0,6.682666666666667,1.6093333333333333,6.698666666666667,0.0,7.197333333333333
DEN,Denver,2025-02-06,February,Thursday,842.0,829.0,1.1604342581423401,-7.0,33.0,506.0,18.455971049457176,7.147165259348613,8.535585042219541,0.831353919239905,0.7125890736342043,3.4192399049881237,0.19714964370546317,2.619952494061758,0.0,4.526128266033254
DEN,Denver,2025-02-07,February,Friday,846.0,842.0,2.71021377672209,-9.0,24.0,1138.0,14.84560570071259,9.542755344418053,8.89667458432304,0.4728132387706856,0.0,4.891252955082742,2.2293144208037825,1.4976359338061467,0.0,4.1725768321513
DEN,Denver,2025-02-08,February,Saturday,704.0,701.0,-1.6504992867332382,-8.0,25.0,963.0,17.546362339514978,2.1911554921540657,9.482168330955778,0.2840909090909091,0.14204545454545456,3.346590909090909,0.21164772727272727,3.4360795454545454,0.0,1.4417613636363635
DEN,Denver,2025-02-09,February,Sunday,814.0,809.0,-1.6551297898640296,-7.0,21.0,513.0,13.597033374536466,2.723114956736712,10.035846724351051,0.6142506142506142,0.0,3.0503685503685505,0.1167076167076167,2.302211302211302,0.0,1.8624078624078624
DEN,Denver,2025-02-10,February,Monday,836.0,834.0,-1.2529976019184652,-7.0,23.0,338.0,15.947242206235012,3.320143884892086,9.371702637889689,0.11961722488038277,0.11961722488038277,3.444976076555024,0.11483253588516747,1.7679425837320575,0.0,2.4688995215311005
DEN,Denver,2025-02-11,February,Tuesday,725.0,716.0,21.77094972067039,6.0,83.5,703.0,39.80446927374302,18.256983240223462,11.752793296089385,1.2413793103448276,0.0,4.779310344827586,1.3862068965517242,12.238620689655173,0.0,7.197241379310345
DEN,Denver,2025-02-12,February,Wednesday,762.0,758.0,14.510554089709762,1.0,54.0,809.0,34.56464379947229,13.216358839050132,10.988126649076516,0.5249343832020997,0.0,6.463254593175853,0.5196850393700787,6.1286089238845145,0.0,6.153543307086614
DEN,Denver,2025-02-13,February,Thursday,876.0,869.0,16.668584579976987,2.0,67.0,503.0,30.95512082853855,20.454545454545453,9.36939010356732,0.684931506849315,0.1141552511415525,5.448630136986301,1.61986301369863,2.6815068493150687,0.0,11.146118721461187
DEN,Denver,2025-02-14,February,Friday,884.0,874.0,10.15903890160183,-3.0,49.0,735.0,26.08695652173913,12.44279176201373,9.403890160183066,1.0180995475113122,0.11312217194570137,5.493212669683258,1.079185520361991,3.7081447963800906,0.0011312217194570137,5.9377828054298645
DEN,Denver,2025-02-15,February,Saturday,766.0,731.0,56.19972640218878,23.0,168.0,1258.0,58.41313269493844,48.19699042407661,13.891928864569083,3.7859007832898173,0.7832898172323759,6.563968668407311,4.4255874673629245,25.032637075718014,0.013054830287206266,19.12532637075718
DEN,Denver,2025-02-16,February,Sunday,873.0,858.0,24.747086247086248,-1.0,91.60000000000014,825.0,32.51748251748251,27.832167832167833,9.642191142191143,1.718213058419244,0.0,9.20160366552119,1.852233676975945,3.6620847651775486,0.0,15.310423825887744
DEN,Denver,2025-02-17,February,Monday,884.0,853.0,28.3810082063306,7.0,91.80000000000007,1079.0,42.672919109026964,24.851113716295426,11.313012895662368,2.3755656108597285,1.1312217194570136,9.926470588235293,2.5441176470588234,5.710407239819005,0.032805429864253395,12.26923076923077
DEN,Denver,2025-02-18,February,Tuesday,796.0,767.0,25.933507170795306,8.0,67.39999999999998,1188.0,40.80834419817471,21.312907431551498,12.494132985658409,3.5175879396984926,0.12562814070351758,8.46608040201005,2.5816582914572863,7.565326633165829,0.0,8.381909547738694
DEN,Denver,2025-02-19,February,Wednesday,788.0,773.0,15.901681759379043,-4.0,59.600000000000136,757.0,24.967658473479947,20.049159120310478,11.077619663648123,1.903553299492386,0.0,8.98477157360406,2.4302030456852792,3.6205583756345177,0.07741116751269035,7.303299492385787
DEN,Denver,2025-02-20,February,Thursday,862.0,855.0,7.077192982456141,-4.0,40.0,417.0,21.98830409356725,11.769590643274853,9.912280701754385,0.8120649651972157,0.0,6.834106728538283,0.351508120649652,2.0568445475638053,0.0,4.82830626450116
DEN,Denver,2025-02-21,February,Friday,884.0,883.0,1.884484711211778,-5.0,30.0,770.0,19.818799546998868,7.929784824462061,10.173272933182332,0.11312217194570137,0.0,4.39027149321267,0.13800904977375567,2.7952488687782804,0.0,2.8936651583710407
DEN,Denver,2025-02-22,February,Saturday,767.0,767.0,-6.647979139504563,-12.0,10.399999999999977,422.0,8.34419817470665,4.488917861799218,10.065189048239896,0.0,0.0,3.9400260756192957,0.21251629726205998,0.41460234680573665,0.07301173402868318,1.1864406779661016
DEN,Denver,2025-02-23,February,Sunday,880.0,879.0,-9.051194539249147,-13.0,11.0,264.0,8.19112627986348,3.0534698521046644,10.02844141069397,0.0,0.11363636363636363,1.9295454545454545,0.0,0.5738636363636364,0.031818181818181815,1.5784090909090909
DEN,Denver,2025-02-24,February,Monday,861.0,857.0,-8.485414235705951,-16.0,4.0,1037.0,6.76779463243874,4.350058343057176,9.367561260210035,0.34843205574912894,0.11614401858304298,3.9930313588850175,0.6225319396051103,0.28339140534262486,0.027874564459930314,1.9825783972125435
DEN,Denver,2025-02-25,February,Tuesday,763.0,762.0,-8.427821522309712,-15.0,13.0,409.0,9.448818897637794,0.7440944881889764,10.00262467191601,0.1310615989515072,0.0,1.1323722149410222,0.5910878112712975,1.8571428571428572,0.0,1.4718217562254259
DEN,Denver,2025-02-26,February,Wednesday,790.0,789.0,-7.655259822560203,-15.0,6.0,1475.0,6.337135614702155,3.1609632446134346,9.494296577946768,0.0,0.12658227848101267,4.39620253164557,0.0,0.310126582278481,0.0,2.060759493670886
DEN,Denver,2025-02-27,February,Thursday,882.0,881.0,-11.496027241770715,-14.0,8.0,237.0,7.491486946651532,1.8933030646992055,9.113507377979568,0.11337868480725624,0.0,1.7029478458049887,0.015873015873015872,0.3764172335600907,0.0,1.68140589569161
DEN,Denver,2025-02-28,February,Friday,886.0,886.0,-8.591422121896162,-13.0,7.0,469.0,6.5462753950338595,2.455981941309255,9.443566591422123,0.0,0.0,2.9909706546275396,0.0,0.22799097065462753,0.0,1.59255079006772
DEN,Denver,2025-03-01,March,Saturday,768.0,765.0,-6.036601307189542,-14.0,10.0,955.0,8.758169934640522,5.290196078431372,10.44967320261438,0.390625,0.0,3.09375,0.2799479166666667,0.24609375,0.08203125,3.7864583333333335
DEN,Denver,2025-03-02,March,Sunday,882.0,881.0,-7.804767309875142,-15.0,7.0,905.0,6.9239500567536885,5.809307604994324,9.311010215664018,0.11337868480725624,0.0,4.27437641723356,0.0,0.23242630385487528,0.0,2.9569160997732427
DEN,Denver,2025-03-03,March,Monday,864.0,856.0,2.2161214953271027,-11.0,44.5,314.0,18.574766355140188,9.117990654205608,9.828271028037383,0.4629629629629629,0.4629629629629629,3.9537037037037037,1.3576388888888888,3.9583333333333335,0.0,4.319444444444445
DEN,Denver,2025-03-04,March,Tuesday,763.0,747.0,3.3306559571619814,-9.0,23.0,1290.0,15.66265060240964,9.377510040160642,9.542168674698795,2.0969855832241153,0.0,3.4456094364351246,2.5373525557011796,1.4207077326343382,0.0,5.327653997378768
DEN,Denver,2025-03-05,March,Wednesday,791.0,777.0,-1.3912483912483913,-12.0,29.0,422.0,14.929214929214929,8.226512226512227,9.025740025740026,1.7699115044247788,0.0,3.4841972187104933,2.2945638432364097,1.2756005056890012,0.0,4.007585335018963
DEN,Denver,2025-03-06,March,Thursday,898.0,886.0,0.2200902934537246,-7.0,22.5,990.0,14.785553047404063,5.292325056433409,8.741534988713319,1.3363028953229399,0.0,2.6570155902004453,1.1726057906458798,1.675946547884187,0.0,2.510022271714922
DEN,Denver,2025-03-07,March,Friday,902.0,891.0,11.464646464646465,0.0,52.0,599.0,27.27272727272727,12.707070707070708,9.551066217732885,1.1086474501108647,0.11086474501108648,4.777161862527716,0.6662971175166297,2.759423503325942,0.0,7.197339246119734
DEN,Denver,2025-03-08,March,Saturday,816.0,815.0,-3.8895705521472395,-9.0,17.0,394.0,11.411042944785276,3.4944785276073618,9.192638036809816,0.12254901960784313,0.0,3.042892156862745,0.4583333333333333,0.8823529411764706,0.0,2.0870098039215685
DEN,Denver,2025-03-09,March,Sunday,880.0,880.0,-6.168181818181818,-12.0,13.0,535.0,8.977272727272727,4.3113636363636365,9.971590909090908,0.0,0.0,2.721590909090909,0.0,0.30454545454545456,0.05113636363636364,2.606818181818182
DEN,Denver,2025-03-10,March,Monday,904.0,901.0,-9.812430632630411,-15.0,10.0,203.0,8.657047724750278,2.0610432852386236,9.328523862375139,0.33185840707964603,0.0,1.7323008849557522,0.11393805309734513,0.7422566371681416,0.0,1.9435840707964602
DEN,Denver,2025-03-11,March,Tuesday,822.0,822.0,-9.830900243309003,-14.0,6.0,446.0,4.987834549878346,-0.5802919708029197,9.41727493917275,0.0,0.0,2.4525547445255476,0.0,0.2761557177615572,0.0,0.6618004866180048
DEN,Denver,2025-03-12,March,Wednesday,844.0,843.0,-12.232502965599052,-16.0,2.0,238.0,5.812574139976276,-0.44365361803084225,9.149466192170818,0.11848341232227488,0.0,1.4964454976303319,0.017772511848341232,0.3744075829383886,0.0,1.3234597156398105
DEN,Denver,2025-03-13,March,Thursday,906.0,902.0,-6.513303769401331,-12.0,17.0,243.0,10.975609756097562,3.8226164079822618,9.002217294900221,0.44150110375275936,0.0,2.228476821192053,0.026490066225165563,0.5673289183222958,0.0,3.1048565121412803
DEN,Denver,2025-03-14,March,Friday,904.0,889.0,0.9617547806524185,-8.0,29.200000000000045,779.0,17.322834645669293,8.849268841394826,9.376827896512935,1.6592920353982303,0.0,3.7389380530973453,1.7511061946902655,0.995575221238938,0.0,3.2234513274336285
DEN,Denver,2025-03-15,March,Saturday,818.0,811.0,3.128236744759556,-9.0,39.0,454.0,20.34525277435265,12.743526510480887,9.329223181257706,0.8557457212713936,0.0,4.167481662591687,0.5599022004889975,2.317848410757946,0.0,6.533007334963325
DEN,Denver,2025-03-16,March,Sunday,880.0,857.0,14.253208868144691,-6.0,72.39999999999998,935.0,26.02100350058343,23.903150525087515,9.564760793465577,2.3863636363636367,0.22727272727272727,6.689772727272727,2.765909090909091,3.768181818181818,0.0,10.356818181818182
DEN,Denver,2025-03-17,March,Monday,905.0,898.0,9.3184855233853,-3.0,53.0,536.0,29.398663697104677,16.37193763919822,9.120267260579064,0.7734806629834254,0.0,6.448618784530387,0.5104972375690607,3.081767955801105,0.0,6.721546961325966
DEN,Denver,2025-03-18,March,Tuesday,821.0,796.0,10.841708542713567,-4.0,51.5,770.0,24.49748743718593,11.902010050251256,9.353015075376884,2.3142509135200973,0.730816077953715,3.449451887941535,1.7198538367844092,6.25700365408039,0.0,5.533495736906212
DEN,Denver,2025-03-19,March,Wednesday,845.0,824.0,1.4854368932038835,-9.0,23.700000000000045,673.0,14.199029126213592,8.42111650485437,8.600728155339805,2.485207100591716,0.0,4.847337278106509,0.8272189349112427,1.3763313609467456,0.0,3.4591715976331363
DEN,Denver,2025-03-20,March,Thursday,905.0,902.0,-2.2161862527716187,-11.0,22.0,587.0,12.971175166297117,7.767184035476719,9.07538802660754,0.3314917127071823,0.0,4.0320441988950275,0.4,0.5966850828729282,0.0,3.898342541436464
DEN,Denver,2025-03-21,March,Friday,903.0,901.0,-7.148723640399556,-12.0,12.0,419.0,9.32297447280799,2.683684794672586,8.86015538290788,0.22148394241417496,0.0,1.7187153931339978,0.0,0.3532668881506091,0.06755260243632337,2.913621262458472
DEN,Denver,2025-03-22,March,Saturday,818.0,818.0,-5.13080684596577,-11.0,11.0,630.0,8.679706601466993,3.6992665036674817,8.84718826405868,0.0,0.0,2.6136919315403424,0.6882640586797066,0.45232273838630804,0.6259168704156479,2.0684596577017116
DEN,Denver,2025-03-23,March,Sunday,877.0,875.0,-1.286857142857143,-8.0,16.0,693.0,11.085714285714285,5.547428571428571,8.466285714285714,0.22805017103762829,0.0,3.9019384264538197,0.0,0.7058152793614595,0.0,3.657924743443558
DEN,Denver,2025-03-24,March,Monday,904.0,904.0,0.14823008849557523,-8.0,28.700000000000045,1124.0,17.035398230088493,7.996681415929204,9.09070796460177,0.0,0.0,3.5962389380530975,0.2411504424778761,2.256637168141593,0.035398230088495575,3.5420353982300883
DEN,Denver,2025-03-25,March,Tuesday,823.0,823.0,-8.928311057108141,-13.0,7.800000000000068,322.0,6.925880923450791,-0.40704738760631837,9.228432563791008,0.0,0.0,1.0789793438639126,0.33900364520048604,0.8007290400972054,0.0,1.686512758201701
DEN,Denver,2025-03-26,March,Wednesday,845.0,845.0,-7.189349112426036,-12.0,8.0,380.0,6.982248520710059,2.114792899408284,9.084023668639054,0.0,0.0,2.8153846153846156,0.13846153846153847,0.4437869822485207,0.0,1.7479289940828402
DEN,Denver,2025-03-27,March,Thursday,906.0,906.0,-4.950331125827814,-12.0,22.0,224.0,12.693156732891833,3.683222958057395,8.388520971302428,0.0,0.0,2.4911699779249448,0.2041942604856512,2.718543046357616,0.04746136865342163,1.4028697571743929
DEN,Denver,2025-03-28,March,Friday,903.0,901.0,-4.956714761376249,-12.0,17.0,541.0,11.098779134295228,5.577136514983351,9.551609322974473,0.0,0.22148394241417496,3.223698781838317,0.4141749723145072,0.5758582502768549,0.0,3.1727574750830563
DEN,Denver,2025-03-29,March,Saturday,816.0,813.0,6.613776137761378,-6.0,56.0,695.0,24.354243542435423,12.015990159901598,11.317343173431734,0.12254901960784313,0.24509803921568626,3.6924019607843137,1.0416666666666667,8.185049019607844,0.04411764705882353,2.439950980392157
DEN,Denver,2025-03-30,March,Sunday,856.0,844.0,25.75473933649289,10.0,89.40000000000009,642.0,46.09004739336493,25.614928909952607,10.02132701421801,1.1682242990654206,0.23364485981308408,7.160046728971962,0.6577102803738317,11.199766355140186,0.0,10.575934579439252
DEN,Denver,2025-03-31,March,Monday,883.0,841.0,19.351961950059454,1.0,74.0,486.0,33.769322235434004,21.47681331747919,9.434007134363853,1.9252548131370328,2.8312570781426953,6.057757644394111,1.7044167610419025,6.021517553793885,0.0,9.984144960362402
DEN,Denver,2025-04-01,April,Tuesday,803.0,794.0,12.317380352644836,0.5,49.700000000000045,846.0,32.61964735516373,11.270780856423174,9.573047858942065,0.9962640099626401,0.12453300124533001,6.084682440846825,0.9215442092154421,6.221668742216687,0.0,3.947696139476961
DEN,Denver,2025-04-02,April,Wednesday,826.0,817.0,13.920440636474908,-1.0,55.0,438.0,30.722154222766218,14.188494492044063,9.32313341493268,1.0895883777239708,0.0,3.623486682808717,1.2566585956416465,4.743341404358354,0.0,9.772397094430993
DEN,Denver,2025-04-03,April,Thursday,883.0,870.0,35.11609195402299,12.0,117.10000000000002,439.0,47.12643678160919,30.679310344827588,11.055172413793104,1.3590033975084939,0.11325028312570783,5.078142695356738,2.5141562853907136,22.06908267270668,0.0,7.5843714609286526
DEN,Denver,2025-04-04,April,Friday,882.0,874.0,31.101830663615562,16.0,81.0,1012.0,52.059496567505725,26.767734553775743,9.823798627002288,0.9070294784580499,0.0,7.383219954648526,0.800453514739229,13.811791383219955,0.05102040816326531,9.76530612244898
DEN,Denver,2025-04-05,April,Saturday,791.0,783.0,10.348659003831418,-2.0,42.0,1176.0,25.798212005108557,12.88888888888889,10.051085568326947,1.0113780025284451,0.0,5.481668773704172,0.5714285714285714,2.137800252844501,0.0,7.072060682680152
DEN,Denver,2025-04-06,April,Sunday,857.0,857.0,2.855309218203034,-7.0,27.0,480.0,15.519253208868145,9.789964994165695,9.367561260210035,0.0,0.0,3.627771295215869,1.0548424737456243,0.9743290548424738,0.0,5.23220536756126
DEN,Denver,2025-04-07,April,Monday,881.0,881.0,-3.2871736662883086,-10.0,19.0,839.0,11.691259931895573,5.264472190692395,8.81838819523269,0.0,0.0,4.171396140749149,0.08286038592508513,0.39500567536889897,0.0,2.5300794551645858
DEN,Denver,2025-04-08,April,Tuesday,810.0,809.0,-4.8182941903584675,-13.0,14.0,503.0,9.88875154511743,4.0358467243510505,9.57725587144623,0.12345679012345678,0.0,2.4592592592592593,0.0049382716049382715,0.5419753086419753,0.0,4.533333333333333
DEN,Denver,2025-04-09,April,Wednesday,832.0,830.0,-4.581927710843374,-9.0,14.100000000000023,440.0,10.0,0.3614457831325301,9.48433734939759,0.1201923076923077,0.1201923076923077,2.3125,0.0,0.6262019230769231,0.0,1.7067307692307692
DEN,Denver,2025-04-10,April,Thursday,879.0,878.0,-4.018223234624146,-9.0,15.0,639.0,10.478359908883828,3.3405466970387243,8.834851936218678,0.11376564277588168,0.0,2.497155858930603,0.16837315130830488,0.8850967007963595,0.04323094425483504,2.5301478953356087
DEN,Denver,2025-04-11,April,Friday,879.0,878.0,-4.689066059225513,-11.0,14.0,613.0,9.90888382687927,5.145785876993166,8.466970387243736,0.0,0.11376564277588168,3.2093287827076225,0.0,0.2525597269624573,0.026166097838452786,3.4254835039817975
DEN,Denver,2025-04-12,April,Saturday,772.0,771.0,-9.818417639429313,-15.0,5.0,540.0,5.317769130998703,1.1271076523994812,9.810635538261998,0.0,0.1295336787564767,2.8911917098445596,0.0,0.10103626943005181,0.0,0.9727979274611399
DEN,Denver,2025-04-13,April,Sunday,877.0,876.0,4.885844748858448,-8.0,31.0,754.0,17.69406392694064,9.912100456621005,9.740867579908675,0.0,0.11402508551881414,6.6864310148232615,0.11972633979475485,1.4458380843785632,0.4264538198403649,4.3135689851767385
DEN,Denver,2025-04-14,April,Monday,876.0,875.0,1.7428571428571429,-6.0,21.0,1510.0,14.514285714285712,4.798857142857143,9.885714285714286,0.1141552511415525,0.0,5.332191780821918,0.136986301369863,1.0296803652968036,0.0,1.9863013698630136
DEN,Denver,2025-04-15,April,Tuesday,811.0,810.0,-7.646913580246913,-12.0,6.0,927.0,6.419753086419753,0.4074074074074074,9.025925925925925,0.12330456226880394,0.0,3.318125770653514,0.0,0.3279901356350185,0.018495684340320593,0.6818742293464858
DEN,Denver,2025-04-16,April,Wednesday,832.0,800.0,8.73375,-7.5,59.200000000000045,893.0,22.5,11.76375,9.31625,0.2403846153846154,3.6057692307692304,3.0288461538461537,1.5685096153846154,8.235576923076923,0.0,3.985576923076923
DEN,Denver,2025-04-17,April,Thursday,878.0,857.0,21.77596266044341,4.0,69.0,1018.0,37.45624270711785,19.607934655775964,9.386231038506418,0.0,2.3917995444191344,5.05125284738041,2.722095671981777,10.46127562642369,0.0,7.086560364464693
DEN,Denver,2025-04-18,April,Friday,881.0,815.0,111.37055214723927,103.0,244.0,1201.0,79.2638036809816,101.69815950920245,11.415950920245399,7.377979568671964,0.11350737797956867,9.359818388195233,7.574347332576617,73.02837684449489,0.0,13.549375709421112
DEN,Denver,2025-04-19,April,Saturday,772.0,767.0,6.7940026075619295,-6.0,34.0,1058.0,17.60104302477184,10.667535853976531,8.701434159061277,0.38860103626943004,0.2590673575129534,8.856217616580311,1.455958549222798,1.4935233160621761,0.0,2.6308290155440415
DEN,Denver,2025-04-20,April,Sunday,875.0,873.0,-3.0813287514318444,-11.0,16.0,609.0,10.767468499427263,4.625429553264605,9.461626575028637,0.1142857142857143,0.1142857142857143,3.254857142857143,0.08114285714285714,0.7108571428571429,0.0,3.7942857142857145
DEN,Denver,2025-04-21,April,Monday,878.0,875.0,-0.8445714285714285,-9.0,24.0,297.0,13.142857142857142,6.678857142857143,9.570285714285715,0.22779043280182232,0.11389521640091116,1.7596810933940774,1.0523917995444192,0.591116173120729,0.0,5.060364464692483
DEN,Denver,2025-04-22,April,Tuesday,801.0,800.0,-5.415,-11.0,12.100000000000023,407.0,8.75,1.0525,8.7975,0.0,0.12484394506866417,2.8776529338327093,0.0,0.6129837702871411,0.0,1.7453183520599251
DEN,Denver,2025-04-23,April,Wednesday,816.0,814.0,7.444717444717445,-6.0,49.0,363.0,27.14987714987715,9.323095823095823,9.185503685503685,0.0,0.24509803921568626,4.762254901960785,0.7487745098039216,5.626225490196078,0.04656862745098039,3.7254901960784315
DEN,Denver,2025-04-24,April,Thursday,876.0,831.0,56.07942238267148,28.0,182.0,418.0,62.093862815884485,43.950661853188926,10.084235860409146,1.36986301369863,3.767123287671233,5.179223744292237,4.236301369863014,38.34703196347032,0.04908675799086758,7.474885844748859
DEN,Denver,2025-04-25,April,Friday,882.0,864.0,45.59375,28.0,121.0,829.0,61.458333333333336,41.704861111111114,9.708333333333334,1.2471655328798186,0.7936507936507936,8.552154195011338,2.9580498866213154,28.496598639455783,0.0,6.280045351473923
DEN,Denver,2025-04-26,April,Saturday,760.0,755.0,22.174834437086094,4.0,63.0,1136.0,35.496688741721854,17.91523178807947,8.724503311258278,0.13157894736842105,0.5263157894736842,9.535526315789474,1.3789473684210527,9.028947368421052,0.0,6.228947368421053
DEN,Denver,2025-04-27,April,Sunday,878.0,876.0,1.7237442922374429,-6.0,35.5,250.0,19.863013698630137,6.501141552511416,9.352739726027398,0.11389521640091116,0.11389521640091116,3.7699316628701594,0.11845102505694761,2.0296127562642368,0.0,3.4020501138952164
DEN,Denver,2025-04-28,April,Monday,876.0,875.0,8.157714285714286,-3.0,33.0,909.0,21.942857142857143,11.605714285714285,9.712,0.1141552511415525,0.0,6.469178082191781,0.14726027397260275,2.9965753424657535,0.0,4.656392694063927
DEN,Denver,2025-04-29,April,Tuesday,801.0,798.0,7.795739348370927,-4.0,46.30000000000007,513.0,23.809523809523807,10.097744360902256,8.50501253132832,0.37453183520599254,0.0,4.882646691635456,0.7702871410736579,7.453183520599251,0.0,1.00374531835206
DEN,Denver,2025-04-30,April,Wednesday,816.0,809.0,11.509270704573547,-4.0,57.200000000000045,505.0,24.721878862793574,12.820766378244747,9.658838071693449,0.857843137254902,0.0,4.819852941176471,1.732843137254902,6.797794117647059,0.023284313725490197,4.572303921568627
DEN,Denver,2025-05-01,May,Thursday,886.0,884.0,6.403846153846154,-4.0,38.700000000000045,375.0,21.040723981900452,8.444570135746606,10.378959276018099,0.1128668171557562,0.1128668171557562,4.709932279909706,0.40857787810383744,3.804740406320542,0.009029345372460496,3.915349887133183
DEN,Denver,2025-05-02,May,Friday,890.0,881.0,6.855845629965947,-4.0,38.0,1001.0,19.63677639046538,9.608399545970489,9.862656072644722,0.8988764044943821,0.11235955056179776,5.292134831460674,0.7258426966292135,2.4741573033707867,0.0,4.737078651685393
DEN,Denver,2025-05-03,May,Saturday,756.0,752.0,-4.865691489361702,-11.0,15.0,488.0,10.23936170212766,4.246010638297872,8.946808510638299,0.5291005291005291,0.0,3.2208994708994707,0.44576719576719576,0.8994708994708994,0.05555555555555555,2.2645502645502646
DEN,Denver,2025-05-04,May,Sunday,890.0,887.0,9.817361894024803,-3.0,54.0,722.0,30.101465614430666,16.214205186020294,8.956031567080045,0.22471910112359553,0.11235955056179776,4.6730337078651685,0.302247191011236,6.657303370786517,0.0,6.857303370786517
DEN,Denver,2025-05-05,May,Monday,894.0,892.0,28.536995515695068,6.0,88.0,839.0,44.28251121076233,29.946188340807176,9.189461883408072,0.22371364653243847,0.0,5.854586129753915,1.8635346756152125,16.880313199105146,0.0,9.43400447427293
DEN,Denver,2025-05-06,May,Tuesday,804.0,796.0,29.532663316582916,14.0,83.0,1031.0,49.37185929648241,26.62562814070352,11.0,0.6218905472636816,0.3731343283582089,4.79726368159204,3.3383084577114426,16.513681592039802,0.0,7.706467661691542
DEN,Denver,2025-05-07,May,Wednesday,827.0,824.0,14.508495145631068,8.0,55.700000000000045,782.0,41.50485436893204,17.768203883495147,9.20873786407767,0.24183796856106407,0.12091898428053204,3.7376058041112454,1.003627569528416,13.448609431680774,0.0,1.7134220072551392
DEN,Denver,2025-05-08,May,Thursday,894.0,893.0,-7.368421052631579,-11.0,13.0,333.0,9.518477043673013,2.8006718924972005,9.152295632698769,0.11185682326621924,0.0,3.057046979865772,0.2080536912751678,0.4015659955257271,0.053691275167785234,1.2483221476510067
DEN,Denver,2025-05-09,May,Friday,897.0,894.0,-6.052572706935123,-12.0,14.0,352.0,9.955257270693513,4.193512304250559,10.167785234899329,0.33444816053511706,0.0,2.490523968784838,0.05239687848383501,0.5986622073578596,0.0,2.870680044593088
DEN,Denver,2025-05-10,May,Saturday,761.0,760.0,-11.115789473684211,-14.0,5.100000000000023,413.0,5.263157894736842,0.05394736842105263,9.026315789473685,0.1314060446780552,0.0,2.1182654402102497,0.01576872536136662,0.16819973718791065,0.0,0.7621550591327201
DEN,Denver,2025-05-11,May,Sunday,894.0,882.0,1.6700680272108843,-11.0,40.0,1032.0,19.501133786848072,10.35827664399093,9.79251700680272,0.33557046979865773,1.006711409395973,5.380313199105146,0.5525727069351231,2.859060402684564,0.053691275167785234,4.483221476510067
DEN,Denver,2025-05-12,May,Monday,899.0,897.0,-4.560758082497213,-11.0,19.0,746.0,11.594202898550725,6.707915273132665,9.391304347826088,0.22246941045606228,0.0,3.4582869855394884,0.002224694104560623,0.4271412680756396,0.0,3.2436040044493883
DEN,Denver,2025-05-13,May,Tuesday,807.0,807.0,-11.640644361833953,-15.0,6.0,545.0,5.452292441140025,0.4795539033457249,9.919454770755886,0.0,0.0,2.214374225526642,0.026022304832713755,0.4993804213135068,0.0,0.6096654275092936
DEN,Denver,2025-05-14,May,Wednesday,828.0,786.0,25.81679389312977,0.0,119.5,550.0,37.786259541984734,23.916030534351144,12.054707379134861,1.6908212560386473,3.3816425120772946,4.878019323671498,2.7089371980676327,16.444444444444443,0.0,6.963768115942029
DEN,Denver,2025-05-15,May,Thursday,895.0,887.0,9.406989853438557,-2.0,38.0,764.0,23.22435174746336,11.393461104847802,11.216459977452086,0.8938547486033519,0.0,5.4927374301675975,0.048044692737430165,2.159776536312849,0.0,6.358659217877095
DEN,Denver,2025-05-16,May,Friday,900.0,891.0,12.760942760942761,-5.0,50.0,1207.0,20.65095398428732,16.40516273849607,10.54320987654321,0.8888888888888888,0.1111111111111111,9.22,0.15666666666666668,2.471111111111111,0.0,7.183333333333334
DEN,Denver,2025-05-17,May,Saturday,763.0,754.0,10.220159151193634,0.0,46.0,469.0,28.514588859416445,8.749336870026525,10.411140583554376,0.655307994757536,0.5242463958060288,5.6028833551769335,0.18479685452162517,4.617300131061599,0.0,4.385321100917431
DEN,Denver,2025-05-18,May,Sunday,898.0,853.0,48.95662368112544,16.0,153.0,1191.0,51.1137162954279,42.28487690504103,11.722157092614303,1.3363028953229399,3.6748329621380846,7.289532293986637,4.319599109131403,31.318485523385302,0.0,7.729398663697105
DEN,Denver,2025-05-19,May,Monday,899.0,894.0,21.309843400447427,1.0,76.0,1053.0,35.34675615212528,21.796420581655482,10.249440715883669,0.44493882091212456,0.11123470522803114,6.3481646273637375,2.0667408231368185,11.484983314794215,0.0,5.733036707452725
DEN,Denver,2025-05-20,May,Tuesday,810.0,808.0,0.7858910891089109,-8.0,23.0,409.0,14.480198019801978,7.474009900990099,10.361386138613861,0.24691358024691357,0.0,4.555555555555555,0.9395061728395062,1.123456790123457,0.0,2.697530864197531
DEN,Denver,2025-05-21,May,Wednesday,830.0,829.0,-1.0820265379975875,-7.0,24.0,215.0,15.199034981905909,5.2907117008443905,10.143546441495777,0.0,0.12048192771084339,3.2686746987951807,0.09397590361445783,1.2313253012048193,0.008433734939759036,2.646987951807229
DEN,Denver,2025-05-22,May,Thursday,939.0,934.0,3.8758029978586723,-5.0,27.0,971.0,16.488222698072803,9.679871520342612,8.911134903640257,0.5324813631522897,0.0,4.5825346112886045,0.06922257720979766,0.9414270500532481,0.0,5.2161874334398295
DEN,Denver,2025-05-23,May,Friday,940.0,937.0,2.034151547491996,-5.0,21.0,829.0,13.767342582710778,6.258271077908217,10.734258271077909,0.3191489361702127,0.0,3.022340425531915,0.07234042553191489,1.4382978723404256,0.0,3.5553191489361704
DEN,Denver,2025-05-24,May,Saturday,833.0,780.0,61.94358974358974,24.0,194.0,1177.0,60.256410256410255,49.16794871794872,11.166666666666666,3.0012004801920766,3.361344537815126,5.997599039615847,7.2533013205282115,39.87394957983193,0.025210084033613446,5.3181272509003605
DEN,Denver,2025-05-25,May,Sunday,880.0,865.0,62.79306358381503,30.0,146.60000000000002,1066.0,59.884393063583815,53.033526011560696,15.574566473988439,1.25,0.45454545454545453,8.651136363636363,4.596590909090909,36.69090909090909,0.43977272727272726,13.6875
DEN,Denver,2025-05-26,May,Monday,932.0,882.0,83.55442176870748,43.5,223.89999999999998,884.0,69.72789115646259,72.70521541950113,11.40702947845805,3.2188841201716736,2.1459227467811157,9.348712446351932,6.737124463519313,50.88090128755365,0.0,12.763948497854077
DEN,Denver,2025-05-27,May,Tuesday,862.0,802.0,65.88029925187033,47.0,148.0,868.0,67.70573566084788,61.44887780548628,10.739401496259351,4.408352668213457,2.5522041763341066,8.423433874709977,5.677494199535963,37.279582366589324,0.0,11.145011600928074
DEN,Denver,2025-05-28,May,Wednesday,872.0,865.0,30.641618497109828,6.0,105.60000000000002,970.0,42.89017341040463,27.97341040462428,10.250867052023121,0.45871559633027525,0.34403669724770647,5.932339449541284,2.2236238532110093,21.15711009174312,0.0,5.144495412844036
DEN,Denver,2025-05-29,May,Thursday,943.0,940.0,18.192553191489363,6.0,56.10000000000002,633.0,40.638297872340424,18.06595744680851,10.093617021276597,0.3181336161187699,0.0,5.428419936373277,1.295864262990456,11.810180275715801,0.05938494167550371,3.095440084835631
DEN,Denver,2025-05-30,May,Friday,939.0,914.0,15.99781181619256,0.0,70.0,668.0,31.72866520787746,14.668490153172867,10.549234135667396,0.8519701810436635,1.810436634717785,4.50692225772098,1.8477103301384452,9.814696485623003,0.014909478168264111,5.605963791267306
DEN,Denver,2025-05-31,May,Saturday,836.0,835.0,-1.932934131736527,-7.0,23.0,327.0,14.37125748502994,3.977245508982036,11.706586826347305,0.11961722488038277,0.0,3.15311004784689,0.37559808612440193,1.4162679425837321,0.0,1.9066985645933014
DEN,Denver,2025-06-01,June,Sunday,938.0,917.0,21.327153762268267,0.0,99.39999999999998,372.0,35.55070883315158,22.02071973827699,11.070883315158124,0.10660980810234541,2.1321961620469083,3.449893390191898,1.9914712153518124,17.269722814498934,0.0,4.788912579957356
DEN,Denver,2025-06-02,June,Monday,942.0,938.0,26.470149253731343,-1.0,110.0,869.0,35.82089552238806,28.090618336886994,10.90085287846482,0.3184713375796179,0.10615711252653928,3.9830148619957537,1.8184713375796178,22.607218683651805,0.0,4.720806794055202
DEN,Denver,2025-06-03,June,Tuesday,856.0,852.0,20.030516431924884,9.5,58.89999999999998,724.0,45.18779342723005,17.130281690140844,10.136150234741784,0.35046728971962615,0.11682242990654204,4.88785046728972,2.552570093457944,12.30607476635514,0.017523364485981307,3.0373831775700935
DEN,Denver,2025-06-04,June,Wednesday,863.0,852.0,8.894366197183098,-5.0,59.89999999999998,374.0,22.652582159624412,10.083333333333334,9.69718309859155,0.11587485515643105,1.1587485515643106,2.705677867902665,0.6581691772885284,8.422943221320974,0.0,3.745075318655852
DEN,Denver,2025-06-05,June,Thursday,970.0,953.0,59.52360965372508,24.0,178.0,975.0,56.34837355718783,48.55299055613851,11.643231899265478,0.8247422680412372,0.9278350515463918,8.535051546391752,2.9237113402061854,38.730927835051546,0.0,10.050515463917526
DEN,Denver,2025-06-06,June,Friday,972.0,953.0,44.23819517313746,17.0,131.4000000000002,994.0,53.09548793284365,38.01049317943337,10.08919202518363,1.954732510288066,0.0,10.356995884773662,2.4979423868312756,22.2880658436214,0.0,9.570987654320987
DEN,Denver,2025-06-07,June,Saturday,865.0,863.0,6.090382387022016,-5.0,27.0,1299.0,15.990730011587488,11.585168018539976,9.626882966396291,0.23121387283236997,0.0,8.020809248554913,0.9017341040462428,0.9618497109826589,0.0,2.784971098265896
DEN,Denver,2025-06-08,June,Sunday,969.0,961.0,25.315296566077002,11.0,74.0,354.0,45.26534859521332,22.796045785639958,10.374609781477627,0.6191950464396285,0.20639834881320948,6.242518059855521,1.256965944272446,12.379772961816306,0.0,7.362229102167182
DEN,Denver,2025-06-09,June,Monday,973.0,969.0,7.891640866873065,-4.0,41.200000000000045,564.0,20.536635706914343,13.560371517027864,9.819401444788442,0.41109969167523125,0.0,5.658787255909558,0.9537512846865365,1.383350462487153,0.0,5.874614594039055
DEN,Denver,2025-06-10,June,Tuesday,892.0,886.0,4.887133182844244,-4.0,37.0,515.0,22.121896162528216,9.267494356659142,8.59706546275395,0.11210762331838565,0.5605381165919282,5.265695067264574,0.4585201793721973,1.8621076233183858,0.0,4.052690582959642
DEN,Denver,2025-06-11,June,Wednesday,907.0,895.0,17.945251396648043,-3.0,85.0,904.0,32.737430167597765,21.291620111731845,9.350837988826816,0.8820286659316428,0.4410143329658214,4.737596471885336,2.8235942668136715,9.683572216097023,0.0,7.24696802646086
DEN,Denver,2025-06-12,June,Thursday,973.0,956.0,23.93723849372385,3.0,88.0,466.0,39.33054393305439,24.222803347280333,9.42887029288703,1.1305241521068858,0.6166495375128468,5.950668036998972,1.3381294964028776,14.527235354573484,0.0,7.0041109969167525
DEN,Denver,2025-06-13,June,Friday,973.0,941.0,21.231668437832095,0.0,86.0,594.0,35.60042507970245,20.40595111583422,9.696068012752391,1.2332990750256936,2.055498458376156,4.238437821171634,3.1819116135662897,13.548818088386433,0.0,4.921891058581706
DEN,Denver,2025-06-14,June,Saturday,877.0,860.0,16.438372093023254,-1.0,69.10000000000002,475.0,29.53488372093023,18.06279069767442,9.747674418604651,0.11402508551881414,1.8244013683010263,6.955530216647663,0.9714937286202965,7.529076396807298,0.043329532497149374,6.0513112884834666
DEN,Denver,2025-06-15,June,Sunday,971.0,937.0,31.548559231590183,6.0,100.0,1314.0,42.902881536819635,31.194236926360727,9.541088580576307,1.544799176107106,1.956745623069001,6.76313079299691,1.6107106076210094,13.667353244078269,0.0,13.29969104016478
DEN,Denver,2025-06-16,June,Monday,978.0,970.0,12.58659793814433,-4.0,52.10000000000002,671.0,26.082474226804127,19.150515463917525,10.523711340206185,0.81799591002045,0.0,7.2024539877300615,1.2505112474437627,1.9458077709611452,0.019427402862985686,8.022494887525562
DEN,Denver,2025-06-17,June,Tuesday,908.0,825.0,90.00484848484848,60.0,215.80000000000007,1224.0,78.18181818181819,78.71636363636364,11.484848484848484,5.39647577092511,3.7444933920704844,9.857929515418503,5.96806167400881,47.01541850220264,0.0,19.515418502202643
DEN,Denver,2025-06-18,June,Wednesday,923.0,917.0,9.970556161395857,-4.0,53.39999999999998,588.0,23.991275899672846,16.918211559432933,9.386041439476553,0.6500541711809318,0.0,7.771397616468039,0.3564463705308776,1.5287107258938244,0.0,6.926327193932828
DEN,Denver,2025-06-19,June,Thursday,980.0,973.0,7.738951695786228,-7.0,35.0,918.0,17.67728674203494,15.857142857142858,9.717368961973278,0.5102040816326531,0.20408163265306123,4.746938775510204,1.0357142857142858,1.707142857142857,0.0,8.357142857142858
DEN,Denver,2025-06-20,June,Friday,974.0,968.0,4.1477272727272725,-7.0,38.30000000000007,317.0,17.768595041322314,13.363636363636363,9.65702479338843,0.6160164271047228,0.0,5.705338809034908,0.45790554414784396,0.9168377823408624,0.0,5.085215605749487
DEN,Denver,2025-06-21,June,Saturday,877.0,872.0,2.4013761467889907,-10.0,23.0,1043.0,13.990825688073393,12.623853211009175,10.748853211009175,0.45610034207525657,0.11402508551881414,6.534777651083238,0.13683010262257697,0.9566704675028507,0.0,5.278221208665906
DEN,Denver,2025-06-22,June,Sunday,974.0,940.0,16.704255319148935,-4.0,70.0,1129.0,31.170212765957444,22.213829787234044,10.485106382978723,0.5133470225872689,2.97741273100616,6.108829568788501,1.3788501026694044,7.803901437371663,0.0,7.981519507186858
DEN,Denver,2025-06-23,June,Monday,978.0,972.0,5.789094650205762,-5.0,34.89999999999998,806.0,19.855967078189302,12.998971193415638,9.8559670781893,0.5112474437627812,0.10224948875255625,5.016359918200409,0.18813905930470348,1.5971370143149284,0.0,6.656441717791411
DEN,Denver,2025-06-24,June,Tuesday,909.0,894.0,31.284116331096197,3.0,111.0,1192.0,40.15659955257271,31.671140939597315,9.823266219239374,0.11001100110011,1.54015401540154,7.313531353135313,2.2486248624862486,18.228822882288227,0.0,8.258525852585258
DEN,Denver,2025-06-25,June,Wednesday,922.0,892.0,32.36659192825112,7.0,90.69999999999993,1180.0,41.591928251121075,30.489910313901344,10.236547085201794,0.6507592190889371,2.6030368763557483,9.586767895878525,3.6052060737527114,13.419739696312364,0.0,9.265726681127983
DEN,Denver,2025-06-26,June,Thursday,983.0,971.0,17.28630278063852,-4.0,79.0,1128.0,26.776519052523174,21.038105046343976,9.898043254376931,1.2207527975584944,0.0,8.079348931841302,1.7222787385554426,4.579857578840285,0.0,9.311291963377416
DEN,Denver,2025-06-27,June,Friday,986.0,974.0,9.557494866529774,-5.0,49.0,765.0,23.203285420944557,16.435318275154003,9.123203285420944,1.0141987829614605,0.2028397565922921,7.301217038539554,2.026369168356998,1.7058823529411764,0.0,5.422920892494929
DEN,Denver,2025-06-28,June,Saturday,881.0,877.0,6.895096921322691,-7.0,38.0,847.0,18.814139110604334,14.176738882554162,9.82896237172178,0.4540295119182747,0.0,6.98410896708286,0.35414301929625425,1.3677639046538026,0.0340522133938706,5.832009080590239
DEN,Denver,2025-06-29,June,Sunday,974.0,970.0,23.23298969072165,2.0,71.0,845.0,36.597938144329895,26.695876288659793,9.496907216494845,0.3080082135523614,0.10266940451745381,9.703285420944558,2.1940451745379876,7.55441478439425,0.0,8.952772073921972
DEN,Denver,2025-06-30,June,Monday,980.0,975.0,8.971282051282051,-3.0,36.60000000000002,620.0,21.846153846153847,13.019487179487179,9.196923076923078,0.40816326530612246,0.10204081632653061,4.735714285714286,1.066326530612245,2.0755102040816324,0.0,6.697959183673469
DEN,Denver,2025-07-01,July,Tuesday,910.0,883.0,25.43374858437146,0.0,102.0,1024.0,35.78708946772367,26.02718006795017,11.609286523216308,1.208791208791209,1.7582417582417582,7.110989010989011,3.1626373626373625,11.903296703296704,0.0,8.232967032967032
DEN,Denver,2025-07-02,July,Wednesday,934.0,933.0,6.693461950696677,-7.0,45.0,945.0,21.972132904608788,15.32261521972133,8.935691318327974,0.10706638115631692,0.0,7.23982869379015,0.42398286937901497,1.1798715203426124,0.018201284796573874,5.928265524625267
DEN,Denver,2025-07-03,July,Thursday,984.0,978.0,5.897750511247444,-8.0,39.0,1303.0,17.791411042944784,14.521472392638037,8.789366053169735,0.5081300813008129,0.10162601626016261,7.360772357723577,0.6615853658536586,1.2591463414634145,0.0,6.096544715447155
DEN,Denver,2025-07-04,July,Friday,858.0,857.0,2.278879813302217,-7.0,27.399999999999977,1078.0,17.269544924154026,6.2788798133022174,9.338389731621938,0.0,0.11655011655011654,6.082750582750583,0.4125874125874126,2.203962703962704,0.0,2.5303030303030303
DEN,Denver,2025-07-05,July,Saturday,824.0,778.0,22.087403598971722,0.0,102.0,544.0,36.11825192802057,22.57840616966581,10.146529562982005,0.8495145631067961,4.733009708737864,6.341019417475728,1.7463592233009708,14.37742718446602,0.0,4.446601941747573
DEN,Denver,2025-07-06,July,Sunday,985.0,881.0,28.530079455164586,-3.0,119.0,1048.0,34.165720771850175,29.679909194097615,10.770715096481272,2.5380710659898478,8.020304568527918,10.489340101522842,2.163451776649746,12.252791878172589,0.024365482233502538,6.965482233502538
DEN,Denver,2025-07-07,July,Monday,988.0,960.0,27.998958333333334,4.5,85.10000000000002,1098.0,41.5625,28.786458333333332,9.284375,2.1255060728744937,0.708502024291498,6.612348178137652,2.972672064777328,10.649797570850202,0.015182186234817813,11.658906882591094
DEN,Denver,2025-07-08,July,Tuesday,918.0,868.0,33.7684331797235,1.0,132.30000000000007,770.0,40.09216589861751,34.00921658986175,9.849078341013826,2.6143790849673203,2.832244008714597,6.004357298474946,5.647058823529412,15.624183006535947,0.0,10.117647058823529
DEN,Denver,2025-07-09,July,Wednesday,939.0,930.0,10.058064516129033,-5.0,53.10000000000002,1065.0,21.827956989247312,17.164516129032258,10.758064516129032,0.9584664536741214,0.0,5.829605963791267,0.9382321618743344,1.4185303514376997,0.022364217252396165,8.933972310969116
DEN,Denver,2025-07-10,July,Thursday,992.0,890.0,80.32359550561797,41.0,220.0,1204.0,67.97752808988764,71.84943820224719,10.596629213483146,5.745967741935484,4.536290322580645,9.21975806451613,10.237903225806452,39.79133064516129,0.0,14.54133064516129
DEN,Denver,2025-07-11,July,Friday,989.0,884.0,41.321266968325794,7.0,147.70000000000005,1040.0,45.13574660633484,36.53733031674208,10.157239819004525,5.864509605662286,4.752275025278059,8.841253791708796,3.4074823053589482,17.064711830131447,0.0,11.61274014155713
DEN,Denver,2025-07-12,July,Saturday,883.0,855.0,14.16842105263158,-1.0,56.0,656.0,26.08187134502924,19.74035087719298,10.03859649122807,3.1710079275198186,0.0,8.114382785956964,1.332955832389581,1.667044167610419,0.0,7.514156285390714
DEN,Denver,2025-07-13,July,Sunday,983.0,965.0,17.516062176165804,-1.0,72.0,739.0,29.637305699481864,22.50362694300518,9.88497409326425,1.8311291963377416,0.0,7.767039674465921,1.2441505595116988,3.555442522889115,0.03458799593082401,10.25940996948118
DEN,Denver,2025-07-14,July,Monday,987.0,955.0,32.54031413612565,8.0,91.0,1088.0,42.617801047120416,33.10471204188482,9.515183246073299,2.43161094224924,0.8105369807497468,8.683890577507599,3.332320162107396,10.01114488348531,0.05673758865248227,13.242147922998987
DEN,Denver,2025-07-15,July,Tuesday,919.0,909.0,6.026402640264027,-4.0,40.0,514.0,22.442244224422442,12.5995599559956,10.398239823982399,0.9793253536452665,0.1088139281828074,6.188248095756257,0.6811751904243744,1.4243743199129488,0.0,4.507072905331882
DEN,Denver,2025-07-16,July,Wednesday,939.0,912.0,50.93640350877193,24.0,149.0,1034.0,56.03070175438597,42.73684210526316,9.777412280701755,1.4909478168264112,1.384451544195953,8.197018104366347,4.36741214057508,30.896698615548456,0.0,8.725239616613418
DEN,Denver,2025-07-17,July,Thursday,994.0,985.0,7.85989847715736,-1.0,37.0,806.0,23.756345177664976,10.163451776649746,9.795939086294416,0.8048289738430584,0.1006036217303823,4.393360160965795,0.5171026156941649,2.6106639839034207,0.04124748490945674,4.829979879275654
DEN,Denver,2025-07-18,July,Friday,993.0,969.0,12.278637770897832,-1.0,58.0,419.0,29.82456140350877,11.13312693498452,9.779153766769866,0.4028197381671702,2.014098690835851,5.063444108761329,1.080563947633434,6.118831822759315,0.0,5.061430010070493
DEN,Denver,2025-07-19,July,Saturday,884.0,880.0,6.2943181818181815,-3.0,36.0,611.0,23.295454545454543,9.595454545454546,9.443181818181818,0.4524886877828055,0.0,5.615384615384615,0.8574660633484162,2.262443438914027,0.0,3.682126696832579
DEN,Denver,2025-07-20,July,Sunday,987.0,980.0,3.3591836734693876,-7.0,31.100000000000023,421.0,18.16326530612245,10.88265306122449,9.58469387755102,0.4052684903748734,0.303951367781155,4.145896656534954,0.3242147922998987,1.5005065856129687,0.0,5.594731509625126
DEN,Denver,2025-07-21,July,Monday,992.0,985.0,2.3857868020304567,-6.0,30.800000000000068,382.0,17.868020304568528,9.388832487309644,10.120812182741117,0.7056451612903225,0.0,3.786290322580645,0.7782258064516129,1.405241935483871,0.14818548387096775,4.422379032258065
DEN,Denver,2025-07-22,July,Tuesday,919.0,891.0,29.408529741863074,-1.0,150.0,383.0,36.7003367003367,30.708193041526375,9.397306397306398,1.7410228509249184,1.3057671381936888,4.699673558215451,2.17519042437432,22.194776931447226,0.015233949945593036,6.279651795429815
DEN,Denver,2025-07-23,July,Wednesday,939.0,933.0,25.579849946409432,3.0,102.0,586.0,39.97856377277599,24.94640943193998,10.365487674169346,0.5324813631522897,0.10649627263045794,5.8083067092651754,1.9893503727369541,17.869009584664536,0.10649627263045794,5.520766773162939
DEN,Denver,2025-07-24,July,Thursday,993.0,931.0,35.431793770139635,5.0,130.0,434.0,41.245972073039745,30.441460794844254,9.727175080558538,1.0070493454179255,5.236656596173213,6.381671701913394,2.582074521651561,23.011077542799597,0.0,5.667673716012085
DEN,Denver,2025-07-25,July,Friday,992.0,952.0,18.17436974789916,-1.0,76.89999999999998,877.0,31.407563025210084,21.357142857142858,9.425420168067227,2.1169354838709675,1.9153225806451613,7.892137096774194,1.8679435483870968,4.225806451612903,0.0,9.191532258064516
DEN,Denver,2025-07-26,July,Saturday,884.0,877.0,13.492588369441277,-2.0,47.19999999999993,1238.0,27.02394526795895,19.094640820980615,9.85290763968073,0.7918552036199095,0.0,10.745475113122172,0.4095022624434389,2.9377828054298645,0.0418552036199095,5.682126696832579
DEN,Denver,2025-07-27,July,Sunday,986.0,975.0,8.413333333333334,-6.0,47.40000000000009,646.0,21.641025641025642,17.294358974358975,10.377435897435898,1.0141987829614605,0.10141987829614604,6.035496957403651,0.8427991886409736,1.184584178498986,0.0,8.300202839756592
DEN,Denver,2025-07-28,July,Monday,991.0,980.0,7.756122448979592,-7.0,40.0,734.0,20.408163265306122,17.692857142857143,10.035714285714286,1.109989909182644,0.0,7.314833501513623,0.8657921291624622,1.0221997981836528,0.024217961654894045,7.010090817356206
DEN,Denver,2025-07-29,July,Tuesday,918.0,910.0,25.67142857142857,5.0,104.10000000000002,977.0,39.78021978021978,23.964835164835165,9.576923076923077,0.7625272331154684,0.10893246187363835,3.962962962962963,1.3420479302832244,19.371459694989106,0.0,5.12962962962963
DEN,Denver,2025-07-30,July,Wednesday,937.0,934.0,5.12847965738758,-5.0,40.0,623.0,22.376873661670235,10.766595289079229,9.1017130620985,0.21344717182497333,0.10672358591248667,3.566702241195304,0.08964781216648879,2.504802561366062,0.0,6.456776947705443
DEN,Denver,2025-07-31,July,Thursday,992.0,967.0,40.07755946225439,17.0,119.39999999999998,1012.0,52.533609100310244,38.99276111685626,9.640124095139607,1.7137096774193548,0.8064516129032258,8.34274193548387,3.9243951612903225,15.915322580645162,0.0,13.605846774193548
DEN,Denver,2025-08-01,August,Friday,988.0,961.0,30.611862643080126,10.0,97.0,555.0,45.681581685744014,29.758584807492195,8.937565036420395,1.6194331983805668,1.1133603238866396,7.269230769230769,1.958502024291498,13.173076923076923,0.008097165991902834,10.927125506072874
DEN,Denver,2025-08-02,August,Saturday,884.0,798.0,39.33208020050125,7.5,146.30000000000007,1309.0,43.859649122807014,35.145363408521305,10.443609022556391,4.298642533936651,5.429864253393665,9.049773755656108,1.411764705882353,21.289592760180994,0.0,7.074660633484163
DEN,Denver,2025-08-03,August,Sunday,986.0,984.0,8.348577235772357,-5.0,40.700000000000045,1164.0,22.25609756097561,14.766260162601625,9.982723577235772,0.2028397565922921,0.0,5.817444219066937,0.9726166328600405,1.6947261663286004,0.0,6.794117647058823
DEN,Denver,2025-08-04,August,Monday,987.0,986.0,6.391480730223123,-6.0,33.0,1324.0,17.647058823529413,13.272819472616632,9.977687626774848,0.10131712259371835,0.0,4.945288753799392,1.2917933130699089,0.889564336372847,0.08713272543059777,7.275582573454914
DEN,Denver,2025-08-05,August,Tuesday,858.0,857.0,0.1971995332555426,-8.0,22.399999999999977,1020.0,14.002333722287046,5.667444574095683,10.539089848308052,0.11655011655011654,0.0,5.015151515151516,0.0,1.0466200466200466,0.019813519813519812,2.885780885780886
DEN,Denver,2025-08-06,August,Wednesday,876.0,856.0,21.412383177570092,-2.0,99.5,1008.0,30.373831775700932,18.095794392523363,16.10514018691589,2.054794520547945,0.228310502283105,12.28310502283105,1.154109589041096,8.721461187214611,0.0273972602739726,4.172374429223744
DEN,Denver,2025-08-07,August,Thursday,963.0,926.0,12.275377969762419,-4.0,52.0,618.0,23.002159827213823,20.091792656587472,9.684665226781858,3.8421599169262723,0.0,6.334371754932502,1.0612668743509865,0.8494288681204569,0.0,9.564901349948078
DEN,Denver,2025-08-08,August,Friday,961.0,946.0,7.990486257928119,-8.0,32.0,1130.0,18.710359408033828,15.978858350951374,10.266384778012686,1.040582726326743,0.5202913631633715,7.620187304890739,1.2112382934443289,1.1321540062434963,0.0,6.387096774193548
DEN,Denver,2025-08-09,August,Saturday,833.0,831.0,19.84837545126354,2.0,67.0,740.0,36.34175691937425,21.43080625752106,9.245487364620939,0.12004801920768307,0.12004801920768307,8.540216086434574,0.6386554621848739,8.979591836734693,0.025210084033613446,7.148859543817527
DEN,Denver,2025-08-10,August,Sunday,967.0,901.0,51.12874583795782,22.0,161.0,896.0,55.71587125416204,43.275249722530525,10.704772475027747,3.205791106514995,3.6194415718717683,8.177869700103413,4.436401240951396,28.92554291623578,0.0,8.745604963805585
DEN,Denver,2025-08-11,August,Monday,955.0,953.0,5.175236096537251,-5.0,29.800000000000068,608.0,20.146904512067156,11.741867785939139,10.114375655823714,0.20942408376963353,0.0,4.939267015706807,0.812565445026178,0.981151832460733,0.0,5.557068062827225
DEN,Denver,2025-08-12,August,Tuesday,853.0,851.0,0.13513513513513514,-7.0,23.0,520.0,14.923619271445359,6.217391304347826,10.843713278495887,0.11723329425556857,0.11723329425556857,2.9718640093786637,0.5228604923798359,0.9753810082063306,0.022274325908558032,4.202813599062134
DEN,Denver,2025-08-13,August,Wednesday,870.0,865.0,6.047398843930636,-7.0,34.0,821.0,18.381502890173408,12.842774566473988,10.660115606936417,0.5747126436781609,0.0,7.152873563218391,0.8839080459770114,1.5505747126436782,0.0,4.882758620689655
DEN,Denver,2025-08-14,August,Thursday,961.0,896.0,15.496651785714286,-2.0,68.0,945.0,29.35267857142857,15.957589285714286,10.637276785714286,0.31217481789802287,6.451612903225806,6.517169614984391,1.1279916753381893,7.9490114464099895,0.060353798126951096,4.740894901144641
DEN,Denver,2025-08-15,August,Friday,958.0,937.0,17.423692636072573,-2.0,69.0,761.0,33.83137673425827,21.082177161152615,10.06830309498399,0.20876826722338201,1.9832985386221296,6.426931106471816,1.3799582463465554,9.954070981210856,0.0,5.815240083507307
DEN,Denver,2025-08-16,August,Saturday,831.0,830.0,10.810843373493976,-4.0,63.0,437.0,28.313253012048197,16.712048192771086,10.820481927710844,0.12033694344163659,0.0,5.128760529482551,1.6462093862815885,8.115523465703971,0.0,4.033694344163658
DEN,Denver,2025-08-17,August,Sunday,963.0,957.0,5.844305120167189,-6.0,33.0,883.0,17.55485893416928,14.329153605015675,11.138975966562173,0.5192107995846313,0.10384215991692627,6.3073727933541015,1.1059190031152648,0.652128764278297,0.0,5.691588785046729
DEN,Denver,2025-08-18,August,Monday,955.0,947.0,15.99155227032735,-1.0,68.0,450.0,32.52375923970433,18.465681098204858,10.267159450897571,0.8376963350785341,0.0,5.596858638743456,1.3047120418848168,8.349738219895288,0.0,6.797905759162304
DEN,Denver,2025-08-19,August,Tuesday,813.0,809.0,4.1063040791100125,-7.0,32.200000000000045,585.0,15.822002472187885,11.840543881334982,10.866501854140914,0.4920049200492005,0.0,6.387453874538745,1.1230012300123002,0.7293972939729397,0.0,4.268142681426815
DEN,Denver,2025-08-20,August,Wednesday,847.0,844.0,2.3779620853080567,-8.0,17.700000000000045,1330.0,11.729857819905213,8.590047393364928,11.345971563981042,0.3541912632821724,0.0,5.448642266824085,0.37662337662337664,0.8288075560802833,0.0,3.9539551357733176
DEN,Denver,2025-08-21,August,Thursday,957.0,954.0,-3.0555555555555554,-10.0,22.0,300.0,12.997903563941298,5.715932914046122,10.733752620545074,0.0,0.3134796238244514,3.1724137931034484,0.2110762800417973,0.6562173458725182,0.0,3.362591431556949
DEN,Denver,2025-08-22,August,Friday,958.0,956.0,8.976987447698745,-4.0,55.0,365.0,29.707112970711297,13.957112970711297,10.567991631799163,0.20876826722338201,0.0,2.419624217118998,1.1336116910229646,8.679540709812109,0.0,3.9457202505219207
DEN,Denver,2025-08-23,August,Saturday,782.0,779.0,3.300385109114249,-5.0,28.0,1045.0,18.35686777920411,6.2811296534017975,11.37997432605905,0.2557544757033248,0.1278772378516624,3.190537084398977,0.42455242966751916,1.5242966751918159,0.0,4.741687979539642
DEN,Denver,2025-08-24,August,Sunday,958.0,952.0,9.197478991596638,0.0,42.0,599.0,27.310924369747898,8.010504201680673,9.793067226890756,0.41753653444676403,0.20876826722338201,4.646137787056367,0.18789144050104384,3.1022964509394573,0.0,5.948851774530271
DEN,Denver,2025-08-25,August,Monday,954.0,950.0,24.394736842105264,10.5,72.0,817.0,44.526315789473685,19.246315789473684,10.257894736842106,0.3144654088050315,0.10482180293501049,6.4748427672955975,0.7222222222222222,12.567085953878406,0.010482180293501049,6.123689727463312
DEN,Denver,2025-08-26,August,Tuesday,806.0,759.0,25.52832674571805,2.0,91.40000000000009,999.0,33.46508563899868,19.529644268774703,11.147562582345191,0.7444168734491315,5.086848635235732,4.610421836228288,4.069478908188586,16.035980148883375,0.0,3.729528535980149
DEN,Denver,2025-08-27,August,Wednesday,846.0,841.0,37.55291319857313,19.0,105.0,1120.0,52.437574316290124,32.681331747919145,9.794292508917955,0.2364066193853428,0.3546099290780142,5.794326241134752,2.6394799054373523,26.88416075650118,0.0,4.217494089834515
DEN,Denver,2025-08-28,August,Thursday,955.0,922.0,17.54880694143167,3.0,57.0,839.0,35.791757049891544,15.45119305856833,10.214750542299349,0.20942408376963353,3.2460732984293195,4.16020942408377,1.0900523560209423,11.32041884816754,0.0,4.592670157068063
DEN,Denver,2025-08-29,August,Friday,957.0,950.0,14.538947368421052,2.0,60.0,890.0,34.526315789473685,13.145263157894737,11.077894736842106,0.10449320794148381,0.6269592476489028,4.3364681295715775,0.4315569487983281,9.723092998955067,0.0,4.107628004179729
DEN,Denver,2025-08-30,August,Saturday,775.0,770.0,20.425974025974025,1.0,93.10000000000002,565.0,31.948051948051948,19.663636363636364,10.527272727272727,0.3870967741935484,0.25806451612903225,4.24,1.5780645161290323,13.264516129032257,0.01935483870967742,5.652903225806452
DEN,Denver,2025-08-31,August,Sunday,826.0,823.0,-1.1931956257594167,-9.0,18.0,478.0,11.421628189550425,5.660996354799514,10.968408262454435,0.36319612590799033,0.0,4.765133171912833,0.36803874092009686,0.6803874092009685,0.0,2.638014527845036
DEN,Denver,2025-09-01,September,Monday,945.0,944.0,2.5985169491525424,-7.0,24.0,469.0,14.40677966101695,8.705508474576272,10.060381355932204,0.10582010582010583,0.0,3.652910052910053,0.1724867724867725,0.5587301587301587,0.0,6.013756613756613
DEN,Denver,2025-09-02,September,Tuesday,803.0,802.0,-2.130922693266833,-8.0,18.0,403.0,11.221945137157107,3.1733167082294265,10.392768079800499,0.0,0.12453300124533001,2.5977584059775842,0.14196762141967623,1.1980074719800746,0.0,2.5529265255292652
DEN,Denver,2025-09-03,September,Wednesday,831.0,831.0,-5.743682310469314,-9.0,11.0,320.0,7.3405535499398304,-0.8315282791817088,9.98676293622142,0.0,0.0,1.7833935018050542,0.25511432009626955,0.42358604091456076,0.0,0.789410348977136
DEN,Denver,2025-09-04,September,Thursday,941.0,937.0,2.15795090715048,-5.0,25.0,511.0,16.755602988260407,3.567769477054429,10.202774813233725,0.3188097768331562,0.10626992561105207,2.2646121147715195,0.9362380446333688,2.1562167906482466,0.0,3.002125398512221
DEN,Denver,2025-09-05,September,Friday,945.0,943.0,6.5005302226935315,1.0,30.800000000000068,520.0,22.58748674443266,5.118769883351008,9.436903499469777,0.21164021164021166,0.0,4.166137566137566,0.19682539682539682,2.762962962962963,0.0,2.922751322751323
DEN,Denver,2025-09-06,September,Saturday,765.0,762.0,5.095800524934384,-5.0,24.0,526.0,15.223097112860891,6.733595800524935,10.57742782152231,0.39215686274509803,0.0,4.071895424836601,1.6627450980392158,2.196078431372549,0.0,3.573856209150327
DEN,Denver,2025-09-07,September,Sunday,950.0,947.0,3.575501583949314,-5.0,32.0,1066.0,19.32418162618796,7.598732840549102,10.3558606124604,0.21052631578947367,0.10526315789473684,4.050526315789473,0.07684210526315789,2.3305263157894736,0.0,4.185263157894737
DEN,Denver,2025-09-08,September,Monday,944.0,943.0,0.6914103923647932,-7.0,20.0,358.0,13.891834570519618,5.5800636267232235,10.249204665959702,0.0,0.1059322033898305,3.409957627118644,0.7129237288135594,0.7319915254237288,0.0,3.4120762711864407
DEN,Denver,2025-09-09,September,Tuesday,802.0,793.0,14.184110970996217,-3.0,64.0,391.0,34.30012610340479,11.614123581336695,10.175283732660782,0.0,1.1221945137157108,3.064837905236908,2.2531172069825436,14.214463840399002,0.0,1.1508728179551122
DEN,Denver,2025-09-10,September,Wednesday,834.0,834.0,1.6666666666666667,-6.0,30.0,546.0,21.70263788968825,5.89568345323741,9.914868105515588,0.0,0.0,3.146282973621103,0.5443645083932853,4.381294964028777,0.0,1.146282973621103
DEN,Denver,2025-09-11,September,Thursday,947.0,925.0,25.917837837837837,0.0,86.60000000000002,1199.0,36.972972972972975,26.79891891891892,11.03027027027027,0.0,2.3231256599788805,7.776135163674763,2.276663146779303,15.770855332629356,0.0,5.2196409714889125
DEN,Denver,2025-09-12,September,Friday,949.0,949.0,15.663856691253951,-1.0,75.0,335.0,32.34984193888303,17.962065331928347,10.1159114857745,0.0,0.0,3.446786090621707,0.7829293993677555,12.707060063224446,0.0,4.043203371970495
DEN,Denver,2025-09-13,September,Saturday,769.0,769.0,7.746423927178154,-4.0,45.0,464.0,24.317295188556567,10.615084525357608,10.276983094928479,0.0,0.0,3.8543563068920674,1.1144343302990898,4.677503250975293,0.0,4.828348504551365
DEN,Denver,2025-09-14,September,Sunday,953.0,953.0,2.883525708289612,-6.0,31.0,336.0,18.99265477439664,6.366211962224554,10.216159496327387,0.0,0.0,3.834207764952781,0.5907660020986358,2.5666316894018886,0.02938090241343127,3.156348373557188
DEN,Denver,2025-09-15,September,Monday,947.0,946.0,-4.308668076109937,-9.0,15.0,364.0,10.14799154334038,2.590909090909091,10.608879492600423,0.10559662090813093,0.0,1.8553326293558605,0.05174234424498416,0.4350580781414995,0.023231256599788808,2.3674762407602956
DEN,Denver,2025-09-16,September,Tuesday,803.0,795.0,18.755974842767294,-2.0,86.0,631.0,35.84905660377358,16.033962264150944,10.773584905660377,0.12453300124533001,0.8717310087173101,4.422166874221669,0.9726027397260274,19.02988792029888,0.0012453300124533001,1.4246575342465753
DEN,Denver,2025-09-17,September,Wednesday,836.0,831.0,-0.28640192539109505,-6.0,24.0,201.0,14.921780986762936,2.436823104693141,10.705174488567991,0.3588516746411483,0.23923444976076555,2.611244019138756,0.05980861244019139,2.161483253588517,0.0,1.9258373205741626
DEN,Denver,2025-09-18,September,Thursday,947.0,943.0,9.03287380699894,-3.0,39.0,1167.0,20.360551431601273,14.211028632025451,10.454931071049842,0.21119324181626187,0.21119324181626187,4.7803590285110875,1.4994720168954594,1.399155227032735,0.0,7.006335797254488
DEN,Denver,2025-09-19,September,Friday,948.0,943.0,3.8430540827147404,-6.0,26.0,888.0,16.64899257688229,8.618239660657476,10.388123011664899,0.5274261603375527,0.0,3.401898734177215,0.18354430379746836,1.9293248945147679,0.017932489451476793,5.412447257383966
DEN,Denver,2025-09-20,September,Saturday,769.0,767.0,-0.5345501955671447,-7.0,19.399999999999977,555.0,12.907431551499348,4.680573663624511,10.853976531942633,0.26007802340702213,0.0,4.88036410923277,0.0754226267880364,1.2899869960988297,0.032509752925877766,1.4161248374512354
DEN,Denver,2025-09-21,September,Sunday,954.0,953.0,0.11017838405036726,-7.0,23.0,496.0,13.955928646379853,5.107030430220357,10.417628541448058,0.10482180293501049,0.0,3.2358490566037736,0.3742138364779874,0.8532494758909853,0.0,3.190775681341719
DEN,Denver,2025-09-22,September,Monday,948.0,942.0,24.42462845010616,1.0,95.89999999999998,554.0,38.53503184713376,20.266454352441613,10.598726114649681,0.10548523206751054,0.5274261603375527,4.498945147679325,0.8386075949367089,20.862869198312236,0.04430379746835443,3.280590717299578
DEN,Denver,2025-09-23,September,Tuesday,800.0,800.0,8.9925,1.0,35.10000000000002,351.0,26.375,3.9725,11.75,0.0,0.0,4.85875,0.17125,4.20125,0.0,2.7275
DEN,Denver,2025-09-24,September,Wednesday,834.0,833.0,-2.8967587034813924,-9.0,14.0,977.0,9.723889555822328,2.8211284513805523,10.231692677070829,0.1199040767386091,0.0,2.02757793764988,0.2685851318944844,1.0779376498800959,0.0,2.8117505995203835
DEN,Denver,2025-09-25,September,Thursday,945.0,943.0,-3.003181336161188,-9.0,17.0,391.0,10.922587486744433,4.882290562036055,10.523860021208908,0.21164021164021166,0.0,2.160846560846561,0.25925925925925924,1.161904761904762,0.0,2.8962962962962964
DEN,Denver,2025-09-26,September,Friday,953.0,943.0,3.306468716861082,-9.0,22.0,774.0,13.149522799575822,11.413573700954402,10.346765641569458,0.944386149003148,0.1049317943336831,3.1825813221406087,0.6998950682056663,0.9989506820566632,0.0,8.156348373557188
DEN,Denver,2025-09-27,September,Saturday,770.0,766.0,-5.049608355091384,-10.0,13.0,428.0,9.530026109660575,2.672323759791123,9.714099216710183,0.5194805194805194,0.0,3.605194805194805,0.06363636363636363,0.4116883116883117,0.011688311688311689,1.542857142857143
DEN,Denver,2025-09-28,September,Sunday,956.0,954.0,-6.59958071278826,-10.0,13.0,242.0,8.59538784067086,1.851153039832285,11.166666666666666,0.20920502092050208,0.0,1.9989539748953975,0.0,0.4215481171548117,0.0,1.4738493723849373
DEN,Denver,2025-09-29,September,Monday,949.0,946.0,12.31923890063425,-4.0,74.5,792.0,29.59830866807611,15.249471458773785,10.997885835095138,0.31612223393045313,0.0,3.0379346680716544,0.7586933614330874,11.73972602739726,0.0,4.002107481559537
DEN,Denver,2025-09-30,September,Tuesday,809.0,808.0,-9.313118811881187,-13.5,6.0,457.0,4.826732673267327,0.019801980198019802,10.747524752475247,0.12360939431396785,0.0,2.008652657601978,0.05315203955500618,0.2484548825710754,0.0,0.9703337453646477
DEN,Denver,2025-10-01,October,Wednesday,837.0,837.0,-6.6762246117084825,-12.0,4.399999999999977,1281.0,6.451612903225806,2.121863799283154,10.21863799283154,0.0,0.0,2.043010752688172,1.5675029868578256,0.4910394265232975,0.0,1.4910394265232976
DEN,Denver,2025-10-02,October,Thursday,958.0,957.0,-5.660397074190177,-13.0,9.0,417.0,7.628004179728317,4.540229885057471,9.792058516196446,0.10438413361169101,0.0,3.383089770354906,0.0,0.2160751565762004,0.0,2.790187891440501
DEN,Denver,2025-10-03,October,Friday,964.0,963.0,-6.15472481827622,-11.0,12.0,401.0,9.034267912772584,3.0882658359293873,9.672897196261681,0.0,0.1037344398340249,2.8101659751037342,0.0,0.38070539419087135,0.0,2.284232365145228
DEN,Denver,2025-10-04,October,Saturday,772.0,771.0,17.00259403372244,0.0,72.0,1004.0,34.11154345006485,14.062256809338521,9.123216601815823,0.0,0.1295336787564767,6.187823834196891,1.189119170984456,13.204663212435234,0.0,2.0531088082901556
DEN,Denver,2025-10-05,October,Sunday,956.0,954.0,6.316561844863732,-6.0,29.700000000000045,1077.0,18.238993710691823,11.355345911949685,9.943396226415095,0.10460251046025104,0.10460251046025104,7.549163179916318,0.16108786610878661,1.4194560669456067,0.006276150627615063,4.841004184100418
DEN,Denver,2025-10-06,October,Monday,961.0,960.0,20.072916666666668,5.0,59.10000000000002,1237.0,38.75,19.161458333333332,9.629166666666666,0.0,0.10405827263267431,3.623309053069719,1.4360041623309052,11.112382934443287,0.031217481789802288,6.983350676378772
DEN,Denver,2025-10-07,October,Tuesday,843.0,841.0,-0.07372175980975029,-6.0,21.0,592.0,13.317479191438764,3.329369797859691,9.902497027348394,0.2372479240806643,0.0,4.4661921708185055,0.021352313167259787,0.867141162514828,0.0,1.8837485172004744
DEN,Denver,2025-10-08,October,Wednesday,872.0,869.0,-5.5327963176064445,-11.0,14.0,346.0,9.321058688147296,2.1139240506329116,9.047180667433832,0.34403669724770647,0.0,2.5825688073394497,0.16399082568807338,0.5814220183486238,0.0,1.5229357798165137
DEN,Denver,2025-10-09,October,Thursday,969.0,969.0,-2.2703818369453046,-9.0,20.0,1200.0,12.796697626418988,5.564499484004128,9.496388028895769,0.0,0.0,3.5180598555211557,0.04024767801857585,0.672858617131063,0.0,2.912280701754386
DEN,Denver,2025-10-10,October,Friday,974.0,971.0,1.243048403707518,-7.0,24.0,412.0,14.933058702368692,8.546858908341916,9.108135942327497,0.3080082135523614,0.0,4.094455852156058,0.08418891170431211,0.6365503080082136,0.00513347022587269,4.457905544147844
DEN,Denver,2025-10-11,October,Saturday,776.0,773.0,-4.342820181112549,-11.0,13.0,907.0,9.44372574385511,5.102199223803363,10.274256144890039,0.25773195876288657,0.12886597938144329,3.7551546391752577,0.7461340206185567,0.5167525773195877,0.0,1.7268041237113403
DEN,Denver,2025-10-12,October,Sunday,958.0,956.0,2.6610878661087867,-8.0,32.0,774.0,18.305439330543933,10.47071129707113,10.352510460251047,0.10438413361169101,0.10438413361169101,5.62839248434238,0.36116910229645094,1.1430062630480167,0.0,4.762004175365345
DEN,Denver,2025-10-13,October,Monday,972.0,964.0,6.921161825726141,-4.0,41.0,528.0,22.302904564315355,9.923236514522822,9.657676348547717,0.51440329218107,0.30864197530864196,3.8724279835390947,0.05555555555555555,1.758230452674897,0.03189300411522634,7.318930041152264
DEN,Denver,2025-10-14,October,Tuesday,843.0,841.0,-0.4839476813317479,-7.0,24.0,557.0,14.387633769322235,5.211652794292509,10.858501783590963,0.2372479240806643,0.0,2.603795966785291,0.0,1.169632265717675,0.0,4.543297746144721
DEN,Denver,2025-10-15,October,Wednesday,871.0,869.0,8.50632911392405,0.0,37.200000000000045,441.0,24.856156501726122,10.514384349827388,8.93210586881473,0.0,0.2296211251435132,4.343283582089552,0.5143513203214696,5.03788748564868,0.0,4.020665901262916
DEN,Denver,2025-10-16,October,Thursday,970.0,967.0,13.56153050672182,2.0,49.0,544.0,31.023784901758017,12.824198552223372,10.29989658738366,0.0,0.30927835051546393,5.5010309278350515,1.8082474226804124,6.0237113402061855,0.0,4.545360824742268
DEN,Denver,2025-10-17,October,Friday,971.0,970.0,-2.770103092783505,-7.0,15.0,548.0,10.515463917525773,2.174226804123711,9.898969072164949,0.10298661174047373,0.0,2.174047373841401,0.0,0.615859938208033,0.01956745623069001,1.933058702368692
DEN,Denver,2025-10-18,October,Saturday,777.0,776.0,11.417525773195877,-2.0,36.0,1200.0,23.067010309278352,11.081185567010309,9.153350515463918,0.1287001287001287,0.0,6.675675675675675,2.854568854568855,2.839124839124839,0.0,4.1055341055341055
DEN,Denver,2025-10-19,October,Sunday,957.0,952.0,2.101890756302521,-5.0,21.0,797.0,15.021008403361344,7.4905462184873945,10.433823529411764,0.41797283176593525,0.10449320794148381,4.077324973876698,0.030303030303030304,1.0229885057471264,0.022988505747126436,3.80773249738767
DEN,Denver,2025-10-20,October,Monday,967.0,965.0,14.790673575129533,7.0,46.0,436.0,38.23834196891192,11.031088082901555,9.63419689119171,0.1034126163391934,0.1034126163391934,5.232678386763185,0.30610134436401243,6.475698035160289,0.0,4.930713547052741
DEN,Denver,2025-10-21,October,Tuesday,843.0,842.0,-0.09738717339667459,-6.0,17.0,605.0,11.63895486935867,2.9038004750593824,9.549881235154395,0.11862396204033215,0.0,3.8410438908659548,0.41755634638196915,1.0984578884934757,0.05575326215895611,2.033214709371293
DEN,Denver,2025-10-22,October,Wednesday,870.0,870.0,0.17126436781609194,-4.0,18.0,1145.0,11.839080459770116,2.1402298850574715,9.24712643678161,0.0,0.0,1.896551724137931,0.0,2.3183908045977013,0.0,2.1298850574712644
DEN,Denver,2025-10-23,October,Thursday,968.0,965.0,8.0,-2.0,36.0,504.0,24.248704663212436,9.376165803108808,8.826943005181347,0.30991735537190085,0.0,4.591942148760331,0.7355371900826446,4.68904958677686,0.03409090909090909,2.6931818181818183
DEN,Denver,2025-10-24,October,Friday,970.0,963.0,2.850467289719626,-4.0,27.0,477.0,18.06853582554517,5.296988577362409,9.544132917964694,0.7216494845360825,0.0,3.997938144329897,0.03402061855670103,1.1670103092783506,0.0,3.454639175257732
DEN,Denver,2025-10-25,October,Saturday,776.0,773.0,-0.871927554980595,-8.0,21.0,420.0,14.100905562742561,3.554980595084088,10.782664941785253,0.3865979381443299,0.0,3.270618556701031,0.14304123711340205,1.2744845360824741,0.028350515463917526,2.8402061855670104
DEN,Denver,2025-10-26,October,Sunday,913.0,913.0,6.409638554216867,-8.0,44.0,1223.0,20.481927710843372,15.788608981380065,10.02738225629792,0.0,0.0,5.968236582694414,0.08543263964950712,1.0887185104052575,0.05805038335158817,8.851040525739322
DEN,Denver,2025-10-27,October,Monday,931.0,916.0,18.201965065502183,1.0,75.5,1123.0,36.24454148471616,17.887554585152838,9.085152838427948,0.21482277121374865,1.3963480128893664,4.118152524167562,0.8120300751879699,10.698174006444683,0.0,8.625134264232008
DEN,Denver,2025-10-28,October,Tuesday,792.0,790.0,-2.4518987341772154,-9.0,24.100000000000023,482.0,15.822784810126583,3.2734177215189875,8.887341772151899,0.25252525252525254,0.0,2.2613636363636362,0.27146464646464646,1.5694444444444444,0.0,3.4431818181818183
DEN,Denver,2025-10-29,October,Wednesday,816.0,814.0,-8.975429975429975,-11.0,10.0,389.0,7.493857493857494,0.085995085995086,9.438574938574938,0.24509803921568626,0.0,1.6299019607843137,0.028186274509803922,0.4963235294117647,0.0,1.5723039215686274
DEN,Denver,2025-10-30,October,Thursday,920.0,912.0,3.067982456140351,-7.0,28.0,956.0,17.434210526315788,8.015350877192983,9.25438596491228,0.7608695652173914,0.10869565217391304,3.652173913043478,0.31630434782608696,1.4717391304347827,0.0,5.584782608695652
DEN,Denver,2025-10-31,October,Friday,797.0,795.0,4.7522012578616355,-7.0,31.600000000000023,840.0,17.358490566037734,8.553459119496855,9.538364779874215,0.2509410288582183,0.0,7.214554579673776,0.0075282308657465494,1.767879548306148,0.0,3.9535759096612297
DEN,Denver,2025-11-01,November,Saturday,742.0,739.0,-6.062246278755074,-11.0,12.0,474.0,8.930987821380242,3.1041948579161027,10.706359945872801,0.2695417789757413,0.13477088948787064,2.2277628032345014,0.27628032345013476,0.7008086253369272,0.0,2.9460916442048517
DEN,Denver,2025-11-02,November,Sunday,903.0,900.0,-2.9155555555555557,-10.0,21.0,331.0,13.777777777777779,6.383333333333334,9.921111111111111,0.33222591362126247,0.0,3.1627906976744184,0.09413067552602436,1.2768549280177186,0.013289036544850499,3.387596899224806
DEN,Denver,2025-11-03,November,Monday,860.0,859.0,-3.569266589057043,-10.0,16.0,658.0,10.593713620488941,3.520372526193248,9.991850989522701,0.11627906976744186,0.0,2.2058139534883723,0.0,0.9116279069767442,0.01744186046511628,4.038372093023256
DEN,Denver,2025-11-04,November,Tuesday,767.0,765.0,-7.349019607843137,-12.0,12.600000000000023,334.0,8.49673202614379,0.6130718954248366,9.46797385620915,0.1303780964797914,0.1303780964797914,2.1603650586701435,0.0,0.6023468057366362,0.0,1.2307692307692308
DEN,Denver,2025-11-05,November,Wednesday,793.0,790.0,-3.472151898734177,-10.0,16.0,354.0,11.265822784810126,2.3265822784810126,9.49493670886076,0.37831021437578816,0.0,1.8058007566204288,0.0,0.7654476670870114,0.018915510718789406,3.837326607818411
DEN,Denver,2025-11-06,November,Thursday,903.0,898.0,-0.03229398663697105,-6.0,26.300000000000068,335.0,17.260579064587972,5.375278396436526,9.695991091314031,0.4429678848283499,0.11074197120708748,2.787375415282392,0.0,0.9723145071982281,0.0,4.0066445182724255
DEN,Denver,2025-11-07,November,Friday,897.0,857.0,0.9008168028004667,-7.0,26.399999999999977,692.0,17.6196032672112,6.137689614935822,9.233372228704784,4.459308807134894,0.0,3.2430323299888517,0.1516164994425864,1.0144927536231885,0.0,4.6120401337792645
DEN,Denver,2025-11-08,November,Saturday,720.0,685.0,7.764963503649635,-4.0,40.60000000000002,604.0,24.379562043795623,8.05985401459854,9.54890510948905,4.583333333333333,0.2777777777777778,4.748611111111111,0.12222222222222222,3.5208333333333335,0.0,5.430555555555555
DEN,Denver,2025-11-09,November,Sunday,902.0,860.0,14.605813953488372,-2.0,76.0,812.0,26.16279069767442,15.736046511627906,9.972093023255814,4.656319290465632,0.0,4.349223946784923,0.6308203991130821,4.5842572062084255,0.004434589800443459,10.297117516629712
DEN,Denver,2025-11-10,November,Monday,904.0,861.0,3.4994192799070847,-7.0,43.0,444.0,20.441347270615566,11.153310104529616,9.963995354239257,4.756637168141593,0.0,3.560840707964602,0.06415929203539823,0.8141592920353983,0.0,7.509955752212389
DEN,Denver,2025-11-11,November,Tuesday,772.0,724.0,-2.338397790055249,-12.0,13.0,757.0,9.668508287292818,6.106353591160221,9.737569060773481,6.0880829015544045,0.1295336787564767,3.8924870466321244,0.40932642487046633,0.6373056994818653,0.0,4.30440414507772
DEN,Denver,2025-11-12,November,Wednesday,794.0,750.0,-9.782666666666668,-15.0,1.0,655.0,4.133333333333333,0.388,9.46,5.541561712846348,0.0,1.880352644836272,0.022670025188916875,0.16624685138539042,0.0,2.3853904282115868
DEN,Denver,2025-11-13,November,Thursday,906.0,864.0,-5.19212962962963,-12.0,9.700000000000045,871.0,7.986111111111111,4.210648148148148,9.67013888888889,4.525386313465784,0.11037527593818984,1.9933774834437086,0.293598233995585,0.6037527593818984,0.0,3.554083885209713
DEN,Denver,2025-11-14,November,Friday,899.0,878.0,-8.560364464692483,-13.0,11.300000000000068,449.0,8.88382687927107,-0.017084282460136675,10.304100227790434,2.3359288097886544,0.0,2.104560622914349,0.0,0.4682981090100111,0.0,1.521690767519466
DEN,Denver,2025-11-15,November,Saturday,722.0,709.0,-8.681241184767277,-14.0,7.0,529.0,7.052186177715091,-0.08180535966149506,9.819464033850494,1.8005540166204987,0.0,3.2354570637119116,0.0,0.7313019390581718,0.0,0.7409972299168975
DEN,Denver,2025-11-16,November,Sunday,903.0,898.0,-4.590200445434299,-10.0,14.0,455.0,9.57683741648107,2.7138084632516706,10.094654788418708,0.5537098560354374,0.0,3.1373200442967883,0.0,0.4750830564784053,0.0,2.345514950166113
DEN,Denver,2025-11-17,November,Monday,863.0,861.0,-3.9698025551684086,-12.0,18.0,423.0,11.033681765389082,3.2555168408826947,10.27061556329849,0.2317497103128621,0.0,4.101969872537659,0.21320973348783315,0.828505214368482,0.0,2.54577056778679
DEN,Denver,2025-11-18,November,Tuesday,771.0,771.0,-5.317769130998703,-10.0,13.0,594.0,8.819714656290532,0.7263294422827496,9.482490272373541,0.0,0.0,2.8767833981841764,0.2127107652399481,0.5512321660181583,0.0,1.9105058365758756
DEN,Denver,2025-11-19,November,Wednesday,793.0,792.0,-5.0517676767676765,-11.0,10.0,582.0,8.712121212121213,0.9305555555555556,8.79040404040404,0.12610340479192939,0.0,2.880201765447667,0.19419924337957126,0.6216897856242118,0.0,2.287515762925599
DEN,Denver,2025-11-20,November,Thursday,846.0,840.0,3.9976190476190476,-7.0,27.100000000000023,909.0,17.5,8.073809523809524,9.92142857142857,0.7092198581560284,0.0,3.4562647754137115,1.1524822695035462,1.4243498817966902,0.0,5.90661938534279
DEN,Denver,2025-11-21,November,Friday,909.0,905.0,2.5248618784530388,-6.0,26.0,473.0,14.696132596685082,7.988950276243094,9.566850828729281,0.44004400440044,0.0,3.58965896589659,0.6248624862486248,0.9218921892189219,0.0,5.415841584158416
DEN,Denver,2025-11-22,November,Saturday,882.0,881.0,-7.174801362088536,-12.0,12.0,207.0,8.172531214528945,1.209988649262202,9.547105561861521,0.11337868480725624,0.0,2.0736961451247167,0.0,0.3832199546485261,0.0,1.7585034013605443
DEN,Denver,2025-11-23,November,Sunday,898.0,898.0,-2.838530066815145,-10.0,23.0,694.0,13.585746102449889,3.151447661469933,9.716035634743875,0.0,0.0,2.494432071269488,0.22383073496659242,1.0968819599109132,0.16926503340757237,3.1714922048997773
DEN,Denver,2025-11-24,November,Monday,880.0,876.0,-2.5079908675799087,-10.0,22.0,322.0,13.470319634703195,5.3755707762557075,9.751141552511415,0.45454545454545453,0.0,2.680681818181818,0.24772727272727274,0.8534090909090909,0.0,3.7852272727272727
DEN,Denver,2025-11-25,November,Tuesday,918.0,917.0,-0.2202835332606325,-7.0,19.399999999999977,830.0,13.086150490730644,5.521264994547438,9.206106870229007,0.0,0.10893246187363835,3.661220043572985,1.0827886710239651,1.3496732026143792,0.0,1.9793028322440087
DEN,Denver,2025-11-26,November,Wednesday,920.0,919.0,-0.9825897714907508,-8.0,20.200000000000045,959.0,12.51360174102285,3.870511425462459,9.206746463547335,0.10869565217391304,0.0,2.8543478260869564,0.025,1.1543478260869566,0.020652173913043477,3.157608695652174
DEN,Denver,2025-11-27,November,Thursday,455.0,454.0,-5.742290748898679,-11.0,10.0,783.0,7.268722466960352,1.550660792951542,9.072687224669604,0.21978021978021978,0.0,3.38021978021978,0.0,0.6615384615384615,0.0,1.2395604395604396
DEN,Denver,2025-11-28,November,Friday,864.0,860.0,0.3325581395348837,-8.0,23.0,526.0,13.604651162790699,4.231395348837209,8.951162790697675,0.4629629629629629,0.0,3.0856481481481484,0.31828703703703703,1.3634259259259258,0.0,3.908564814814815
DEN,Denver,2025-11-29,November,Saturday,942.0,914.0,19.679431072210065,2.0,73.70000000000005,535.0,33.36980306345733,19.905908096280086,9.99343544857768,2.8662420382165608,0.10615711252653928,7.062632696390658,1.772823779193206,4.6050955414012735,0.0,10.016985138004246
DEN,Denver,2025-11-30,November,Sunday,967.0,954.0,32.9748427672956,11.0,95.0,1636.0,44.863731656184484,32.43186582809224,9.820754716981131,1.2409513960703205,0.1034126163391934,10.88728024819028,3.2430196483971043,5.809720785935884,0.05480868665977249,15.15511892450879
DEN,Denver,2025-12-01,December,Monday,926.0,924.0,18.89069264069264,3.0,60.700000000000045,590.0,32.683982683982684,20.488095238095237,9.20995670995671,0.21598272138228944,0.0,10.196544276457884,1.3542116630669547,2.884449244060475,0.024838012958963283,7.698704103671706
DEN,Denver,2025-12-02,December,Tuesday,744.0,741.0,6.811066126855601,-4.0,43.0,338.0,24.021592442645073,10.789473684210526,9.373819163292847,0.2688172043010753,0.13440860215053765,6.297043010752688,0.8991935483870968,2.475806451612903,0.0,4.071236559139785
DEN,Denver,2025-12-03,December,Wednesday,755.0,748.0,35.9572192513369,24.0,83.0,830.0,61.229946524064175,26.092245989304814,11.86229946524064,0.9271523178807948,0.0,5.86887417218543,1.491390728476821,18.466225165562914,0.022516556291390728,9.895364238410597
DEN,Denver,2025-12-04,December,Thursday,813.0,812.0,8.564039408866995,0.0,37.0,331.0,23.275862068965516,9.401477832512315,10.092364532019705,0.0,0.12300123001230012,5.205412054120541,0.9077490774907749,2.2447724477244773,0.0,4.286592865928659
DEN,Denver,2025-12-05,December,Friday,819.0,817.0,2.515299877600979,-5.0,28.0,259.0,17.503059975520195,4.8604651162790695,9.264381884944921,0.2442002442002442,0.0,4.006105006105006,0.12087912087912088,1.9365079365079365,0.0,3.1623931623931623
DEN,Denver,2025-12-06,December,Saturday,697.0,693.0,0.9177489177489178,-7.0,24.0,374.0,16.161616161616163,4.036075036075036,9.61038961038961,0.5738880918220948,0.0,4.700143472022956,0.4117647058823529,1.7890961262553802,0.03443328550932568,2.0329985652797706
DEN,Denver,2025-12-07,December,Sunday,858.0,854.0,12.032786885245901,-4.0,47.0,1055.0,22.716627634660423,15.881733021077283,9.653395784543326,0.34965034965034963,0.11655011655011654,6.516317016317016,0.7237762237762237,3.5384615384615383,0.005827505827505828,7.9207459207459205
DEN,Denver,2025-12-08,December,Monday,816.0,812.0,4.474137931034483,-6.0,30.899999999999977,913.0,16.133004926108374,10.142857142857142,9.597290640394089,0.49019607843137253,0.0,5.2745098039215685,1.2855392156862746,1.1262254901960784,0.05759803921568627,4.3443627450980395
DEN,Denver,2025-12-09,December,Tuesday,739.0,735.0,2.8136054421768706,-4.0,29.0,318.0,17.687074829931973,3.798639455782313,9.44625850340136,0.40595399188092013,0.13531799729364005,3.7821380243572396,0.516914749661705,3.246278755074425,0.0040595399188092015,1.7483085250338295
DEN,Denver,2025-12-10,December,Wednesday,756.0,753.0,0.09827357237715803,-6.0,22.800000000000068,471.0,13.94422310756972,4.181938911022576,8.638778220451528,0.3968253968253968,0.0,3.1031746031746033,0.9801587301587301,1.2222222222222223,0.009259259259259259,2.697089947089947
DEN,Denver,2025-12-11,December,Thursday,815.0,814.0,37.646191646191646,25.0,96.0,731.0,57.24815724815725,36.125307125307124,10.313267813267814,0.1226993865030675,0.0,5.641717791411043,1.9055214723926381,27.045398773006134,0.011042944785276074,5.530061349693251
DEN,Denver,2025-12-12,December,Friday,859.0,857.0,9.733955659276546,-1.0,48.0,436.0,29.28821470245041,10.816802800466744,8.737456242707118,0.23282887077997672,0.0,4.564610011641443,1.0931315483119908,5.89289871944121,0.0,3.850989522700815
DEN,Denver,2025-12-13,December,Saturday,697.0,696.0,7.537356321839081,-6.0,33.0,1434.0,18.53448275862069,11.722701149425287,9.37212643678161,0.1434720229555237,0.0,7.583931133428981,1.1965566714490674,2.4648493543758967,0.0,4.440459110473458
DEN,Denver,2025-12-14,December,Sunday,858.0,847.0,15.583234946871311,-4.0,66.19999999999993,585.0,27.863046044864227,20.988193624557262,9.040141676505312,1.282051282051282,0.0,7.516317016317016,1.4778554778554778,2.325174825174825,0.0,10.91025641025641
DEN,Denver,2025-12-15,December,Monday,815.0,812.0,-1.7733990147783252,-10.0,15.0,822.0,10.467980295566502,6.847290640394089,9.533251231527094,0.36809815950920244,0.0,4.6576687116564415,0.19141104294478528,0.34478527607361964,0.0,3.1815950920245397
DEN,Denver,2025-12-16,December,Tuesday,741.0,738.0,-9.739837398373984,-13.0,6.0,297.0,5.555555555555555,-0.3983739837398374,9.718157181571815,0.2699055330634278,0.1349527665317139,1.3346828609986505,0.31983805668016196,0.22807017543859648,0.0,1.1686909581646423
DEN,Denver,2025-12-17,December,Wednesday,757.0,730.0,13.0,-5.0,89.0,936.0,25.205479452054796,15.072602739726028,8.7986301369863,0.9247027741083224,2.642007926023778,2.701453104359313,2.548216644649934,12.704095112285337,0.0,2.4861294583883753
DEN,Denver,2025-12-18,December,Thursday,887.0,878.0,6.93507972665148,-5.0,32.30000000000007,1521.0,17.88154897494305,14.250569476082005,9.041002277904328,1.0146561443066515,0.0,4.585118376550169,3.059751972942503,2.0462232243517473,0.0,5.232243517474633
DEN,Denver,2025-12-19,December,Friday,933.0,811.0,93.86806411837237,71.0,221.0,1032.0,72.62638717632552,90.74352651048089,10.934648581997534,4.608788853161844,8.467309753483388,6.186495176848875,7.097534833869239,39.560557341907824,0.006430868167202572,30.433011789924972
DEN,Denver,2025-12-20,December,Saturday,914.0,903.0,12.56921373200443,3.0,50.0,598.0,30.564784053156146,17.601328903654483,10.222591362126245,1.0940919037199124,0.10940919037199125,6.968271334792123,0.012035010940919038,3.3052516411378554,0.00437636761487965,6.468271334792123
DEN,Denver,2025-12-21,December,Sunday,934.0,929.0,3.1248654467168997,-6.0,27.0,421.0,16.469321851453174,10.417653390742734,9.373519913885898,0.4282655246252677,0.10706638115631692,3.4443254817987152,0.18629550321199143,1.8940042826552463,0.031049250535331904,5.417558886509636
DEN,Denver,2025-12-22,December,Monday,934.0,932.0,-0.02467811158798283,-9.0,28.899999999999977,655.0,16.30901287553648,10.003218884120171,9.78969957081545,0.21413276231263384,0.0,3.7387580299785865,0.017130620985010708,0.860813704496788,0.02569593147751606,5.21948608137045
DEN,Denver,2025-12-23,December,Tuesday,931.0,929.0,-0.15715823466092574,-8.0,30.0,349.0,16.68460710441335,9.351991388589882,9.83745963401507,0.10741138560687433,0.10741138560687433,3.502685284640172,0.10526315789473684,1.1439312567132116,0.0,4.837808807733619
DEN,Denver,2025-12-24,December,Wednesday,788.0,787.0,-8.227445997458704,-13.0,11.0,482.0,8.89453621346887,3.275730622617535,10.0,0.12690355329949238,0.0,2.916243654822335,0.06218274111675127,0.2753807106598985,0.0,2.0964467005076144
DEN,Denver,2025-12-25,December,Thursday,792.0,790.0,-6.315189873417721,-16.0,10.0,674.0,8.481012658227847,8.151898734177216,9.662025316455697,0.25252525252525254,0.0,4.166666666666667,2.7563131313131315,0.5580808080808081,0.0,2.48989898989899
DEN,Denver,2025-12-26,December,Friday,933.0,919.0,5.651795429815016,-7.0,38.200000000000045,1351.0,20.239390642002174,13.935799782372143,9.486398258977149,1.5005359056806002,0.0,3.5659163987138265,1.2786709539121115,1.7931404072883173,0.0,7.437299035369775
DEN,Denver,2025-12-27,December,Saturday,914.0,891.0,16.973063973063972,-1.0,75.0,1088.0,29.741863075196406,23.839506172839506,10.333333333333334,2.516411378555799,0.0,8.180525164113785,1.0601750547045952,3.3818380743982495,0.0,10.721006564551422
DEN,Denver,2025-12-28,December,Sunday,934.0,926.0,31.265658747300215,9.0,90.0,1071.0,42.76457883369331,31.776457883369332,12.068034557235421,0.8565310492505354,0.0,11.372591006423983,1.2034261241970021,4.449678800856531,0.04068522483940043,16.182012847965737
DEN,Denver,2025-12-29,December,Monday,938.0,931.0,15.702470461868957,0.0,62.0,578.0,27.38990332975295,22.67669172932331,10.346938775510203,0.7462686567164178,0.0,9.513859275053305,1.6663113006396588,1.6321961620469083,0.03731343283582089,7.979744136460554
DEN,Denver,2025-12-30,December,Tuesday,929.0,928.0,3.5086206896551726,-6.0,35.0,451.0,19.612068965517242,11.167025862068966,9.99676724137931,0.1076426264800861,0.0,5.3476856835306785,0.40796555435952636,1.22497308934338,0.03767491926803014,4.630785791173305
DEN,Denver,2025-12-31,December,Wednesday,781.0,780.0,0.09230769230769231,-9.0,26.100000000000023,927.0,14.871794871794872,7.735897435897436,9.45897435897436,0.12804097311139565,0.0,3.6658130601792576,0.36107554417413573,1.471190781049936,0.012804097311139564,4.313700384122919
DFW,Dallas-Fort Worth,2025-01-01,January,Wednesday,829.0,827.0,4.076178960096735,-9.0,22.399999999999977,1610.0,13.301088270858525,11.234582829504232,12.967351874244256,0.12062726176115801,0.12062726176115801,7.728588661037395,0.6019300361881785,1.0699638118214716,0.0048250904704463205,4.310012062726176
DFW,Dallas-Fort Worth,2025-01-02,January,Thursday,903.0,900.0,-1.5277777777777777,-10.0,26.0,961.0,16.333333333333332,7.378888888888889,12.033333333333333,0.22148394241417496,0.11074197120708748,3.5636766334440755,0.4717607973421927,1.1395348837209303,0.016611295681063124,4.102990033222591
DFW,Dallas-Fort Worth,2025-01-03,January,Friday,905.0,905.0,13.187845303867404,-9.0,41.60000000000002,2955.0,20.0,22.333701657458562,12.649723756906077,0.0,0.0,12.500552486187845,0.5060773480662983,1.7248618784530387,0.03867403314917127,8.408839779005525
DFW,Dallas-Fort Worth,2025-01-04,January,Saturday,884.0,877.0,13.247434435575826,-5.0,43.0,1609.0,23.945267958950968,18.966932725199545,12.516533637400228,0.6787330316742082,0.11312217194570137,7.358597285067873,2.659502262443439,2.9581447963800906,0.033936651583710405,7.728506787330317
DFW,Dallas-Fort Worth,2025-01-05,January,Sunday,904.0,740.0,129.63513513513513,107.5,269.0,1453.0,76.21621621621621,103.76216216216216,18.69864864864865,16.5929203539823,1.5486725663716814,11.5929203539823,20.04646017699115,45.08738938053097,0.12721238938053098,30.02433628318584
DFW,Dallas-Fort Worth,2025-01-06,January,Monday,903.0,820.0,35.91463414634146,11.0,114.0,1090.0,44.87804878048781,37.75121951219512,14.852439024390243,9.080841638981173,0.11074197120708748,11.014396456256922,1.910299003322259,4.816168327796235,0.10963455149501661,17.930232558139537
DFW,Dallas-Fort Worth,2025-01-07,January,Tuesday,747.0,734.0,4.23841961852861,-7.0,35.0,811.0,19.618528610354225,9.79700272479564,12.630790190735695,1.7402945113788488,0.0,5.198125836680053,0.5970548862115127,1.9384203480589022,0.0,4.875502008032129
DFW,Dallas-Fort Worth,2025-01-08,January,Wednesday,754.0,688.0,2.302325581395349,-7.0,31.0,556.0,17.00581395348837,5.707848837209302,12.700581395348838,8.753315649867375,0.0,2.5053050397877983,0.5026525198938993,2.2413793103448274,0.01856763925729443,3.9615384615384617
DFW,Dallas-Fort Worth,2025-01-09,January,Thursday,880.0,150.0,99.01333333333334,-2.0,185.3999999999998,1810.0,38.0,89.15333333333334,23.533333333333335,78.75,4.204545454545454,1.4204545454545454,10.1875,2.809090909090909,0.0,3.8215909090909093
DFW,Dallas-Fort Worth,2025-01-10,January,Friday,832.0,594.0,75.08080808080808,37.0,169.70000000000005,1190.0,67.17171717171718,69.31986531986531,15.29124579124579,28.365384615384613,0.2403846153846154,14.3125,13.685096153846153,9.655048076923077,0.021634615384615384,16.634615384615383
DFW,Dallas-Fort Worth,2025-01-11,January,Saturday,728.0,694.0,28.321325648414987,4.0,99.70000000000005,951.0,38.90489913544668,34.981268011527376,14.096541786743515,4.670329670329671,0.0,13.608516483516484,2.875,3.0357142857142856,0.02197802197802198,13.793956043956044
DFW,Dallas-Fort Worth,2025-01-12,January,Sunday,845.0,844.0,8.830568720379146,-2.0,45.0,493.0,25.710900473933652,10.509478672985782,12.909952606635072,0.1183431952662722,0.0,5.475739644970414,0.38698224852071006,3.2840236686390534,0.1502958579881657,5.4804733727810655
DFW,Dallas-Fort Worth,2025-01-13,January,Monday,829.0,828.0,3.1847826086956523,-7.0,27.0,1425.0,16.78743961352657,6.4396135265700485,11.859903381642512,0.12062726176115801,0.0,6.2677925211097705,0.030156815440289506,1.856453558504222,0.0,2.9553679131483714
DFW,Dallas-Fort Worth,2025-01-14,January,Tuesday,733.0,732.0,-4.023224043715847,-10.0,16.0,942.0,10.655737704918032,0.3224043715846995,11.467213114754099,0.1364256480218281,0.0,1.9304229195088676,0.1800818553888131,3.0040927694406547,0.0,0.6821282401091405
DFW,Dallas-Fort Worth,2025-01-15,January,Wednesday,740.0,740.0,-2.8445945945945947,-11.0,14.100000000000023,2157.0,10.0,3.639189189189189,12.197297297297297,0.0,0.0,5.109459459459459,0.01891891891891892,1.018918918918919,0.032432432432432434,2.1810810810810812
DFW,Dallas-Fort Worth,2025-01-16,January,Thursday,879.0,878.0,-5.925968109339408,-12.0,13.300000000000068,492.0,9.90888382687927,4.882687927107061,12.216400911161731,0.0,0.11376564277588168,3.032992036405006,0.04550625711035267,0.8156996587030717,0.0022753128555176336,2.9283276450511946
DFW,Dallas-Fort Worth,2025-01-17,January,Friday,831.0,831.0,-1.7833935018050542,-11.0,16.0,1596.0,10.95066185318893,6.246690734055355,11.909747292418773,0.0,0.0,4.753309265944645,0.07220216606498195,1.1359807460890494,0.0,3.4837545126353793
DFW,Dallas-Fort Worth,2025-01-18,January,Saturday,712.0,711.0,-1.188466947960619,-10.0,15.0,1537.0,10.126582278481013,5.261603375527426,13.448663853727146,0.1404494382022472,0.0,6.004213483146067,0.019662921348314606,0.8974719101123596,0.011235955056179775,2.3441011235955056
DFW,Dallas-Fort Worth,2025-01-19,January,Sunday,817.0,812.0,9.501231527093596,-6.0,47.89999999999998,689.0,23.39901477832512,13.495073891625616,12.869458128078819,0.6119951040391677,0.0,6.394124847001224,1.1040391676866586,2.949816401468788,0.16156670746634028,7.028151774785802
DFW,Dallas-Fort Worth,2025-01-20,January,Monday,829.0,820.0,12.43170731707317,-2.0,58.0,1223.0,26.707317073170735,14.607317073170732,13.020731707317074,0.9650180940892641,0.12062726176115801,8.913148371531966,0.669481302774427,4.178528347406514,0.0,5.202653799758745
DFW,Dallas-Fort Worth,2025-01-21,January,Tuesday,734.0,638.0,2.5376175548589344,-7.0,30.300000000000068,481.0,18.181818181818183,6.93730407523511,12.072100313479623,12.942779291553133,0.13623978201634876,4.043596730245231,1.3147138964577656,2.4700272479564034,0.0,2.1185286103542236
DFW,Dallas-Fort Worth,2025-01-22,January,Wednesday,740.0,677.0,-2.5480059084194977,-13.0,24.399999999999977,860.0,14.32791728212703,6.404726735598228,12.072378138847858,8.513513513513514,0.0,4.09054054054054,1.0891891891891892,1.2,0.002702702702702703,3.1716216216216218
DFW,Dallas-Fort Worth,2025-01-23,January,Thursday,879.0,848.0,7.810141509433962,-4.0,32.0,1492.0,19.693396226415093,10.272405660377359,12.81132075471698,3.526734926052332,0.0,6.5426621160409555,0.08646188850967008,2.3048919226393627,0.0,5.555176336746302
DFW,Dallas-Fort Worth,2025-01-24,January,Friday,831.0,824.0,-7.811893203883495,-13.0,13.400000000000091,338.0,8.980582524271846,2.2475728155339807,12.906553398058252,0.842358604091456,0.0,3.0673886883273167,0.0457280385078219,1.0613718411552346,0.0,1.049338146811071
DFW,Dallas-Fort Worth,2025-01-25,January,Saturday,725.0,724.0,-7.040055248618785,-12.0,17.0,192.0,11.187845303867404,0.08425414364640885,11.939226519337016,0.0,0.13793103448275862,2.543448275862069,0.05103448275862069,0.9779310344827586,0.0,1.3668965517241378
DFW,Dallas-Fort Worth,2025-01-26,January,Sunday,844.0,844.0,5.289099526066351,-5.0,33.0,1128.0,18.72037914691943,8.812796208530806,13.638625592417062,0.0,0.0,4.37914691943128,1.7985781990521328,1.7239336492890995,0.02014218009478673,4.694312796208531
DFW,Dallas-Fort Worth,2025-01-27,January,Monday,829.0,829.0,-9.113389626055488,-13.0,11.0,234.0,8.685162846803378,0.05307599517490953,12.810615199034983,0.0,0.0,2.1338962605548852,0.0,0.609167671893848,0.0,1.3413751507840772
DFW,Dallas-Fort Worth,2025-01-28,January,Tuesday,733.0,730.0,-4.858904109589041,-13.0,10.100000000000023,3282.0,7.397260273972603,2.8123287671232875,13.43972602739726,0.0,0.4092769440654843,6.688949522510232,0.001364256480218281,0.8772169167803547,0.0,0.7107776261937244
DFW,Dallas-Fort Worth,2025-01-29,January,Wednesday,739.0,703.0,11.041251778093883,-3.0,61.600000000000136,941.0,24.466571834992887,4.338549075391181,19.234708392603128,2.706359945872801,2.165087956698241,3.838971583220568,2.5426251691474966,8.219215155615696,0.18267929634641408,2.0284167794316645
DFW,Dallas-Fort Worth,2025-01-30,January,Thursday,879.0,789.0,30.669201520912548,9.0,77.20000000000005,1685.0,43.346007604562736,25.581749049429657,12.759188846641319,10.12514220705347,0.11376564277588168,10.449374288964732,2.8998862343572243,7.304891922639363,0.0011376564277588168,9.49943117178612
DFW,Dallas-Fort Worth,2025-01-31,January,Friday,831.0,822.0,-0.5486618004866181,-10.0,16.899999999999977,1160.0,11.070559610705596,5.824817518248175,12.599756690997568,1.083032490974729,0.0,5.324909747292419,0.0842358604091456,0.9434416365824309,0.0,2.950661853188929
DFW,Dallas-Fort Worth,2025-02-01,February,Saturday,725.0,719.0,-6.713490959666203,-17.0,13.0,1518.0,9.596662030598054,6.973574408901252,12.808066759388039,0.6896551724137931,0.13793103448275862,7.0344827586206895,0.027586206896551724,0.5103448275862069,0.0,2.423448275862069
DFW,Dallas-Fort Worth,2025-02-02,February,Sunday,843.0,838.0,-6.193317422434368,-18.0,10.300000000000068,1315.0,8.591885441527445,8.134844868735083,12.244630071599046,0.4744958481613286,0.11862396204033215,4.040332147093713,0.28113879003558717,0.571767497034401,0.0,5.563463819691577
DFW,Dallas-Fort Worth,2025-02-03,February,Monday,828.0,825.0,-8.51878787878788,-17.0,13.600000000000023,607.0,9.575757575757576,4.99030303030303,12.975757575757576,0.36231884057971014,0.0,3.497584541062802,0.14855072463768115,0.5519323671497585,0.0,4.106280193236715
DFW,Dallas-Fort Worth,2025-02-04,February,Tuesday,733.0,733.0,-11.227830832196453,-16.0,7.0,445.0,7.230559345156889,-0.8512960436562074,12.963165075034107,0.0,0.0,2.4010914051841747,0.2019099590723056,0.4242837653478854,0.0,1.0859481582537518
DFW,Dallas-Fort Worth,2025-02-05,February,Wednesday,742.0,742.0,-5.386792452830188,-15.0,14.0,1116.0,9.703504043126685,5.623989218328841,11.681940700808624,0.0,0.0,3.692722371967655,1.9663072776280324,0.898921832884097,0.0,2.77088948787062
DFW,Dallas-Fort Worth,2025-02-06,February,Thursday,881.0,870.0,-1.2436781609195402,-13.0,31.0,418.0,15.632183908045977,8.483908045977012,12.855172413793104,1.2485811577752552,0.0,4.282633371169126,0.3836549375709421,1.5981838819523269,0.0,5.0703745743473325
DFW,Dallas-Fort Worth,2025-02-07,February,Friday,835.0,833.0,0.9903961584633854,-12.0,19.0,2704.0,11.884753901560623,10.831932773109244,12.771908763505403,0.23952095808383234,0.0,8.847904191616767,1.6059880239520958,0.9233532934131736,0.0,2.0
DFW,Dallas-Fort Worth,2025-02-08,February,Saturday,730.0,727.0,-5.027510316368638,-14.0,17.0,1349.0,11.004126547455295,3.6657496561210454,12.840440165061898,0.410958904109589,0.0,3.8013698630136985,0.9945205479452055,1.5342465753424657,0.0,2.249315068493151
DFW,Dallas-Fort Worth,2025-02-09,February,Sunday,839.0,830.0,3.6566265060240966,-11.0,27.100000000000023,1440.0,14.457831325301203,10.648192771084338,12.66144578313253,0.9535160905840285,0.11918951132300357,7.185935637663886,0.10131108462455304,1.598331346841478,0.0023837902264600714,5.433849821215733
DFW,Dallas-Fort Worth,2025-02-10,February,Monday,830.0,826.0,9.776029055690072,-5.0,36.0,1579.0,21.307506053268767,14.646489104116222,13.146489104116222,0.3614457831325301,0.12048192771084339,8.693975903614458,0.04216867469879518,2.2903614457831325,0.0,6.243373493975904
DFW,Dallas-Fort Worth,2025-02-11,February,Tuesday,738.0,736.0,5.720108695652174,-4.0,31.5,1515.0,20.92391304347826,5.2459239130434785,11.846467391304348,0.13550135501355012,0.13550135501355012,5.481029810298103,0.4281842818428184,3.978319783197832,0.0,2.78319783197832
DFW,Dallas-Fort Worth,2025-02-12,February,Wednesday,753.0,741.0,24.059379217273953,9.0,73.0,732.0,43.45479082321187,16.237516869095817,12.576248313090419,1.593625498007968,0.0,6.058432934926959,2.3359893758300134,10.53253652058433,0.02390438247011952,8.726427622841966
DFW,Dallas-Fort Worth,2025-02-13,February,Thursday,881.0,876.0,16.246575342465754,0.0,62.0,871.0,32.077625570776256,15.823059360730594,12.88013698630137,0.4540295119182747,0.11350737797956867,7.47900113507378,0.7604994324631101,5.01589103291714,0.0,7.490351872871737
DFW,Dallas-Fort Worth,2025-02-14,February,Friday,894.0,885.0,10.598870056497175,-4.0,49.0,1238.0,24.40677966101695,14.072316384180791,12.335593220338984,0.8948545861297539,0.11185682326621924,6.9205816554809845,0.558165548098434,2.8322147651006713,0.007829977628635347,7.215883668903803
DFW,Dallas-Fort Worth,2025-02-15,February,Saturday,750.0,735.0,23.481632653061226,4.0,69.20000000000005,1191.0,34.82993197278911,21.37142857142857,12.351020408163265,1.7333333333333332,0.26666666666666666,9.858666666666666,1.2786666666666666,6.886666666666667,0.05733333333333333,9.181333333333333
DFW,Dallas-Fort Worth,2025-02-16,February,Sunday,883.0,854.0,23.060889929742387,-2.0,90.40000000000009,1162.0,30.679156908665107,26.494145199063233,12.291569086651053,3.2842582106455263,0.0,7.184597961494903,4.399773499433748,3.80634201585504,0.0,13.310305775764439
DFW,Dallas-Fort Worth,2025-02-17,February,Monday,898.0,882.0,13.504535147392291,-4.0,53.799999999999955,2369.0,24.71655328798186,18.768707482993197,12.379818594104309,1.7817371937639197,0.0,7.610244988864142,0.7605790645879733,2.15924276169265,0.0645879732739421,9.455456570155903
DFW,Dallas-Fort Worth,2025-02-18,February,Tuesday,774.0,690.0,25.557971014492754,2.0,64.0,2172.0,33.91304347826087,22.45072463768116,14.57391304347826,10.594315245478036,0.2583979328165375,11.095607235142118,4.954780361757106,6.289405684754522,0.011627906976744186,4.108527131782946
DFW,Dallas-Fort Worth,2025-02-19,February,Wednesday,768.0,673.0,55.31352154531947,32.0,146.0,1372.0,63.44725111441307,49.821693907875186,18.164933135215453,11.458333333333332,0.9114583333333334,11.354166666666666,8.212239583333334,9.572916666666666,0.028645833333333332,20.609375
DFW,Dallas-Fort Worth,2025-02-20,February,Thursday,891.0,870.0,19.550574712643677,2.0,78.20000000000005,501.0,34.94252873563218,21.162068965517243,14.313793103448276,2.356902356902357,0.0,7.695847362514029,1.5600448933782267,4.246913580246914,0.0,10.043771043771043
DFW,Dallas-Fort Worth,2025-02-21,February,Friday,895.0,892.0,13.511210762331839,-4.0,45.89999999999998,3103.0,22.869955156950674,18.793721973094172,13.036995515695068,0.22346368715083798,0.11173184357541899,10.468156424581005,0.08603351955307263,1.559776536312849,0.01452513966480447,8.589944134078213
DFW,Dallas-Fort Worth,2025-02-22,February,Saturday,751.0,749.0,-2.4138851802403205,-10.0,20.0,665.0,12.149532710280374,6.321762349799733,11.9652870493992,0.2663115845539281,0.0,4.816245006657789,0.2103861517976032,0.8641810918774967,0.03462050599201065,2.8735019973368843
DFW,Dallas-Fort Worth,2025-02-23,February,Sunday,890.0,889.0,-3.012373453318335,-9.0,22.0,521.0,12.823397075365579,7.559055118110236,12.280089988751406,0.11235955056179776,0.0,3.8179775280898878,0.8741573033707866,0.9123595505617977,0.007865168539325843,3.3685393258426966
DFW,Dallas-Fort Worth,2025-02-24,February,Monday,842.0,813.0,2.7023370233702337,-10.0,39.400000000000205,837.0,19.803198031980322,13.899138991389913,13.761377613776137,1.7814726840855106,1.66270783847981,6.134204275534442,1.8990498812351544,1.176959619952494,0.10095011876484561,5.27790973871734
DFW,Dallas-Fort Worth,2025-02-25,February,Tuesday,774.0,772.0,-5.034974093264249,-17.0,10.0,1678.0,8.160621761658032,9.154145077720207,12.900259067357513,0.2583979328165375,0.0,8.032299741602067,0.2157622739018088,0.6421188630490956,0.0,3.0736434108527133
DFW,Dallas-Fort Worth,2025-02-26,February,Wednesday,768.0,762.0,0.31496062992125984,-13.0,18.0,1314.0,11.41732283464567,10.909448818897637,12.039370078740157,0.6510416666666667,0.13020833333333331,9.434895833333334,0.41796875,0.4127604166666667,0.0,3.2447916666666665
DFW,Dallas-Fort Worth,2025-02-27,February,Thursday,891.0,888.0,4.461711711711712,-8.0,33.0,948.0,16.89189189189189,12.112612612612613,13.38626126126126,0.22446689113355783,0.11223344556677892,6.034792368125702,0.024691358024691357,1.1335578002244668,0.016835016835016835,6.732884399551066
DFW,Dallas-Fort Worth,2025-02-28,February,Friday,895.0,895.0,-2.8681564245810054,-13.0,13.0,2872.0,9.385474860335195,9.100558659217876,12.340782122905027,0.0,0.0,8.0268156424581,0.02346368715083799,0.41787709497206704,0.02569832402234637,2.2860335195530728
DFW,Dallas-Fort Worth,2025-03-01,March,Saturday,751.0,751.0,-4.131824234354195,-13.0,13.0,1456.0,9.187749667110518,6.838881491344874,12.435419440745672,0.0,0.0,4.96537949400799,0.8015978695073236,0.6604527296937417,0.02929427430093209,2.9613848202396804
DFW,Dallas-Fort Worth,2025-03-02,March,Sunday,890.0,878.0,12.845102505694761,-8.0,69.30000000000007,1680.0,24.943052391799544,17.238041002277903,12.523917995444192,0.33707865168539325,1.0112359550561798,7.912359550561797,2.012359550561798,5.88876404494382,0.0,7.550561797752809
DFW,Dallas-Fort Worth,2025-03-03,March,Monday,840.0,830.0,-3.5710843373493977,-10.0,24.0,231.0,14.457831325301203,5.437349397590362,12.39277108433735,0.9523809523809524,0.2380952380952381,3.044047619047619,1.255952380952381,1.0321428571428573,0.0,2.8654761904761905
DFW,Dallas-Fort Worth,2025-03-04,March,Tuesday,774.0,427.0,160.23887587822014,69.0,351.2000000000001,1434.0,84.30913348946136,140.34426229508196,14.06088992974239,36.304909560723516,8.527131782945736,9.640826873385013,34.89018087855297,34.69638242894057,0.0,9.289405684754522
DFW,Dallas-Fort Worth,2025-03-05,March,Wednesday,774.0,694.0,12.793948126801153,-5.0,64.70000000000005,1454.0,24.78386167146974,20.903458213256485,13.378962536023055,10.335917312661499,0.0,5.975452196382429,3.6175710594315245,1.8255813953488371,0.0,7.624031007751938
DFW,Dallas-Fort Worth,2025-03-06,March,Thursday,898.0,892.0,0.19955156950672645,-10.0,21.0,613.0,13.452914798206278,8.641255605381167,11.894618834080717,0.6681514476614699,0.0,5.153674832962138,0.35523385300668153,0.8919821826280624,0.07461024498886415,4.259465478841871
DFW,Dallas-Fort Worth,2025-03-07,March,Friday,908.0,904.0,5.067477876106195,-4.0,25.0,1679.0,16.8141592920354,6.948008849557522,12.381637168141593,0.22026431718061676,0.22026431718061676,4.223568281938326,0.20374449339207049,2.0176211453744495,0.0,4.504405286343612
DFW,Dallas-Fort Worth,2025-03-08,March,Saturday,862.0,822.0,56.043795620437955,31.0,116.0,1655.0,64.47688564476886,44.161800486618006,14.458637469586375,4.060324825986079,0.580046403712297,14.917633410672854,7.058004640371229,14.48491879350348,0.09744779582366589,17.781902552204176
DFW,Dallas-Fort Worth,2025-03-09,March,Sunday,905.0,895.0,13.526256983240224,-2.0,39.0,1224.0,21.11731843575419,16.901675977653632,13.107262569832402,1.1049723756906076,0.0,8.61878453038674,0.2287292817679558,1.0154696132596686,0.019889502762430938,8.474033149171271
DFW,Dallas-Fort Worth,2025-03-10,March,Monday,910.0,907.0,-4.424476295479603,-14.0,25.399999999999977,684.0,13.120176405733186,9.192943770672548,12.62954796030871,0.32967032967032966,0.0,4.035164835164835,0.02967032967032967,0.545054945054945,0.0,5.759340659340659
DFW,Dallas-Fort Worth,2025-03-11,March,Tuesday,886.0,883.0,-7.090600226500566,-13.0,9.0,779.0,6.795016987542468,1.7553793884484712,13.674971687429219,0.33860045146726864,0.0,3.5812641083521446,0.02708803611738149,0.481941309255079,0.0,2.2471783295711063
DFW,Dallas-Fort Worth,2025-03-12,March,Wednesday,883.0,881.0,-0.8490351872871736,-10.0,26.0,332.0,14.642451759364357,4.511918274687854,12.216799091940976,0.22650056625141565,0.0,3.6727066817667042,0.06908267270668177,2.65118912797282,0.01245753114382786,2.810872027180068
DFW,Dallas-Fort Worth,2025-03-13,March,Thursday,907.0,903.0,2.492801771871539,-10.0,36.0,1144.0,17.16500553709856,10.60797342192691,13.981173864894796,0.2205071664829107,0.2205071664829107,7.315325248070562,0.40683572216097025,1.49393605292172,0.0011025358324145535,4.4608599779492835
DFW,Dallas-Fort Worth,2025-03-14,March,Friday,909.0,670.0,11.838805970149254,-3.0,51.0,615.0,26.417910447761194,13.844776119402985,12.813432835820896,26.072607260726073,0.22002200220022,3.155115511551155,2.815181518151815,3.217821782178218,0.0,3.933993399339934
DFW,Dallas-Fort Worth,2025-03-15,March,Saturday,859.0,846.0,34.780141843971634,7.0,97.5,1724.0,40.189125295508276,33.45390070921986,13.562647754137116,1.5133876600698486,0.0,13.044237485448196,2.6484284051222353,6.123399301513388,0.017462165308498253,15.661233993015134
DFW,Dallas-Fort Worth,2025-03-16,March,Sunday,908.0,883.0,21.983012457531142,-5.0,84.0,1257.0,25.254813137032844,29.13137032842582,13.889014722536807,2.753303964757709,0.0,10.289647577092511,2.711453744493392,4.890969162995595,0.031938325991189426,11.284140969162996
DFW,Dallas-Fort Worth,2025-03-17,March,Monday,912.0,901.0,3.5926748057713653,-9.0,35.0,623.0,17.53607103218646,14.336293007769145,13.028856825749168,1.2061403508771928,0.0,5.421052631578948,0.19517543859649122,0.7971491228070176,0.0,7.567982456140351
DFW,Dallas-Fort Worth,2025-03-18,March,Tuesday,888.0,881.0,10.633371169125994,-7.0,36.0,2303.0,20.54483541430193,17.246311010215663,13.166855845629966,0.6756756756756757,0.11261261261261261,7.706081081081081,0.9583333333333334,1.8074324324324325,0.019144144144144143,8.894144144144144
DFW,Dallas-Fort Worth,2025-03-19,March,Wednesday,874.0,836.0,34.35287081339713,12.0,85.0,1386.0,47.368421052631575,29.89952153110048,13.363636363636363,4.3478260869565215,0.0,10.09954233409611,3.990846681922197,9.941647597254004,0.0,11.435926773455378
DFW,Dallas-Fort Worth,2025-03-20,March,Thursday,899.0,895.0,9.675977653631286,-5.0,40.60000000000002,971.0,20.893854748603353,15.678212290502794,13.193296089385475,0.33370411568409347,0.11123470522803114,8.836484983314794,0.407119021134594,1.3948832035595107,0.03225806451612903,6.160177975528365
DFW,Dallas-Fort Worth,2025-03-21,March,Friday,898.0,894.0,1.08165548098434,-8.0,24.700000000000045,871.0,15.212527964205815,8.599552572706935,12.38814317673378,0.4454342984409799,0.0,3.6035634743875278,0.2951002227171492,0.8507795100222717,0.0011135857461024498,5.466592427616926
DFW,Dallas-Fort Worth,2025-03-22,March,Saturday,849.0,849.0,-1.170789163722026,-11.0,15.200000000000045,1065.0,10.247349823321555,7.2885747938751475,12.081272084805654,0.0,0.0,5.175500588928151,0.3415783274440518,0.5665488810365136,0.004711425206124852,3.5512367491166077
DFW,Dallas-Fort Worth,2025-03-23,March,Sunday,899.0,899.0,1.1223581757508343,-8.0,21.0,1141.0,14.349276974416018,6.797552836484983,12.383759733036708,0.0,0.0,3.5016685205784204,0.46051167964404893,0.9332591768631813,0.03781979977753059,4.520578420467186
DFW,Dallas-Fort Worth,2025-03-24,March,Monday,897.0,895.0,3.805586592178771,-7.0,29.0,1176.0,15.977653631284916,10.340782122905027,12.839106145251396,0.11148272017837235,0.11148272017837235,5.644370122630992,0.34894091415830547,1.3812709030100334,0.01560758082497213,4.738015607580825
DFW,Dallas-Fort Worth,2025-03-25,March,Tuesday,880.0,869.0,1.899884925201381,-11.0,39.200000000000045,799.0,20.59838895281933,7.545454545454546,13.706559263521289,0.0,1.25,4.357954545454546,0.4125,2.7170454545454548,0.0,5.421590909090909
DFW,Dallas-Fort Worth,2025-03-26,March,Wednesday,877.0,876.0,5.139269406392694,-6.0,28.5,997.0,17.35159817351598,10.399543378995434,12.648401826484019,0.0,0.11402508551881414,4.766248574686431,0.4823261117445838,1.4321550741163056,0.02280501710376283,6.254275940706956
DFW,Dallas-Fort Worth,2025-03-27,March,Thursday,897.0,893.0,0.012318029115341545,-9.0,26.800000000000068,1298.0,15.22956326987682,8.283314669652855,12.86562150055991,0.33444816053511706,0.11148272017837235,3.6031215161649945,0.9186176142697882,0.9955406911928651,0.0,5.090301003344481
DFW,Dallas-Fort Worth,2025-03-28,March,Friday,897.0,892.0,1.1894618834080717,-7.0,27.0,956.0,16.81614349775785,7.689461883408072,12.751121076233185,0.5574136008918618,0.0,4.5373467112597545,0.6544035674470458,1.8862876254180603,0.043478260869565216,3.148272017837235
DFW,Dallas-Fort Worth,2025-03-29,March,Saturday,845.0,835.0,1.4766467065868263,-11.0,31.0,1242.0,16.407185628742514,10.701796407185629,13.408383233532934,0.7100591715976331,0.4733727810650888,4.3609467455621305,0.18106508875739644,1.5479289940828402,0.06390532544378698,7.170414201183432
DFW,Dallas-Fort Worth,2025-03-30,March,Sunday,889.0,817.0,22.008567931456547,-2.0,68.0,1352.0,31.456548347613218,24.9265605875153,13.397796817625458,5.399325084364454,2.699662542182227,8.472440944881889,3.87289088863892,4.240719910011249,0.0,9.97525309336333
DFW,Dallas-Fort Worth,2025-03-31,March,Monday,890.0,858.0,20.165501165501166,-5.0,76.30000000000007,1706.0,26.923076923076923,26.7995337995338,12.564102564102564,3.5955056179775284,0.0,7.614606741573033,3.207865168539326,3.30561797752809,0.014606741573033709,12.176404494382023
DFW,Dallas-Fort Worth,2025-04-01,April,Tuesday,873.0,865.0,10.946820809248555,-8.0,41.60000000000002,1886.0,19.30635838150289,17.028901734104046,12.23121387283237,0.8018327605956471,0.11454753722794961,10.169530355097365,0.699885452462772,1.4032073310423825,0.0,6.871706758304696
DFW,Dallas-Fort Worth,2025-04-02,April,Wednesday,873.0,794.0,54.4345088161209,28.5,149.50000000000023,2032.0,60.075566750629726,47.22040302267003,13.042821158690176,5.72737686139748,3.3218785796105386,7.548682703321878,5.231386025200458,11.951890034364261,0.022909507445589918,26.882016036655212
DFW,Dallas-Fort Worth,2025-04-03,April,Thursday,895.0,811.0,30.01972872996301,10.0,77.0,2180.0,45.252774352651045,26.134401972872997,13.303329223181258,9.385474860335195,0.0,11.4536312849162,2.664804469273743,7.311731843575419,0.00782122905027933,9.124022346368715
DFW,Dallas-Fort Worth,2025-04-04,April,Friday,869.0,837.0,49.230585424133814,25.0,110.79999999999995,1556.0,61.887694145758665,32.786140979689364,13.747909199522102,2.186421173762946,1.4959723820483315,12.57307249712313,3.7065592635212887,15.457997698504027,0.028768699654775604,16.509781357882623
DFW,Dallas-Fort Worth,2025-04-05,April,Saturday,782.0,645.0,96.15968992248062,78.0,197.0,1120.0,82.94573643410853,74.27131782945736,14.565891472868216,17.391304347826086,0.1278772378516624,10.249360613810742,17.42838874680307,28.67774936061381,0.008951406649616368,23.043478260869566
DFW,Dallas-Fort Worth,2025-04-06,April,Sunday,869.0,833.0,25.182472989195677,7.0,64.0,2050.0,37.935174069627855,21.690276110444177,12.31452581032413,4.1426927502876865,0.0,11.478711162255467,1.758342922899885,4.166858457997699,0.010356731875719217,8.715765247410816
DFW,Dallas-Fort Worth,2025-04-07,April,Monday,877.0,876.0,9.417808219178083,-3.0,40.5,915.0,22.71689497716895,12.613013698630137,12.334474885844749,0.11402508551881414,0.0,6.33751425313569,0.26795895096921324,1.7137970353477765,0.009122006841505131,6.727480045610034
DFW,Dallas-Fort Worth,2025-04-08,April,Tuesday,855.0,854.0,-3.1744730679156907,-14.0,19.0,1157.0,11.241217798594848,7.366510538641686,11.403981264637002,0.11695906432748539,0.0,5.608187134502924,0.4432748538011696,0.6713450292397661,0.0,3.7415204678362572
DFW,Dallas-Fort Worth,2025-04-09,April,Wednesday,854.0,854.0,-2.078454332552693,-13.0,16.0,1034.0,10.421545667447308,7.255269320843091,12.062060889929743,0.0,0.0,6.0843091334894615,0.02107728337236534,0.5526932084309133,0.0,3.478922716627635
DFW,Dallas-Fort Worth,2025-04-10,April,Thursday,873.0,873.0,2.1328751431844215,-10.0,27.600000000000136,1584.0,14.318442153493699,9.38717067583047,12.232531500572737,0.0,0.0,6.920962199312715,0.570446735395189,0.97709049255441,0.0,3.575028636884307
DFW,Dallas-Fort Worth,2025-04-11,April,Friday,877.0,877.0,-2.6134549600912202,-11.0,20.0,1670.0,11.972633979475484,7.783352337514253,12.137970353477765,0.0,0.0,2.635119726339795,0.05815279361459521,0.4104903078677309,0.0,5.534777651083238
DFW,Dallas-Fort Worth,2025-04-12,April,Saturday,782.0,778.0,-7.380462724935732,-14.0,9.300000000000068,826.0,7.969151670951156,4.715938303341902,12.488431876606684,0.1278772378516624,0.3836317135549872,1.8324808184143222,0.0741687979539642,0.4424552429667519,0.0,5.078005115089514
DFW,Dallas-Fort Worth,2025-04-13,April,Sunday,873.0,871.0,3.0022962112514353,-13.0,30.0,1618.0,15.154994259471872,14.337543053960964,12.502870264064294,0.22909507445589922,0.0,8.3631156930126,0.0,0.6277205040091638,0.26689576174112256,6.057273768613975
DFW,Dallas-Fort Worth,2025-04-14,April,Monday,877.0,877.0,3.6476624857468645,-11.0,30.0,1701.0,14.823261117445838,11.499429874572407,12.416191562143672,0.0,0.0,7.625997719498289,0.0,0.8893956670467503,0.0,6.244013683010262
DFW,Dallas-Fort Worth,2025-04-15,April,Tuesday,852.0,848.0,-4.537735849056604,-11.0,12.0,1316.0,8.962264150943396,2.92688679245283,12.22995283018868,0.2347417840375587,0.2347417840375587,4.806338028169014,0.035211267605633804,0.4847417840375587,0.12089201877934272,1.3732394366197183
DFW,Dallas-Fort Worth,2025-04-16,April,Wednesday,856.0,855.0,-3.7660818713450293,-13.0,13.0,1559.0,9.5906432748538,5.932163742690059,11.115789473684211,0.0,0.11682242990654204,5.378504672897196,0.4310747663551402,0.20794392523364486,0.0,2.7651869158878504
DFW,Dallas-Fort Worth,2025-04-17,April,Thursday,874.0,873.0,3.8270332187857963,-9.0,28.0,824.0,14.66208476517755,10.97709049255441,11.736540664375715,0.11441647597254005,0.0,5.5995423340961095,0.017162471395881007,1.040045766590389,0.0,6.245995423340961
DFW,Dallas-Fort Worth,2025-04-18,April,Friday,880.0,873.0,5.452462772050401,-8.0,30.800000000000068,2311.0,17.525773195876287,10.198167239404352,12.215349369988544,0.22727272727272727,0.5681818181818182,6.256818181818182,0.07727272727272727,1.4215909090909091,0.0,5.886363636363637
DFW,Dallas-Fort Worth,2025-04-19,April,Saturday,782.0,746.0,36.4946380697051,17.0,106.5,869.0,51.474530831099194,32.14343163538874,12.215817694369973,3.4526854219948846,1.1508951406649617,7.829923273657289,8.672634271099744,12.016624040920716,0.0025575447570332483,9.529411764705882
DFW,Dallas-Fort Worth,2025-04-20,April,Sunday,868.0,859.0,27.88707799767171,8.0,84.0,1375.0,42.374854481955765,29.9802095459837,12.947613504074505,0.9216589861751152,0.1152073732718894,9.713133640552995,6.610599078341014,4.023041474654378,0.0,11.263824884792626
DFW,Dallas-Fort Worth,2025-04-21,April,Monday,881.0,880.0,4.9375,-10.0,32.0,1067.0,16.022727272727273,13.793181818181818,13.093181818181819,0.0,0.11350737797956867,3.619750283768445,1.2497162315550512,0.978433598183882,0.0,8.872871736662884
DFW,Dallas-Fort Worth,2025-04-22,April,Tuesday,849.0,845.0,-4.072189349112426,-12.0,10.0,1885.0,8.04733727810651,4.688757396449704,12.674556213017752,0.0,0.47114252061248524,4.758539458186101,0.16607773851590105,0.5630153121319199,0.0,2.558303886925795
DFW,Dallas-Fort Worth,2025-04-23,April,Wednesday,849.0,837.0,65.16726403823178,43.0,152.0,2093.0,69.53405017921148,57.516129032258064,13.002389486260453,0.35335689045936397,1.0600706713780919,5.404004711425206,16.703180212014136,15.06831566548881,0.0,28.842167255594816
DFW,Dallas-Fort Worth,2025-04-24,April,Thursday,884.0,720.0,65.3236111111111,43.5,173.0,750.0,63.33333333333333,61.63333333333333,14.005555555555556,17.307692307692307,1.244343891402715,5.6889140271493215,11.026018099547512,19.65497737556561,0.011312217194570135,19.31108597285068
DFW,Dallas-Fort Worth,2025-04-25,April,Friday,883.0,871.0,15.289322617680826,-1.0,53.0,1065.0,27.439724454649827,19.064293915040185,12.378874856486798,1.1325028312570782,0.22650056625141565,7.884484711211778,2.6172140430351076,2.5469988674971686,0.007927519818799546,7.293318233295583
DFW,Dallas-Fort Worth,2025-04-26,April,Saturday,778.0,774.0,13.289405684754522,-4.0,48.0,2116.0,24.67700258397933,14.7015503875969,12.875968992248062,0.12853470437017994,0.3856041131105398,7.255784061696658,1.943444730077121,3.646529562982005,0.0,7.616966580976864
DFW,Dallas-Fort Worth,2025-04-27,April,Sunday,882.0,880.0,4.345454545454546,-10.0,23.0,2459.0,14.545454545454545,12.2875,12.531818181818181,0.11337868480725624,0.11337868480725624,9.298185941043084,0.0,0.5759637188208617,0.0,4.062358276643991
DFW,Dallas-Fort Worth,2025-04-28,April,Monday,884.0,884.0,2.416289592760181,-9.0,27.40000000000009,1018.0,13.914027149321267,8.897058823529411,12.687782805429864,0.0,0.0,4.160633484162896,0.18212669683257918,1.6368778280542986,0.0,6.1289592760181
DFW,Dallas-Fort Worth,2025-04-29,April,Tuesday,850.0,849.0,-0.5147232037691402,-7.0,21.0,386.0,13.663133097762072,2.9034157832744407,12.349823321554771,0.1176470588235294,0.0,2.7505882352941176,0.8423529411764706,1.6623529411764706,0.001176470588235294,2.111764705882353
DFW,Dallas-Fort Worth,2025-04-30,April,Wednesday,851.0,444.0,91.31306306306307,25.5,296.9999999999999,1454.0,56.30630630630631,81.69144144144144,14.144144144144144,38.77790834312573,9.048178613396004,5.139835487661575,13.947121034077556,18.968272620446534,0.01762632197414806,11.876615746180963
DFW,Dallas-Fort Worth,2025-05-01,May,Thursday,880.0,850.0,18.332941176470587,-4.0,79.0,1153.0,25.294117647058822,24.56705882352941,12.32,3.4090909090909087,0.0,10.739772727272728,0.3806818181818182,1.0977272727272727,0.0,11.714772727272727
DFW,Dallas-Fort Worth,2025-05-02,May,Friday,883.0,754.0,77.14986737400531,37.0,207.0,1267.0,60.87533156498674,65.62599469496021,14.425729442970823,13.816534541336353,0.7927519818799547,9.524348810872027,12.832389580973953,21.597961494903736,0.013590033975084938,23.877689694224234
DFW,Dallas-Fort Worth,2025-05-03,May,Saturday,775.0,767.0,9.970013037809649,-6.0,43.0,1547.0,19.81747066492829,13.816166883963493,13.697522816166884,0.903225806451613,0.12903225806451613,8.567741935483872,0.8425806451612903,1.88,0.024516129032258065,5.392258064516129
DFW,Dallas-Fort Worth,2025-05-04,May,Sunday,879.0,876.0,5.091324200913242,-9.0,35.0,1077.0,18.835616438356166,12.028538812785389,12.52283105022831,0.22753128555176336,0.11376564277588168,6.100113765642776,0.39362912400455063,1.8270762229806599,0.0,6.377701934015927
DFW,Dallas-Fort Worth,2025-05-05,May,Monday,894.0,849.0,46.74793875147232,15.0,135.0,1783.0,50.53003533568905,42.888103651354534,14.289752650176679,4.921700223713646,0.11185682326621924,6.449664429530201,12.640939597315436,13.517897091722595,0.02237136465324385,16.148769574944073
DFW,Dallas-Fort Worth,2025-05-06,May,Tuesday,872.0,591.0,121.33840947546531,92.0,266.0,1335.0,79.69543147208121,98.51269035532995,19.11336717428088,26.605504587155966,5.6192660550458715,9.44954128440367,12.059633027522937,32.325688073394495,0.04243119266055046,28.78211009174312
DFW,Dallas-Fort Worth,2025-05-07,May,Wednesday,861.0,830.0,12.175903614457832,-2.0,44.10000000000002,607.0,22.16867469879518,15.467469879518072,12.510843373493977,3.6004645760743323,0.0,8.721254355400697,1.0232288037166086,1.1207897793263646,0.0,5.744483159117306
DFW,Dallas-Fort Worth,2025-05-08,May,Thursday,897.0,893.0,5.4501679731243,-6.0,29.800000000000068,1725.0,16.90929451287794,7.315789473684211,13.820828667413213,0.4459308807134894,0.0,6.269788182831661,0.3701226309921962,2.4057971014492754,0.0,3.0301003344481607
DFW,Dallas-Fort Worth,2025-05-09,May,Friday,903.0,898.0,6.854120267260579,-6.0,38.30000000000007,994.0,18.70824053452116,11.217149220489977,13.25835189309577,0.5537098560354374,0.0,6.3156146179401995,0.929125138427464,1.4983388704318936,0.07198228128460686,5.33001107419712
DFW,Dallas-Fort Worth,2025-05-10,May,Saturday,845.0,844.0,-2.1220379146919433,-12.0,15.0,1430.0,10.308056872037914,7.052132701421801,12.90047393364929,0.0,0.1183431952662722,6.339644970414201,0.3455621301775148,0.44733727810650886,0.0,2.429585798816568
DFW,Dallas-Fort Worth,2025-05-11,May,Sunday,896.0,896.0,2.9921875,-12.0,31.0,1389.0,14.508928571428573,12.501116071428571,13.004464285714286,0.0,0.0,6.987723214285714,0.2533482142857143,1.0625,0.0,6.483258928571429
DFW,Dallas-Fort Worth,2025-05-12,May,Monday,901.0,899.0,0.20133481646273638,-12.0,27.40000000000009,657.0,14.794215795328142,9.983314794215795,13.347052280311457,0.22197558268590456,0.0,5.607103218645949,0.09877913429522753,0.9167591564927858,0.011098779134295227,5.227524972253052
DFW,Dallas-Fort Worth,2025-05-13,May,Tuesday,863.0,863.0,-4.133256083429896,-13.0,16.0,2072.0,10.428736964078796,5.996523754345307,12.859791425260719,0.0,0.0,4.792584009269988,0.24913093858632676,0.5202780996523755,0.015063731170336037,3.0115874855156433
DFW,Dallas-Fort Worth,2025-05-14,May,Wednesday,862.0,857.0,8.593932322053675,-9.0,43.39999999999998,1301.0,18.55309218203034,15.640606767794633,12.645274212368728,0.46403712296983757,0.11600928074245939,6.707656612529003,0.18793503480278423,1.791183294663573,0.12761020881670534,9.330626450116009
DFW,Dallas-Fort Worth,2025-05-15,May,Thursday,896.0,893.0,15.77491601343785,-4.0,46.0,2241.0,23.292273236282195,19.38521836506159,12.918253079507279,0.33482142857142855,0.0,9.322544642857142,0.11941964285714286,2.1060267857142856,0.0,10.764508928571429
DFW,Dallas-Fort Worth,2025-05-16,May,Friday,904.0,886.0,30.54176072234763,4.0,102.5,1448.0,38.261851015801355,28.20767494356659,13.299097065462753,1.5486725663716814,0.4424778761061947,7.981194690265487,5.707964601769912,7.356194690265487,0.008849557522123894,13.720132743362832
DFW,Dallas-Fort Worth,2025-05-17,May,Saturday,847.0,719.0,13.472878998609179,-3.0,62.0,748.0,25.73018080667594,15.777468706536856,12.336578581363003,14.285714285714285,0.8264462809917356,7.338842975206612,2.3624557260920898,3.0672963400236126,0.0,3.961038961038961
DFW,Dallas-Fort Worth,2025-05-18,May,Sunday,900.0,804.0,43.092039800995025,7.0,143.10000000000014,1431.0,41.417910447761194,38.02363184079602,14.130597014925373,5.444444444444444,5.222222222222222,9.552222222222222,8.443333333333333,13.234444444444444,0.06111111111111111,10.095555555555556
DFW,Dallas-Fort Worth,2025-05-19,May,Monday,902.0,847.0,41.13931523022432,12.0,128.39999999999998,1752.0,48.17001180637544,36.29515938606848,13.113341204250295,5.543237250554324,0.5543237250554324,6.800443458980045,10.2450110864745,9.943458980044346,0.0,14.595343680709535
DFW,Dallas-Fort Worth,2025-05-20,May,Tuesday,868.0,863.0,7.060254924681344,-4.0,43.80000000000007,865.0,21.436848203939746,10.813441483198146,13.19351100811124,0.4608294930875576,0.1152073732718894,5.0195852534562215,0.5841013824884793,2.1359447004608296,0.03571428571428571,6.118663594470046
DFW,Dallas-Fort Worth,2025-05-21,May,Wednesday,864.0,861.0,3.2717770034843205,-6.0,23.0,1592.0,14.982578397212542,7.655052264808362,13.145180023228804,0.23148148148148145,0.11574074074074073,5.961805555555555,0.29050925925925924,1.3206018518518519,0.020833333333333332,3.2824074074074074
DFW,Dallas-Fort Worth,2025-05-22,May,Thursday,901.0,888.0,19.756756756756758,3.0,70.0,1250.0,35.13513513513514,17.405405405405407,13.614864864864865,0.9988901220865706,0.4439511653718091,5.049944506104328,1.2952275249722531,5.726970033296338,0.0,11.793562708102108
DFW,Dallas-Fort Worth,2025-05-23,May,Friday,902.0,901.0,2.9223085460599334,-9.0,25.0,1756.0,14.761376248612654,9.635960044395116,13.60377358490566,0.11086474501108648,0.0,5.407982261640798,0.39578713968957874,0.6130820399113082,0.04656319290465632,5.4490022172949
DFW,Dallas-Fort Worth,2025-05-24,May,Saturday,857.0,856.0,9.692757009345794,-3.5,44.0,808.0,23.24766355140187,12.410046728971963,12.838785046728972,0.11668611435239205,0.0,5.246207701283547,1.26487747957993,2.0793465577596266,0.039673278879813305,7.226371061843641
DFW,Dallas-Fort Worth,2025-05-25,May,Sunday,884.0,878.0,16.89863325740319,-1.5,80.30000000000007,433.0,33.14350797266515,17.20615034168565,12.594533029612757,0.22624434389140274,0.4524886877828055,5.134615384615385,6.123303167420814,4.452488687782806,0.0,7.003393665158371
DFW,Dallas-Fort Worth,2025-05-26,May,Monday,903.0,788.0,83.63705583756345,42.5,208.50000000000034,1263.0,71.44670050761421,66.33883248730965,15.144670050761421,8.748615725359912,3.9867109634551494,9.593576965669989,16.641196013289036,23.02436323366556,0.0,24.284606866002214
DFW,Dallas-Fort Worth,2025-05-27,May,Tuesday,873.0,833.0,14.827130852340936,0.0,69.0,544.0,26.89075630252101,16.94357743097239,13.920768307322929,4.581901489117984,0.0,6.041237113402062,1.9060710194730812,2.195876288659794,0.022909507445589918,8.395189003436426
DFW,Dallas-Fort Worth,2025-05-28,May,Wednesday,868.0,866.0,19.018475750577366,2.0,73.0,1706.0,36.25866050808314,21.849884526558892,12.600461893764434,0.2304147465437788,0.0,5.357142857142857,7.596774193548387,3.4078341013824884,0.0,7.4804147465437785
DFW,Dallas-Fort Worth,2025-05-29,May,Thursday,900.0,898.0,5.682628062360802,-7.0,27.0,1932.0,15.367483296213807,9.044543429844097,13.601336302895323,0.1111111111111111,0.1111111111111111,6.39,0.6066666666666667,1.698888888888889,0.0,4.76
DFW,Dallas-Fort Worth,2025-05-30,May,Friday,904.0,899.0,15.888765294771968,-2.0,57.0,1457.0,24.805339265850947,17.38820912124583,13.313681868743048,0.4424778761061947,0.11061946902654868,5.6847345132743365,2.350663716814159,2.6371681415929205,0.0,10.59070796460177
DFW,Dallas-Fort Worth,2025-05-31,May,Saturday,855.0,855.0,0.9730994152046784,-10.0,32.0,718.0,16.608187134502923,7.858479532163742,14.56374269005848,0.0,0.0,4.9450292397660816,0.23157894736842105,1.935672514619883,0.0152046783625731,4.601169590643275
DFW,Dallas-Fort Worth,2025-06-01,June,Sunday,900.0,896.0,17.551339285714285,-4.0,72.5,1164.0,26.785714285714285,21.501116071428573,12.947544642857142,0.2222222222222222,0.2222222222222222,9.573333333333334,1.3777777777777778,3.2422222222222223,0.01,10.645555555555555
DFW,Dallas-Fort Worth,2025-06-02,June,Monday,905.0,901.0,3.398446170921199,-11.0,29.0,1736.0,14.983351831298558,11.81354051054384,14.492785793562708,0.44198895027624313,0.0,5.144751381215469,1.16353591160221,1.6265193370165747,0.0,7.141436464088398
DFW,Dallas-Fort Worth,2025-06-03,June,Tuesday,866.0,846.0,5.226950354609929,-7.0,37.0,1536.0,21.04018912529551,9.08983451536643,13.369976359338061,0.11547344110854503,2.1939953810623556,5.521939953810624,2.1939953810623556,3.302540415704388,0.03464203233256351,3.3348729792147807
DFW,Dallas-Fort Worth,2025-06-04,June,Wednesday,863.0,860.0,-0.19883720930232557,-7.0,25.0,492.0,15.58139534883721,4.18953488372093,12.80232558139535,0.34762456546929316,0.0,3.346465816917729,0.36152954808806487,1.4391657010428738,0.0,2.772885283893395
DFW,Dallas-Fort Worth,2025-06-05,June,Thursday,960.0,958.0,6.530271398747391,-3.0,36.0,763.0,19.937369519832984,8.216075156576201,13.72964509394572,0.20833333333333334,0.0,3.821875,0.5875,1.8333333333333333,0.0,5.665625
DFW,Dallas-Fort Worth,2025-06-06,June,Friday,972.0,964.0,21.969917012448132,2.0,64.70000000000005,1537.0,33.09128630705394,21.271784232365146,12.616182572614107,0.720164609053498,0.102880658436214,9.017489711934155,2.5020576131687244,4.652263374485597,0.00205761316872428,10.024691358024691
DFW,Dallas-Fort Worth,2025-06-07,June,Saturday,924.0,917.0,14.899672846237731,3.0,54.39999999999998,643.0,32.49727371864776,15.29989094874591,13.321701199563796,0.7575757575757576,0.0,5.62012987012987,1.104978354978355,3.6547619047619047,0.13095238095238096,8.264069264069263
DFW,Dallas-Fort Worth,2025-06-08,June,Sunday,963.0,850.0,28.271764705882354,2.0,92.10000000000002,1374.0,32.82352941176471,25.55764705882353,14.225882352941177,9.034267912772584,2.699896157840083,8.973001038421598,5.195223260643822,6.328141225337487,0.021806853582554516,8.170301142263758
DFW,Dallas-Fort Worth,2025-06-09,June,Monday,971.0,930.0,25.851612903225806,6.0,80.10000000000002,1589.0,37.526881720430104,27.543010752688172,13.788172043010753,4.222451081359424,0.0,9.641606591143152,0.8280123583934088,2.588053553038105,0.012358393408856848,14.523171987641607
DFW,Dallas-Fort Worth,2025-06-10,June,Tuesday,927.0,921.0,21.43756786102063,4.0,75.0,898.0,35.72204125950054,20.709011943539632,13.790445168295332,0.3236245954692557,0.3236245954692557,6.601941747572815,1.2211434735706581,4.033441208198489,0.038834951456310676,13.064724919093852
DFW,Dallas-Fort Worth,2025-06-11,June,Wednesday,919.0,734.0,86.70708446866485,73.0,173.70000000000005,1197.0,78.61035422343325,71.2016348773842,13.91825613079019,20.02176278563656,0.1088139281828074,9.867247007616974,12.7170837867247,25.670293797606092,0.008705114254624592,21.85854189336235
DFW,Dallas-Fort Worth,2025-06-12,June,Thursday,960.0,945.0,36.25820105820106,15.0,90.0,1215.0,50.264550264550266,33.13968253968254,13.267724867724867,1.4583333333333333,0.10416666666666667,9.705208333333333,2.33125,6.879166666666666,0.0,18.645833333333332
DFW,Dallas-Fort Worth,2025-06-13,June,Friday,971.0,965.0,21.78860103626943,0.0,71.0,1694.0,31.191709844559583,22.550259067357512,12.991709844559585,0.6179196704428425,0.0,8.220391349124613,1.173017507723996,4.003089598352214,0.0937178166838311,12.781668383110196
DFW,Dallas-Fort Worth,2025-06-14,June,Saturday,932.0,918.0,23.005446623093682,0.0,77.60000000000014,1482.0,31.699346405228756,25.77995642701525,13.929193899782135,1.3948497854077253,0.1072961373390558,8.92596566523605,1.298283261802575,2.4785407725321886,0.011802575107296138,15.056866952789699
DFW,Dallas-Fort Worth,2025-06-15,June,Sunday,960.0,825.0,76.09212121212121,37.0,196.20000000000005,1330.0,61.93939393939394,69.38181818181818,15.772121212121212,11.354166666666666,2.7083333333333335,12.314583333333333,8.197916666666666,13.65,0.06145833333333333,33.31041666666667
DFW,Dallas-Fort Worth,2025-06-16,June,Monday,970.0,935.0,21.49625668449198,-1.0,67.60000000000002,2070.0,31.22994652406417,27.15187165775401,13.719786096256685,3.608247422680412,0.0,9.328865979381444,1.5742268041237113,1.9329896907216495,0.012371134020618556,13.590721649484536
DFW,Dallas-Fort Worth,2025-06-17,June,Tuesday,937.0,927.0,21.286947141316073,-2.0,81.0,1693.0,31.823085221143472,26.166127292340885,12.991370010787486,1.0672358591248665,0.0,9.725720384204909,1.8858057630736393,1.7022411953041623,0.0010672358591248667,13.895410885805763
DFW,Dallas-Fort Worth,2025-06-18,June,Wednesday,926.0,920.0,17.891304347826086,4.0,63.0,782.0,33.91304347826087,18.467391304347824,12.807608695652174,0.6479481641468683,0.0,7.377969762419006,0.9827213822894169,3.372570194384449,0.12526997840172785,9.465442764578833
DFW,Dallas-Fort Worth,2025-06-19,June,Thursday,963.0,952.0,19.24264705882353,0.0,73.79999999999995,790.0,30.252100840336134,22.45378151260504,13.216386554621849,1.0384215991692627,0.10384215991692627,8.894080996884735,2.8234683281412254,2.1194184839044654,0.08515057113187954,10.219106957424714
DFW,Dallas-Fort Worth,2025-06-20,June,Friday,974.0,966.0,8.909937888198758,-5.0,37.5,1422.0,19.151138716356108,14.521739130434783,13.379917184265011,0.8213552361396305,0.0,8.634496919917865,0.23100616016427106,1.2535934291581108,0.0,6.017453798767967
DFW,Dallas-Fort Worth,2025-06-21,June,Saturday,932.0,929.0,7.639397201291712,-7.0,41.0,1017.0,20.021528525296016,14.372443487621098,13.469321851453175,0.3218884120171674,0.0,6.893776824034335,0.9463519313304721,1.398068669527897,0.0,6.434549356223176
DFW,Dallas-Fort Worth,2025-06-22,June,Sunday,964.0,955.0,12.720418848167538,-5.0,56.0,951.0,24.397905759162303,18.677486910994766,13.738219895287958,0.9336099585062241,0.0,6.925311203319502,0.5062240663900415,1.5975103734439835,0.0,11.004149377593361
DFW,Dallas-Fort Worth,2025-06-23,June,Monday,970.0,957.0,14.64994775339603,-4.0,51.0,1746.0,24.45141065830721,20.899686520376175,14.100313479623825,1.134020618556701,0.2061855670103093,9.735051546391752,0.709278350515464,1.4360824742268041,0.0,9.917525773195877
DFW,Dallas-Fort Worth,2025-06-24,June,Tuesday,937.0,933.0,9.957127545551982,-6.0,44.80000000000007,2172.0,22.186495176848876,16.614147909967844,13.12325830653805,0.42689434364994666,0.0,7.949839914621132,0.688367129135539,0.9562433297758804,0.004268943436499467,8.737459978655282
DFW,Dallas-Fort Worth,2025-06-25,June,Wednesday,924.0,798.0,42.037593984962406,4.0,145.30000000000007,1588.0,40.97744360902256,39.68796992481203,15.177944862155389,9.632034632034632,4.004329004329004,7.496753246753247,8.6991341991342,11.393939393939394,0.005411255411255411,13.508658008658008
DFW,Dallas-Fort Worth,2025-06-26,June,Thursday,966.0,924.0,25.388528138528137,0.0,86.0,1738.0,32.683982683982684,27.116883116883116,14.04978354978355,3.9337474120082816,0.4140786749482402,10.314699792960662,2.6469979296066253,5.5600414078674945,0.0,11.0527950310559
DFW,Dallas-Fort Worth,2025-06-27,June,Friday,974.0,934.0,34.55139186295503,7.0,116.70000000000005,851.0,42.61241970021413,35.2152034261242,14.592077087794433,3.9014373716632447,0.20533880903490762,10.906570841889117,2.9188911704312117,4.7731006160164275,0.06981519507186858,18.417864476386036
DFW,Dallas-Fort Worth,2025-06-28,June,Saturday,932.0,885.0,23.957062146892657,1.0,79.60000000000002,1600.0,32.88135593220339,27.992090395480226,14.56271186440678,5.042918454935622,0.0,11.021459227467812,1.6641630901287554,2.351931330472103,0.0,12.42489270386266
DFW,Dallas-Fort Worth,2025-06-29,June,Sunday,961.0,948.0,19.552742616033754,-1.0,68.30000000000007,1629.0,31.0126582278481,23.803797468354432,13.777426160337553,1.352757544224766,0.0,11.183142559833506,1.0561914672216441,2.6805411030176898,0.0,10.161290322580646
DFW,Dallas-Fort Worth,2025-06-30,June,Monday,970.0,932.0,31.574034334763947,1.0,84.89999999999998,1984.0,35.30042918454936,31.197424892703864,14.204935622317597,2.268041237113402,1.6494845360824744,12.985567010309278,1.4814432989690722,4.695876288659794,0.0010309278350515464,16.164948453608247
DFW,Dallas-Fort Worth,2025-07-01,July,Tuesday,843.0,822.0,19.838199513381994,-1.0,57.89999999999998,1437.0,29.075425790754256,22.155717761557177,13.87712895377129,2.0166073546856467,0.4744958481613286,8.625148279952551,2.6915776986951365,2.419928825622776,0.027283511269276393,10.590747330960854
DFW,Dallas-Fort Worth,2025-07-02,July,Wednesday,921.0,910.0,25.282417582417583,1.0,72.10000000000002,1847.0,33.62637362637363,27.2978021978022,13.352747252747253,0.8686210640608035,0.32573289902280134,10.549402823018458,1.0510314875135722,3.3952225841476658,0.03474484256243214,15.039087947882736
DFW,Dallas-Fort Worth,2025-07-03,July,Thursday,959.0,945.0,34.13121693121693,3.0,85.60000000000002,1806.0,36.402116402116405,35.06772486772487,13.197883597883598,0.8342022940563086,0.6256517205422315,11.964546402502608,3.321167883211679,4.422314911366006,0.01251303441084463,17.85610010427529
DFW,Dallas-Fort Worth,2025-07-04,July,Friday,734.0,734.0,3.963215258855586,-8.0,34.700000000000045,773.0,17.302452316076295,10.381471389645776,13.393732970027248,0.0,0.0,4.35149863760218,0.29836512261580383,1.5013623978201636,0.01907356948228883,7.9346049046321525
DFW,Dallas-Fort Worth,2025-07-05,July,Saturday,909.0,909.0,6.961496149614962,-5.0,42.0,556.0,22.22222222222222,12.471947194719473,14.504950495049505,0.0,0.0,5.677667766776677,0.24532453245324531,2.4477447744774476,0.0,6.77997799779978
DFW,Dallas-Fort Worth,2025-07-06,July,Sunday,964.0,953.0,26.541448058761805,2.0,66.0,2083.0,33.89296956977964,28.30430220356768,14.487932843651626,0.4149377593360996,0.7261410788381742,13.092323651452283,1.6535269709543567,3.788381742738589,0.07780082987551867,13.104771784232366
DFW,Dallas-Fort Worth,2025-07-07,July,Monday,974.0,951.0,49.732912723449004,25.0,123.0,1276.0,56.88748685594112,47.64458464773922,13.732912723449001,1.4373716632443532,0.9240246406570842,9.23305954825462,5.7351129363449695,13.125256673511293,0.013347022587268994,23.44147843942505
DFW,Dallas-Fort Worth,2025-07-08,July,Tuesday,938.0,793.0,39.01261034047919,1.0,109.80000000000007,1472.0,36.56998738965952,37.28499369482976,15.206809583858764,11.83368869936034,3.624733475479744,12.457356076759062,7.149253731343284,8.72814498933902,0.0,9.26226012793177
DFW,Dallas-Fort Worth,2025-07-09,July,Wednesday,924.0,805.0,32.26459627329193,3.0,105.0,1001.0,38.01242236024845,33.590062111801245,15.277018633540372,10.281385281385282,2.5974025974025974,9.54978354978355,2.409090909090909,5.337662337662338,0.0,14.955627705627705
DFW,Dallas-Fort Worth,2025-07-10,July,Thursday,963.0,946.0,22.617336152219874,-4.0,73.0,2149.0,28.012684989429175,27.325581395348838,15.029598308668076,1.557632398753894,0.20768431983385255,12.598130841121495,2.245067497403946,2.652128764278297,0.0,11.83073727933541
DFW,Dallas-Fort Worth,2025-07-11,July,Friday,969.0,951.0,16.12197686645636,-4.0,64.0,902.0,26.708727655099896,21.379600420609883,13.875920084121978,1.8575851393188854,0.0,8.042311661506709,1.1145510835913313,2.0319917440660475,0.008255933952528379,11.761609907120743
DFW,Dallas-Fort Worth,2025-07-12,July,Saturday,923.0,652.0,60.83742331288344,6.0,156.89999999999998,1680.0,40.49079754601227,58.86042944785276,14.512269938650308,21.34344528710726,8.017334777898158,15.052004333694475,12.307692307692308,10.153846153846153,0.027085590465872156,8.42578548212351
DFW,Dallas-Fort Worth,2025-07-13,July,Sunday,959.0,724.0,68.38674033149171,28.0,153.70000000000005,2203.0,58.70165745856354,66.41298342541437,14.171270718232044,24.400417101147028,0.10427528675703858,17.991657977059436,6.300312825860271,9.291970802919709,0.0,19.477580813347238
DFW,Dallas-Fort Worth,2025-07-14,July,Monday,967.0,892.0,46.09304932735426,17.0,127.89999999999998,1463.0,52.01793721973094,45.91479820627803,14.552690582959642,7.34229576008273,0.4136504653567736,16.28852119958635,3.750775594622544,5.689762150982419,0.010341261633919338,18.372285418821097
DFW,Dallas-Fort Worth,2025-07-15,July,Tuesday,936.0,910.0,23.318681318681318,-2.0,74.20000000000005,1863.0,29.78021978021978,27.04945054945055,13.76923076923077,2.6709401709401708,0.10683760683760685,9.673076923076923,2.7702991452991452,2.7927350427350426,0.0,12.78525641025641
DFW,Dallas-Fort Worth,2025-07-16,July,Wednesday,924.0,916.0,18.99126637554585,-3.0,72.0,1118.0,28.711790393013096,23.603711790393014,12.643013100436681,0.8658008658008658,0.0,8.953463203463203,2.2662337662337664,2.115800865800866,0.0,11.682900432900434
DFW,Dallas-Fort Worth,2025-07-17,July,Thursday,962.0,954.0,15.263102725366876,-4.0,60.700000000000045,1233.0,25.89098532494759,19.40356394129979,13.139412997903564,0.8316008316008316,0.0,5.523908523908524,0.4781704781704782,1.5613305613305613,0.009355509355509356,13.81081081081081
DFW,Dallas-Fort Worth,2025-07-18,July,Friday,970.0,961.0,15.906347554630592,-4.0,61.0,1061.0,24.661810613943807,20.386056191467222,13.430801248699272,0.8247422680412372,0.10309278350515465,8.244329896907216,1.645360824742268,1.7360824742268042,0.088659793814433,10.59381443298969
DFW,Dallas-Fort Worth,2025-07-19,July,Saturday,925.0,922.0,12.223427331887201,-5.0,45.0,1232.0,24.18655097613883,17.522776572668114,14.272234273318873,0.21621621621621623,0.10810810810810811,7.436756756756757,0.40216216216216216,1.8054054054054054,0.015135135135135135,9.578378378378378
DFW,Dallas-Fort Worth,2025-07-20,July,Sunday,962.0,959.0,16.38269030239833,-5.0,57.0,1614.0,24.608967674661105,22.140771637122,13.846715328467154,0.31185031185031187,0.0,9.114345114345115,0.9958419958419958,1.8212058212058213,0.04054054054054054,11.20997920997921
DFW,Dallas-Fort Worth,2025-07-21,July,Monday,969.0,966.0,9.357142857142858,-6.0,46.5,1947.0,20.39337474120083,14.215320910973086,14.48033126293996,0.30959752321981426,0.0,7.330237358101135,0.47058823529411764,1.280701754385965,0.034055727554179564,7.476780185758514
DFW,Dallas-Fort Worth,2025-07-22,July,Tuesday,937.0,935.0,14.792513368983958,-6.0,51.0,1436.0,21.92513368983957,20.42139037433155,13.267379679144385,0.21344717182497333,0.0,10.411953041622198,2.175026680896478,1.1003201707577375,0.020277481323372464,8.88794023479189
DFW,Dallas-Fort Worth,2025-07-23,July,Wednesday,923.0,921.0,13.323561346362649,-7.0,47.0,2184.0,19.32681867535288,18.661237785016286,13.146579804560261,0.10834236186348861,0.10834236186348861,11.121343445287108,0.3369447453954496,1.1473456121343446,0.0,8.502708559046587
DFW,Dallas-Fort Worth,2025-07-24,July,Thursday,960.0,960.0,9.470833333333333,-5.0,41.10000000000002,1322.0,20.3125,13.636458333333334,14.0375,0.0,0.0,6.658333333333333,0.5083333333333333,1.765625,0.022916666666666665,7.63125
DFW,Dallas-Fort Worth,2025-07-25,July,Friday,968.0,957.0,15.543364681295715,-3.0,63.19999999999993,942.0,24.869383490073147,19.320794148380354,14.220480668756531,1.0330578512396695,0.10330578512396695,7.650826446280992,1.5454545454545454,1.9721074380165289,0.13636363636363635,10.450413223140496
DFW,Dallas-Fort Worth,2025-07-26,July,Saturday,924.0,918.0,18.986928104575163,-2.5,68.30000000000007,1461.0,29.08496732026144,23.098039215686274,13.927015250544663,0.5411255411255411,0.10822510822510822,8.252164502164502,1.8095238095238095,2.311688311688312,0.03787878787878788,13.14935064935065
DFW,Dallas-Fort Worth,2025-07-27,July,Sunday,961.0,949.0,19.664910432033718,-5.0,74.0,1038.0,26.027397260273972,25.8840885142255,13.752370916754478,1.2486992715920915,0.0,7.299687825182102,1.3225806451612903,2.0593132154006244,0.0,15.697190426638917
DFW,Dallas-Fort Worth,2025-07-28,July,Monday,970.0,954.0,15.166666666666666,-7.0,67.0,1819.0,24.633123689727462,23.28930817610063,13.062893081761006,1.5463917525773196,0.10309278350515465,8.163917525773195,0.9567010309278351,0.8783505154639175,0.02268041237113402,13.190721649484535
DFW,Dallas-Fort Worth,2025-07-29,July,Tuesday,937.0,934.0,10.49678800856531,-6.0,50.0,1107.0,21.306209850107066,16.6627408993576,13.746252676659529,0.21344717182497333,0.10672358591248667,5.218783351120598,1.8623265741728923,1.5250800426894344,0.021344717182497332,9.562433297758805
DFW,Dallas-Fort Worth,2025-07-30,July,Wednesday,922.0,921.0,10.080347448425623,-6.0,52.0,1264.0,23.01845819761129,15.621064060803475,13.236699239956568,0.10845986984815618,0.0,5.699566160520607,0.8622559652928417,1.990238611713666,0.019522776572668113,9.508676789587852
DFW,Dallas-Fort Worth,2025-07-31,July,Thursday,961.0,936.0,27.83440170940171,-1.0,88.5,1710.0,33.44017094017094,28.544871794871796,14.395299145299145,2.497398543184183,0.10405827263267431,11.52445369406868,2.8397502601456814,4.323621227887617,0.0,14.093652445369408
DFW,Dallas-Fort Worth,2025-08-01,August,Friday,966.0,944.0,27.55826271186441,3.5,88.70000000000005,1308.0,36.97033898305085,29.38771186440678,13.880296610169491,2.2774327122153206,0.0,12.226708074534162,3.12008281573499,3.2950310559006213,0.036231884057971016,12.48447204968944
DFW,Dallas-Fort Worth,2025-08-02,August,Saturday,923.0,908.0,25.66850220264317,0.5,76.30000000000007,1999.0,30.616740088105725,27.85022026431718,14.972466960352422,1.6251354279523293,0.0,13.700975081256772,0.49729144095341277,2.7107258938244856,0.09209100758396534,12.668472372697725
DFW,Dallas-Fort Worth,2025-08-03,August,Sunday,957.0,830.0,51.55421686746988,14.0,153.0,1175.0,49.75903614457831,45.66144578313253,21.35542168674699,7.314524555903866,5.956112852664576,8.206896551724139,4.0501567398119125,10.39080459770115,0.003134796238244514,25.031347962382444
DFW,Dallas-Fort Worth,2025-08-04,August,Monday,966.0,915.0,30.798907103825137,12.0,83.60000000000002,1460.0,48.19672131147541,33.43934426229508,14.189071038251367,5.175983436853002,0.10351966873706005,5.667701863354037,4.346790890269151,4.554865424430642,0.06832298136645963,18.200828157349896
DFW,Dallas-Fort Worth,2025-08-05,August,Tuesday,936.0,934.0,7.744111349036403,-7.0,38.0,841.0,20.235546038543898,14.37473233404711,13.112419700214133,0.10683760683760685,0.10683760683760685,5.138888888888889,1.0544871794871795,0.9529914529914529,0.0,8.571581196581196
DFW,Dallas-Fort Worth,2025-08-06,August,Wednesday,837.0,831.0,6.341756919374248,-7.0,31.0,867.0,18.050541516245488,10.73164861612515,12.813477737665464,0.5973715651135006,0.11947431302270012,5.905615292712067,0.3727598566308244,1.3428912783751494,0.0,6.479091995221028
DFW,Dallas-Fort Worth,2025-08-07,August,Thursday,928.0,924.0,6.489177489177489,-6.0,35.700000000000045,2052.0,19.480519480519483,11.543290043290042,13.382034632034632,0.43103448275862066,0.0,4.1907327586206895,0.6982758620689655,1.2122844827586208,0.05387931034482758,7.993534482758621
DFW,Dallas-Fort Worth,2025-08-08,August,Friday,869.0,864.0,5.795138888888889,-7.0,34.40000000000009,715.0,16.203703703703702,12.657407407407407,12.788194444444445,0.5753739930955121,0.0,6.084004602991945,0.7779056386651323,0.9689298043728424,0.0,6.433831990794016
DFW,Dallas-Fort Worth,2025-08-09,August,Saturday,810.0,808.0,5.672029702970297,-7.0,43.0,486.0,20.049504950495052,11.681930693069306,13.167079207920793,0.24691358024691357,0.0,4.538271604938272,0.48641975308641977,1.7617283950617284,0.044444444444444446,7.114814814814815
DFW,Dallas-Fort Worth,2025-08-10,August,Sunday,932.0,930.0,16.35268817204301,-2.0,65.10000000000002,1166.0,27.956989247311824,20.731182795698924,13.149462365591399,0.2145922746781116,0.0,7.829399141630901,0.5311158798283262,1.6105150214592274,0.001072961373390558,12.229613733905579
DFW,Dallas-Fort Worth,2025-08-11,August,Monday,869.0,869.0,12.537399309551208,-5.0,54.200000000000045,919.0,22.209436133486765,16.573072497123132,12.958573072497122,0.0,0.0,6.29228998849252,0.7019562715765247,1.8515535097813578,0.0,10.788262370540851
DFW,Dallas-Fort Worth,2025-08-12,August,Tuesday,839.0,835.0,26.889820359281437,3.0,79.60000000000002,1518.0,34.73053892215569,23.101796407185628,12.889820359281437,0.23837902264600713,0.23837902264600713,10.796185935637665,1.4612634088200238,7.522050059594756,0.0,10.882002383790226
DFW,Dallas-Fort Worth,2025-08-13,August,Wednesday,830.0,820.0,16.529268292682925,0.0,48.10000000000002,2052.0,28.780487804878046,14.97439024390244,13.052439024390244,1.2048192771084338,0.0,9.59156626506024,0.9337349397590361,4.578313253012048,0.0,5.827710843373494
DFW,Dallas-Fort Worth,2025-08-14,August,Thursday,919.0,917.0,11.07742639040349,-5.0,49.39999999999998,1429.0,21.155943293347875,14.339149400218103,13.02835332606325,0.2176278563656148,0.0,6.8193688792165394,0.7845484221980413,1.616974972796518,0.003264417845484222,8.089227421109902
DFW,Dallas-Fort Worth,2025-08-15,August,Friday,861.0,860.0,10.41046511627907,-7.0,35.10000000000002,1973.0,18.72093023255814,14.226744186046512,13.14186046511628,0.11614401858304298,0.0,6.413472706155633,0.7282229965156795,1.5168408826945412,0.003484320557491289,9.495934959349594
DFW,Dallas-Fort Worth,2025-08-16,August,Saturday,802.0,799.0,4.743429286608261,-8.0,41.0,537.0,18.773466833541928,10.18648310387985,13.966207759699625,0.3740648379052369,0.0,4.402743142144638,0.2855361596009975,1.612219451371571,0.003740648379052369,6.910224438902743
DFW,Dallas-Fort Worth,2025-08-17,August,Sunday,918.0,914.0,13.365426695842451,-3.0,52.700000000000045,1231.0,24.50765864332604,17.216630196936542,13.369803063457331,0.4357298474945534,0.0,7.911764705882353,1.3485838779956427,1.8006535947712419,0.008714596949891068,7.970588235294118
DFW,Dallas-Fort Worth,2025-08-18,August,Monday,862.0,854.0,16.68032786885246,-2.0,47.700000000000045,1356.0,26.229508196721312,20.67447306791569,12.994145199063231,0.6960556844547563,0.23201856148491878,10.116009280742459,1.5046403712296983,1.931554524361949,0.0,8.68445475638051
DFW,Dallas-Fort Worth,2025-08-19,August,Tuesday,820.0,815.0,10.52638036809816,-3.0,53.200000000000045,651.0,24.049079754601227,13.668711656441717,13.936196319018405,0.3658536585365854,0.24390243902439024,5.232926829268293,0.7170731707317073,1.751219512195122,0.02195121951219512,8.87560975609756
DFW,Dallas-Fort Worth,2025-08-20,August,Wednesday,821.0,701.0,110.35663338088445,75.0,269.0,1588.0,71.0413694721826,99.80884450784593,19.121255349500714,9.500609013398295,5.115712545676005,8.543239951278927,20.724725943970768,27.302070645554203,0.0,39.69671132764921
DFW,Dallas-Fort Worth,2025-08-21,August,Thursday,919.0,910.0,17.92087912087912,-1.0,72.0,629.0,30.54945054945055,20.05824175824176,13.342857142857143,0.544069640914037,0.4352557127312296,6.951033732317737,1.0620239390642001,2.81936887921654,0.0,11.949945593035908
DFW,Dallas-Fort Worth,2025-08-22,August,Friday,865.0,863.0,10.56431054461182,-4.0,42.0,1777.0,21.90034762456547,13.909617612977984,13.650057937427578,0.0,0.23121387283236997,8.383815028901735,1.515606936416185,1.5676300578034683,0.0,5.312138728323699
DFW,Dallas-Fort Worth,2025-08-23,August,Saturday,795.0,794.0,0.9395465994962217,-9.0,24.0,1074.0,14.231738035264483,5.2292191435768265,13.17758186397985,0.12578616352201258,0.0,5.279245283018868,0.6666666666666666,1.389937106918239,0.018867924528301886,2.2641509433962264
DFW,Dallas-Fort Worth,2025-08-24,August,Sunday,922.0,918.0,9.852941176470589,-6.0,43.30000000000007,2067.0,20.588235294117645,12.557734204793029,13.210239651416122,0.32537960954446854,0.10845986984815618,5.8806941431670285,0.34164859002169196,1.7429501084598698,0.0032537960954446853,8.537960954446854
DFW,Dallas-Fort Worth,2025-08-25,August,Monday,864.0,863.0,14.738122827346466,-3.0,39.80000000000007,1288.0,20.046349942062573,14.851680185399768,13.850521436848204,0.11574074074074073,0.0,8.83449074074074,0.06597222222222222,1.8969907407407407,0.0,8.958333333333334
DFW,Dallas-Fort Worth,2025-08-26,August,Tuesday,817.0,816.0,4.174019607843137,-7.0,23.0,1807.0,13.480392156862745,6.004901960784314,12.569852941176471,0.12239902080783352,0.0,5.7723378212974294,0.6364749082007344,1.1236230110159118,0.0,4.221542227662178
DFW,Dallas-Fort Worth,2025-08-27,August,Wednesday,822.0,821.0,-1.289890377588307,-8.0,19.0,583.0,11.20584652862363,2.5225334957369063,12.647990255785627,0.0,0.12165450121654502,3.420924574209246,0.11678832116788321,0.681265206812652,0.0,2.51338199513382
DFW,Dallas-Fort Worth,2025-08-28,August,Thursday,919.0,704.0,47.82670454545455,4.0,163.70000000000005,2679.0,38.06818181818182,43.64204545454545,13.194602272727273,14.145810663764962,9.249183895538629,9.441784548422198,14.425462459194778,10.731229597388467,0.008705114254624592,5.20348204570185
DFW,Dallas-Fort Worth,2025-08-29,August,Friday,930.0,856.0,27.41588785046729,6.0,83.5,1608.0,35.86448598130841,28.632009345794394,13.467289719626168,7.956989247311828,0.0,12.773118279569893,1.4709677419354839,2.1795698924731184,0.0032258064516129032,11.118279569892474
DFW,Dallas-Fort Worth,2025-08-30,August,Saturday,793.0,561.0,114.53832442067736,50.0,278.0,1534.0,64.70588235294117,95.52762923351159,27.54723707664884,20.68095838587642,8.575031525851198,11.794451450189156,21.665825977301388,22.148802017654475,0.0012610340479192938,27.036569987389658
DFW,Dallas-Fort Worth,2025-08-31,August,Sunday,863.0,782.0,29.705882352941178,5.0,99.0,1093.0,40.66496163682864,28.5230179028133,15.921994884910486,8.690614136732329,0.6952491309385863,10.534183082271147,2.4020857473928157,5.483198146002318,0.015063731170336037,12.35225955967555
DFW,Dallas-Fort Worth,2025-09-01,September,Monday,927.0,870.0,29.686206896551724,4.0,106.20000000000005,748.0,40.11494252873563,30.535632183908046,13.466666666666667,3.559870550161812,2.5889967637540456,5.26537216828479,4.345199568500539,5.170442286947141,0.021574973031283712,17.554476806903992
DFW,Dallas-Fort Worth,2025-09-02,September,Tuesday,821.0,803.0,6.718555417185554,-5.0,32.0,882.0,16.936488169364882,10.54296388542964,13.012453300124532,2.0706455542021924,0.12180267965895249,6.459196102314251,0.6906211936662606,0.8367844092570037,0.0,4.965895249695493
DFW,Dallas-Fort Worth,2025-09-03,September,Wednesday,808.0,808.0,0.3180693069306931,-11.0,14.0,1543.0,9.900990099009901,6.323019801980198,12.92079207920792,0.0,0.0,4.573019801980198,0.34034653465346537,0.6992574257425742,0.0,5.0594059405940595
DFW,Dallas-Fort Worth,2025-09-04,September,Thursday,853.0,849.0,3.9905771495877502,-12.0,18.0,1712.0,11.66077738515901,9.739693757361602,13.104829210836279,0.4689331770222743,0.0,6.2286049237983585,2.6201641266119577,1.5169988276670574,0.0,4.506447831184056
DFW,Dallas-Fort Worth,2025-09-05,September,Friday,859.0,851.0,19.193889541715627,-6.0,65.0,2795.0,27.027027027027028,18.085781433607522,13.894242068155112,0.11641443538998836,0.8149010477299184,9.89057043073341,2.8649592549476135,5.90803259604191,0.011641443538998836,7.939464493597206
DFW,Dallas-Fort Worth,2025-09-06,September,Saturday,764.0,763.0,6.352555701179554,-8.0,33.0,1199.0,17.82437745740498,9.642201834862385,12.479685452162517,0.13089005235602094,0.0,4.799738219895288,1.3861256544502618,2.884816753926702,0.0,5.37696335078534
DFW,Dallas-Fort Worth,2025-09-07,September,Sunday,920.0,919.0,6.558215451577802,-7.0,32.0,1318.0,15.778019586507073,12.488574537540805,13.093579978237214,0.10869565217391304,0.0,7.635869565217392,0.2956521739130435,1.1119565217391305,0.0,5.877173913043478
DFW,Dallas-Fort Worth,2025-09-08,September,Monday,861.0,861.0,4.997677119628339,-11.0,20.0,1456.0,12.427409988385598,13.119628339140535,12.823461091753774,0.0,0.0,8.094076655052264,1.2717770034843205,2.048780487804878,0.0,4.817653890824623
DFW,Dallas-Fort Worth,2025-09-09,September,Tuesday,815.0,814.0,-9.15970515970516,-14.0,7.0,296.0,7.493857493857494,-0.01597051597051597,12.394348894348894,0.1226993865030675,0.0,1.9276073619631902,0.08834355828220859,0.4147239263803681,0.03680981595092025,2.4196319018404906
DFW,Dallas-Fort Worth,2025-09-10,September,Wednesday,822.0,821.0,-3.3398294762484775,-13.0,9.0,2257.0,8.28258221680877,5.0316686967113275,12.483556638246041,0.12165450121654502,0.0,5.32360097323601,0.2396593673965937,0.5170316301703163,0.0,3.72992700729927
DFW,Dallas-Fort Worth,2025-09-11,September,Thursday,917.0,916.0,1.3231441048034935,-9.0,31.0,604.0,18.340611353711793,7.346069868995633,12.905021834061136,0.10905125408942204,0.0,2.911668484187568,0.5670665212649946,1.5681570338058888,0.0,6.041439476553981
DFW,Dallas-Fort Worth,2025-09-12,September,Friday,863.0,863.0,-0.59675550405562,-13.0,31.0,642.0,13.093858632676708,9.097334878331402,13.263035921205098,0.0,0.0,5.549246813441483,0.0996523754345307,0.8679026651216686,0.0,5.410196987253766
DFW,Dallas-Fort Worth,2025-09-13,September,Saturday,811.0,808.0,-2.0705445544554455,-12.0,19.300000000000068,1495.0,12.004950495049505,6.899752475247524,13.634900990099009,0.12330456226880394,0.2466091245376079,4.525277435265105,0.562268803945746,0.8224414303329223,0.0,4.4340320591861895
DFW,Dallas-Fort Worth,2025-09-14,September,Sunday,922.0,920.0,-3.5380434782608696,-12.0,16.0,1147.0,10.652173913043478,4.851086956521739,13.491304347826087,0.21691973969631237,0.0,3.428416485900217,0.04772234273318872,0.517353579175705,0.0,3.418655097613883
DFW,Dallas-Fort Worth,2025-09-15,September,Monday,860.0,860.0,-4.363953488372093,-12.0,14.0,674.0,9.883720930232558,4.687209302325582,13.136046511627907,0.0,0.0,1.5651162790697675,0.01627906976744186,0.4744186046511628,0.0034883720930232558,5.540697674418604
DFW,Dallas-Fort Worth,2025-09-16,September,Tuesday,814.0,813.0,-6.645756457564576,-13.0,13.0,530.0,9.22509225092251,1.9753997539975399,12.863468634686347,0.0,0.12285012285012285,3.2567567567567566,0.23095823095823095,0.527027027027027,0.0,2.2714987714987713
DFW,Dallas-Fort Worth,2025-09-17,September,Wednesday,822.0,822.0,-3.332116788321168,-11.0,21.899999999999977,638.0,12.287104622871047,3.8990267639902676,13.04257907542579,0.0,0.0,3.4927007299270074,0.13260340632603407,1.1727493917274938,0.0948905109489051,3.1472019464720193
DFW,Dallas-Fort Worth,2025-09-18,September,Thursday,917.0,917.0,8.029443838604143,-6.0,48.39999999999998,748.0,23.991275899672846,11.304252998909487,13.379498364231189,0.0,0.0,4.535441657579062,1.2857142857142858,3.6259541984732824,0.026172300981461286,6.630316248636859
DFW,Dallas-Fort Worth,2025-09-19,September,Friday,861.0,554.0,74.57039711191335,-1.0,187.09999999999997,1186.0,36.101083032490976,74.33393501805054,14.967509025270758,28.455284552845526,7.200929152148665,11.645760743321718,0.37630662020905925,30.197444831591174,0.0,9.80836236933798
DFW,Dallas-Fort Worth,2025-09-20,September,Saturday,811.0,724.0,17.175414364640883,-3.0,66.40000000000009,1127.0,28.45303867403315,22.849447513812155,13.806629834254144,10.60419235511714,0.12330456226880394,8.663378545006164,0.36744759556103573,4.326757090012331,0.09617755856966707,7.221948212083847
DFW,Dallas-Fort Worth,2025-09-21,September,Sunday,920.0,858.0,39.08741258741259,1.0,146.20000000000027,1251.0,37.41258741258741,36.52797202797203,14.904428904428904,2.0652173913043477,4.673913043478261,8.445652173913043,11.102173913043478,10.191304347826087,0.0,11.622826086956522
DFW,Dallas-Fort Worth,2025-09-22,September,Monday,860.0,807.0,42.53035935563817,15.0,126.39999999999998,781.0,50.18587360594795,42.62081784386617,14.149938042131351,4.4186046511627906,1.744186046511628,8.736046511627906,6.438372093023256,7.32093023255814,0.0,19.808139534883722
DFW,Dallas-Fort Worth,2025-09-23,September,Tuesday,813.0,810.0,4.855555555555555,-8.0,38.0,1236.0,17.28395061728395,7.350617283950617,12.344444444444445,0.0,0.36900369003690037,4.922509225092251,1.995079950799508,2.836408364083641,0.07872078720787208,3.6642066420664205
DFW,Dallas-Fort Worth,2025-09-24,September,Wednesday,822.0,792.0,56.54671717171717,26.0,148.89999999999998,4336.0,60.35353535353535,50.87373737373738,13.58838383838384,2.5547445255474455,1.094890510948905,15.14963503649635,5.236009732360097,10.003649635036496,0.032846715328467155,26.400243309002434
DFW,Dallas-Fort Worth,2025-09-25,September,Thursday,918.0,915.0,7.348633879781421,-5.0,37.60000000000002,1046.0,20.0,10.910382513661203,12.873224043715847,0.2178649237472767,0.10893246187363835,4.4411764705882355,0.340958605664488,1.8169934640522876,0.0,7.199346405228758
DFW,Dallas-Fort Worth,2025-09-26,September,Friday,863.0,856.0,4.5,-9.0,30.0,775.0,14.719626168224298,10.70911214953271,13.613317757009346,0.8111239860950173,0.0,4.179606025492468,0.5179606025492468,1.8400926998841252,0.0,7.332560834298957
DFW,Dallas-Fort Worth,2025-09-27,September,Saturday,811.0,808.0,-2.2945544554455446,-12.0,16.0,598.0,10.51980198019802,5.908415841584159,13.035891089108912,0.36991368680641185,0.0,4.769420468557336,0.4118372379778052,0.45129469790382243,0.0,3.590628853267571
DFW,Dallas-Fort Worth,2025-09-28,September,Sunday,921.0,921.0,-0.24321389793702497,-10.0,22.0,1111.0,12.59500542888165,7.616720955483171,13.376764386536374,0.0,0.0,5.504885993485342,0.3507057546145494,0.6167209554831705,0.021715526601520086,3.3387622149837135
DFW,Dallas-Fort Worth,2025-09-29,September,Monday,861.0,859.0,1.151338766006985,-12.0,16.0,1460.0,10.593713620488941,9.578579743888243,12.828870779976716,0.23228803716608595,0.0,5.046457607433217,0.06155632984901278,0.5911730545876888,0.0429732868757259,7.455284552845528
DFW,Dallas-Fort Worth,2025-09-30,September,Tuesday,815.0,815.0,-9.12760736196319,-14.0,9.600000000000023,398.0,8.098159509202455,0.6220858895705521,12.749693251533742,0.0,0.0,2.161963190184049,0.025766871165644172,0.3914110429447853,0.03067484662576687,2.3840490797546012
DFW,Dallas-Fort Worth,2025-10-01,October,Wednesday,822.0,822.0,-7.113138686131387,-14.0,10.0,528.0,8.02919708029197,2.0924574209245743,12.806569343065693,0.0,0.0,3.7579075425790753,0.012165450121654502,0.51338199513382,0.0,2.3150851581508514
DFW,Dallas-Fort Worth,2025-10-02,October,Thursday,918.0,917.0,0.06543075245365322,-12.0,13.0,2087.0,9.59651035986914,7.945474372955289,13.270447110141767,0.10893246187363835,0.0,5.751633986928105,0.0,0.6361655773420479,0.0,5.321350762527233
DFW,Dallas-Fort Worth,2025-10-03,October,Friday,864.0,864.0,-4.864583333333333,-12.0,18.0,410.0,11.11111111111111,3.627314814814815,13.768518518518519,0.0,0.0,3.8368055555555554,0.09027777777777778,0.8229166666666666,0.0,2.5729166666666665
DFW,Dallas-Fort Worth,2025-10-04,October,Saturday,812.0,812.0,-8.27832512315271,-13.0,11.899999999999977,398.0,8.497536945812808,1.0049261083743843,13.655172413793103,0.0,0.0,2.1958128078817736,0.13054187192118227,0.5197044334975369,0.0,2.2167487684729066
DFW,Dallas-Fort Worth,2025-10-05,October,Sunday,921.0,920.0,-2.85,-10.0,21.100000000000023,309.0,13.043478260869565,4.821739130434783,13.33804347826087,0.0,0.10857763300760044,3.517915309446254,0.16720955483170466,0.6373507057546145,0.008686210640608035,3.040173724212812
DFW,Dallas-Fort Worth,2025-10-06,October,Monday,928.0,926.0,-0.08207343412526998,-10.5,19.0,1583.0,12.63498920086393,7.6457883369330455,13.80561555075594,0.21551724137931033,0.0,5.168103448275862,0.0,0.6907327586206896,0.059267241379310345,4.422413793103448
DFW,Dallas-Fort Worth,2025-10-07,October,Tuesday,835.0,834.0,-0.645083932853717,-9.0,26.700000000000045,406.0,14.86810551558753,4.292565947242206,13.609112709832134,0.11976047904191617,0.0,3.1101796407185627,0.12934131736526946,1.2550898203592815,0.04790419161676647,3.972455089820359
DFW,Dallas-Fort Worth,2025-10-08,October,Wednesday,845.0,845.0,-3.063905325443787,-9.0,17.0,333.0,11.95266272189349,2.2579881656804734,13.159763313609467,0.0,0.0,2.442603550295858,0.13609467455621302,1.1893491124260356,0.027218934911242602,2.58698224852071
DFW,Dallas-Fort Worth,2025-10-09,October,Thursday,932.0,932.0,0.21566523605150215,-10.0,25.0,1169.0,14.484978540772534,9.707081545064378,13.38412017167382,0.0,0.0,4.936695278969957,0.39914163090128757,0.5697424892703863,0.13733905579399142,4.831545064377682
DFW,Dallas-Fort Worth,2025-10-10,October,Friday,929.0,929.0,3.2884822389666306,-10.0,30.0,1025.0,15.715823466092575,12.918191603875135,13.182992465016147,0.0,0.0,4.905274488697525,0.21959095801937567,0.9192680301399354,0.008611410118406888,7.872981700753498
DFW,Dallas-Fort Worth,2025-10-11,October,Saturday,831.0,828.0,-0.26811594202898553,-11.0,24.0,1522.0,12.681159420289855,8.620772946859903,14.689613526570048,0.36101083032490977,0.0,4.363417569193743,0.056558363417569195,1.0240673886883274,0.0,5.1684717208182915
DFW,Dallas-Fort Worth,2025-10-12,October,Sunday,925.0,924.0,4.5519480519480515,-11.0,36.0,945.0,16.558441558441558,14.981601731601732,13.823593073593074,0.10810810810810811,0.0,5.154594594594594,0.1837837837837838,0.9243243243243243,0.0,9.184864864864865
DFW,Dallas-Fort Worth,2025-10-13,October,Monday,939.0,936.0,3.9925213675213675,-10.0,30.0,1360.0,14.957264957264957,13.530982905982906,13.36111111111111,0.21299254526091588,0.10649627263045794,5.58359957401491,0.2066027689030884,0.7870074547390842,0.0,7.968051118210862
DFW,Dallas-Fort Worth,2025-10-14,October,Tuesday,837.0,834.0,-0.18105515587529977,-11.0,19.700000000000045,1081.0,12.589928057553957,8.66906474820144,13.014388489208633,0.23894862604540024,0.11947431302270012,4.7084826762246115,0.27598566308243727,0.7777777777777778,0.0,5.378733572281959
DFW,Dallas-Fort Worth,2025-10-15,October,Wednesday,845.0,842.0,-3.5249406175771973,-11.0,17.0,427.0,11.87648456057007,4.288598574821853,13.36935866983373,0.2366863905325444,0.1183431952662722,3.782248520710059,0.2650887573964497,0.9633136094674556,0.0,2.6923076923076925
DFW,Dallas-Fort Worth,2025-10-16,October,Thursday,933.0,933.0,0.020364415862808145,-9.0,25.800000000000068,456.0,14.040728831725616,7.083601286173633,13.437299035369774,0.0,0.0,2.1286173633440515,0.22293676312968919,1.0171489817792068,0.0,5.896034297963558
DFW,Dallas-Fort Worth,2025-10-17,October,Friday,930.0,930.0,-0.635483870967742,-9.0,21.0,1276.0,13.118279569892474,6.504301075268817,13.018279569892472,0.0,0.0,4.552688172043011,0.0,0.7032258064516129,0.0989247311827957,3.8311827956989246
DFW,Dallas-Fort Worth,2025-10-18,October,Saturday,830.0,667.0,64.62818590704647,29.0,188.39999999999998,1811.0,55.172413793103445,51.68665667166417,16.455772113943027,15.060240963855422,4.578313253012048,7.013253012048192,11.63132530120482,20.403614457831324,0.012048192771084338,15.798795180722891
DFW,Dallas-Fort Worth,2025-10-19,October,Sunday,923.0,895.0,15.246927374301675,-1.0,54.60000000000002,1532.0,29.27374301675978,20.339664804469272,13.745251396648044,2.925243770314193,0.10834236186348861,7.782231852654387,0.30119176598049835,1.8028169014084507,0.0,9.786565547128927
DFW,Dallas-Fort Worth,2025-10-20,October,Monday,936.0,931.0,6.440386680988185,-4.0,35.0,882.0,19.763694951664874,11.83780880773362,13.33297529538131,0.2136752136752137,0.3205128205128205,6.19017094017094,0.202991452991453,0.8760683760683761,0.0,5.8931623931623935
DFW,Dallas-Fort Worth,2025-10-21,October,Tuesday,837.0,837.0,3.7359617682198327,-6.0,21.0,1397.0,13.739545997610513,6.843488649940263,13.342891278375149,0.0,0.0,6.78494623655914,0.07287933094384708,1.1230585424133812,0.0,3.02389486260454
DFW,Dallas-Fort Worth,2025-10-22,October,Wednesday,845.0,844.0,2.1220379146919433,-7.0,22.0,1100.0,13.981042654028435,5.790284360189573,13.729857819905213,0.1183431952662722,0.0,4.153846153846154,0.08757396449704143,1.1159763313609468,0.0,4.657988165680473
DFW,Dallas-Fort Worth,2025-10-23,October,Thursday,935.0,930.0,8.770967741935484,-4.0,39.0,1116.0,22.043010752688172,10.831182795698926,12.704301075268818,0.32085561497326204,0.21390374331550802,4.385026737967914,0.2962566844919786,1.8727272727272728,0.0032085561497326204,8.237433155080215
DFW,Dallas-Fort Worth,2025-10-24,October,Friday,877.0,796.0,35.95603015075377,5.0,70.5,1674.0,37.68844221105528,30.439698492462313,13.133165829145728,8.209806157354619,1.0262257696693273,6.844925883694413,10.937286202964652,5.976054732041049,0.013683010262257697,11.80387685290764
DFW,Dallas-Fort Worth,2025-10-25,October,Saturday,830.0,757.0,45.66710700132101,18.0,134.39999999999998,1636.0,54.42536327608983,30.5891677675033,18.11756935270806,4.698795180722891,4.096385542168675,5.381927710843374,7.266265060240964,17.08433734939759,0.02891566265060241,13.467469879518072
DFW,Dallas-Fort Worth,2025-10-26,October,Sunday,935.0,894.0,44.80984340044743,20.0,121.40000000000009,1796.0,54.47427293064877,43.94742729306488,14.41834451901566,2.7807486631016043,1.6042780748663104,13.259893048128342,3.8502673796791442,7.926203208556149,0.23101604278074866,19.66524064171123
DFW,Dallas-Fort Worth,2025-10-27,October,Monday,938.0,938.0,14.812366737739872,-3.0,48.30000000000007,1566.0,26.332622601279315,17.292110874200425,13.285714285714286,0.0,0.0,6.229211087420043,0.5063965884861408,3.748400852878465,0.011727078891257996,10.769722814498934
DFW,Dallas-Fort Worth,2025-10-28,October,Tuesday,781.0,780.0,6.7153846153846155,0.0,37.0,345.0,25.769230769230766,4.793589743589743,12.333333333333334,0.0,0.12804097311139565,2.9346991037131884,0.5134443021766966,4.126760563380282,0.08450704225352113,3.8962868117797695
DFW,Dallas-Fort Worth,2025-10-29,October,Wednesday,838.0,838.0,7.059665871121719,-3.0,30.300000000000068,1304.0,21.002386634844868,8.0381861575179,13.157517899761336,0.0,0.0,7.353221957040573,0.05369928400954654,2.4379474940334127,0.031026252983293555,2.9856801909307875
DFW,Dallas-Fort Worth,2025-10-30,October,Thursday,924.0,912.0,14.769736842105264,-3.0,42.0,2010.0,23.24561403508772,15.673245614035087,13.569078947368421,1.2987012987012987,0.0,8.503246753246753,1.5487012987012987,3.3008658008658007,0.0,6.449134199134199
DFW,Dallas-Fort Worth,2025-10-31,October,Friday,736.0,725.0,7.463448275862069,-3.0,40.0,432.0,22.896551724137932,7.863448275862069,15.235862068965517,1.4945652173913044,0.0,4.040760869565218,0.20108695652173914,3.8831521739130435,0.0,5.104619565217392
DFW,Dallas-Fort Worth,2025-11-01,November,Saturday,816.0,812.0,16.449507389162562,-1.0,48.0,1240.0,27.093596059113302,16.676108374384235,14.48768472906404,0.49019607843137253,0.0,9.872549019607844,0.15196078431372548,3.6580882352941178,0.05024509803921569,7.917892156862745
DFW,Dallas-Fort Worth,2025-11-02,November,Sunday,890.0,889.0,0.06749156355455568,-11.0,33.200000000000045,1376.0,16.535433070866144,12.3037120359955,14.316085489313835,0.11235955056179776,0.0,4.802247191011236,0.2651685393258427,1.3213483146067415,0.12022471910112359,6.324719101123596
DFW,Dallas-Fort Worth,2025-11-03,November,Monday,836.0,836.0,0.3026315789473684,-11.0,35.0,775.0,18.301435406698566,8.368421052631579,14.314593301435407,0.0,0.0,4.16866028708134,0.35526315789473684,2.488038277511962,0.013157894736842105,5.094497607655502
DFW,Dallas-Fort Worth,2025-11-04,November,Tuesday,798.0,797.0,-7.2245922208281055,-14.0,16.0,343.0,10.664993726474279,1.8971141781681304,14.383939774153074,0.12531328320802004,0.0,1.705513784461153,0.0,0.8245614035087719,0.05137844611528822,3.382205513784461
DFW,Dallas-Fort Worth,2025-11-05,November,Wednesday,809.0,809.0,-8.662546353522869,-14.0,12.200000000000045,336.0,9.394313967861558,1.7082818294190358,13.642768850432633,0.0,0.0,2.4511742892459827,0.0,0.4561186650185414,0.0,2.641532756489493
DFW,Dallas-Fort Worth,2025-11-06,November,Thursday,905.0,902.0,6.696230598669623,-8.0,39.0,1181.0,19.290465631929045,14.614190687361418,13.475609756097562,0.22099447513812157,0.11049723756906078,7.093922651933702,0.4585635359116022,1.856353591160221,0.0,7.087292817679558
DFW,Dallas-Fort Worth,2025-11-07,November,Friday,839.0,810.0,0.26666666666666666,-10.0,24.100000000000023,1749.0,14.320987654320987,5.893827160493827,13.423456790123456,3.4564958283671037,0.0,5.740166865315852,0.0,1.6483909415971394,0.0,2.436233611442193
DFW,Dallas-Fort Worth,2025-11-08,November,Saturday,784.0,747.0,19.27309236947791,-2.0,70.39999999999998,1703.0,29.852744310575634,18.548862115127175,12.677376171352075,4.591836734693878,0.12755102040816327,6.57015306122449,0.336734693877551,7.419642857142857,0.0,10.32780612244898
DFW,Dallas-Fort Worth,2025-11-09,November,Sunday,897.0,819.0,31.500610500610502,10.0,89.40000000000009,1595.0,44.93284493284494,22.257631257631257,15.53968253968254,8.695652173913043,0.0,7.0713489409141586,1.1560758082497213,12.573021181716834,0.0,10.250836120401338
DFW,Dallas-Fort Worth,2025-11-10,November,Monday,840.0,776.0,11.485824742268042,-1.0,55.0,403.0,28.994845360824744,14.614690721649485,14.39561855670103,7.6190476190476195,0.0,5.482142857142857,0.44047619047619047,3.755952380952381,0.025,6.675
DFW,Dallas-Fort Worth,2025-11-11,November,Tuesday,801.0,769.0,-2.7698309492847852,-13.0,25.0,959.0,12.613784135240572,7.252275682704812,13.187256176853056,3.9950062421972534,0.0,2.707865168539326,0.0,2.17103620474407,0.012484394506866416,5.043695380774032
DFW,Dallas-Fort Worth,2025-11-12,November,Wednesday,701.0,683.0,-11.849194729136164,-17.0,8.0,259.0,8.052708638360176,-0.4377745241581259,13.074670571010248,2.5677603423680457,0.0,2.194008559201141,0.0,0.7146932952924394,0.0,1.2296718972895864
DFW,Dallas-Fort Worth,2025-11-13,November,Thursday,905.0,874.0,-1.034324942791762,-14.0,17.700000000000045,2733.0,10.983981693363845,9.477116704805493,13.560640732265446,3.4254143646408837,0.0,8.12707182320442,0.02430939226519337,0.5447513812154696,0.0,3.5657458563535913
DFW,Dallas-Fort Worth,2025-11-14,November,Friday,840.0,818.0,-8.98044009779951,-16.0,13.300000000000068,708.0,9.7799511002445,2.5256723716381417,13.63080684596577,2.619047619047619,0.0,2.6011904761904763,0.0,0.655952380952381,0.0,3.138095238095238
DFW,Dallas-Fort Worth,2025-11-15,November,Saturday,778.0,767.0,-5.792698826597132,-15.0,9.399999999999977,1636.0,8.47457627118644,4.899608865710561,13.727509778357236,1.1568123393316194,0.2570694087403599,6.0,0.13110539845758354,0.39460154241645246,0.043701799485861184,3.075835475578406
DFW,Dallas-Fort Worth,2025-11-16,November,Sunday,896.0,895.0,-6.464804469273743,-14.0,15.600000000000023,862.0,10.726256983240223,2.68268156424581,14.817877094972067,0.11160714285714285,0.0,2.599330357142857,0.0,0.9698660714285714,0.0,3.4073660714285716
DFW,Dallas-Fort Worth,2025-11-17,November,Monday,840.0,839.0,-1.4493444576877235,-13.0,20.200000000000045,801.0,12.038140643623361,6.7270560190703215,13.725864123957091,0.11904761904761905,0.0,6.969047619047619,0.04047619047619048,0.9511904761904761,0.0,3.5428571428571427
DFW,Dallas-Fort Worth,2025-11-18,November,Tuesday,801.0,798.0,-5.701754385964913,-13.0,12.300000000000068,397.0,9.022556390977442,1.305764411027569,13.077694235588972,0.12484394506866417,0.24968789013732834,3.041198501872659,0.2034956304619226,0.7677902621722846,0.0,2.3895131086142323
DFW,Dallas-Fort Worth,2025-11-19,November,Wednesday,800.0,799.0,-6.911138923654568,-13.0,9.0,404.0,8.385481852315396,0.3216520650813517,13.471839799749688,0.0,0.125,1.71125,0.0,0.7225,0.0,2.7775
DFW,Dallas-Fort Worth,2025-11-20,November,Thursday,910.0,532.0,121.63345864661655,58.0,286.60000000000014,2582.0,70.48872180451127,101.44736842105263,18.225563909774436,35.27472527472528,6.263736263736264,9.44065934065934,16.68791208791209,31.673626373626373,0.0,14.079120879120879
DFW,Dallas-Fort Worth,2025-11-21,November,Friday,916.0,814.0,11.028255528255528,-4.5,60.0,536.0,26.9041769041769,17.793611793611795,14.94963144963145,11.026200873362445,0.10917030567685589,5.5534934497816595,1.165938864628821,1.497816593886463,0.018558951965065504,7.986899563318778
DFW,Dallas-Fort Worth,2025-11-22,November,Saturday,886.0,882.0,5.747165532879818,-7.0,40.89999999999998,450.0,18.367346938775512,10.294784580498867,16.594104308390023,0.4514672686230248,0.0,4.873589164785553,0.4221218961625282,2.2900677200902932,0.0,6.085778781038375
DFW,Dallas-Fort Worth,2025-11-23,November,Sunday,915.0,903.0,6.717607973421927,-9.0,45.0,1126.0,21.483942414174972,10.299003322259136,15.471760797342192,0.8743169398907104,0.4371584699453552,3.228415300546448,1.5792349726775956,3.6415300546448086,0.019672131147540985,7.574863387978142
DFW,Dallas-Fort Worth,2025-11-24,November,Monday,854.0,793.0,77.8234552332913,60.0,179.0,732.0,76.67087011349307,56.62547288776797,17.380832282471626,6.323185011709602,0.819672131147541,8.270491803278688,7.081967213114754,27.207259953161593,0.06908665105386416,30.278688524590162
DFW,Dallas-Fort Worth,2025-11-25,November,Tuesday,912.0,903.0,9.08970099667774,-2.0,43.0,786.0,25.47065337763012,10.864894795127354,14.714285714285714,0.43859649122807015,0.5482456140350876,5.808114035087719,1.0657894736842106,3.1008771929824563,0.04057017543859649,4.955043859649122
DFW,Dallas-Fort Worth,2025-11-26,November,Wednesday,918.0,916.0,2.3329694323144103,-6.0,32.0,336.0,17.685589519650655,5.790393013100437,14.61353711790393,0.10893246187363835,0.10893246187363835,2.9095860566448803,0.10457516339869281,2.0664488017429194,0.014161220043572984,4.908496732026144
DFW,Dallas-Fort Worth,2025-11-27,November,Thursday,364.0,363.0,-5.18732782369146,-15.0,11.800000000000011,397.0,9.090909090909092,5.206611570247934,13.24793388429752,0.27472527472527475,0.0,5.71978021978022,0.0,0.4340659340659341,0.0,2.7362637362637363
DFW,Dallas-Fort Worth,2025-11-28,November,Friday,792.0,787.0,18.827191867852605,-6.0,69.19999999999993,1263.0,28.208386277001267,17.213468869123254,20.28843710292249,0.25252525252525254,0.3787878787878788,11.247474747474747,0.3560606060606061,6.972222222222222,0.015151515151515152,8.419191919191919
DFW,Dallas-Fort Worth,2025-11-29,November,Saturday,899.0,855.0,52.39181286549707,20.0,142.0,1088.0,53.45029239766082,42.31578947368421,15.688888888888888,4.671857619577309,0.22246941045606228,11.555061179087875,9.39377085650723,15.669632925472747,0.010011123470522803,16.098998887652947
DFW,Dallas-Fort Worth,2025-11-30,November,Sunday,921.0,908.0,32.56718061674009,8.0,104.20000000000027,1481.0,44.16299559471366,32.56828193832599,15.901982378854626,1.4115092290988056,0.0,12.313789359391965,2.403908794788274,4.861020629750271,0.0,16.42671009771987
DFW,Dallas-Fort Worth,2025-12-01,December,Monday,927.0,910.0,34.036263736263734,8.0,89.0,2196.0,41.318681318681314,30.613186813186815,14.68021978021978,1.6181229773462782,0.2157497303128371,11.247033441208199,1.9805825242718447,6.297734627831715,0.03344120819848975,16.681769147788565
DFW,Dallas-Fort Worth,2025-12-02,December,Tuesday,814.0,811.0,18.129469790382245,1.0,59.0,2015.0,31.072749691738593,19.54130702836005,14.69790382244143,0.2457002457002457,0.12285012285012285,6.044226044226044,1.0663390663390664,4.101965601965602,0.0,11.7997542997543
DFW,Dallas-Fort Worth,2025-12-03,December,Wednesday,792.0,790.0,8.325316455696203,-5.0,38.0,1056.0,23.67088607594937,11.69873417721519,13.420253164556962,0.25252525252525254,0.0,3.7714646464646466,1.7563131313131313,2.6957070707070705,0.0,7.625
DFW,Dallas-Fort Worth,2025-12-04,December,Thursday,885.0,881.0,21.37116912599319,2.0,61.0,1521.0,33.14415437003405,19.170261066969353,13.502837684449489,0.4519774011299435,0.0,8.941242937853108,0.511864406779661,5.366101694915254,0.04067796610169491,10.786440677966102
DFW,Dallas-Fort Worth,2025-12-05,December,Friday,829.0,820.0,5.589024390243902,-5.0,40.0,527.0,22.5609756097561,7.571951219512195,13.059756097560976,1.0856453558504222,0.0,4.512665862484922,0.34620024125452353,3.39686369119421,0.05790108564535585,4.492159227985525
DFW,Dallas-Fort Worth,2025-12-06,December,Saturday,770.0,765.0,18.716339869281047,0.0,66.60000000000002,2617.0,31.372549019607842,20.108496732026143,15.075816993464052,0.6493506493506493,0.0,9.044155844155844,1.4545454545454546,4.398701298701298,0.006493506493506494,10.232467532467533
DFW,Dallas-Fort Worth,2025-12-07,December,Sunday,885.0,874.0,35.34439359267734,7.0,98.0,2540.0,42.21967963386727,35.662471395881006,14.110983981693364,0.7909604519774011,0.4519774011299435,15.164971751412429,3.4847457627118645,5.6293785310734465,0.0768361581920904,14.433898305084746
DFW,Dallas-Fort Worth,2025-12-08,December,Monday,829.0,824.0,10.12864077669903,-7.0,48.700000000000045,776.0,21.480582524271842,18.101941747572816,13.58373786407767,0.48250904704463204,0.12062726176115801,6.2895054282267795,0.2870928829915561,1.1447527141133895,0.0,10.772014475271412
DFW,Dallas-Fort Worth,2025-12-09,December,Tuesday,791.0,789.0,5.953105196451204,-9.0,33.0,1692.0,14.82889733840304,13.17490494296578,14.446134347275033,0.12642225031605564,0.12642225031605564,9.54235145385588,0.32364096080910243,1.4690265486725664,0.0,4.991150442477876
DFW,Dallas-Fort Worth,2025-12-10,December,Wednesday,796.0,796.0,3.1670854271356785,-7.0,31.0,822.0,17.964824120603016,7.768844221105527,14.095477386934673,0.0,0.0,4.351758793969849,1.0891959798994975,1.7512562814070352,0.0,4.290201005025126
DFW,Dallas-Fort Worth,2025-12-11,December,Thursday,886.0,881.0,7.475595913734392,-9.0,34.0,1667.0,17.13961407491487,16.99545970488082,13.18161180476731,0.5643340857787811,0.0,9.121896162528216,0.12076749435665914,0.7257336343115124,0.062076749435665914,7.880361173814898
DFW,Dallas-Fort Worth,2025-12-12,December,Friday,832.0,829.0,3.0989143546441498,-9.0,36.200000000000045,603.0,17.490952955367913,11.307599517490953,14.247285886610374,0.3605769230769231,0.0,4.206730769230769,0.24278846153846154,1.1742788461538463,0.09134615384615384,7.2451923076923075
DFW,Dallas-Fort Worth,2025-12-13,December,Saturday,774.0,770.0,8.712987012987012,-8.5,44.0,1759.0,19.870129870129873,15.123376623376624,14.225974025974025,0.516795865633075,0.0,8.546511627906977,1.3385012919896642,2.511627906976744,0.0012919896640826874,6.285529715762274
DFW,Dallas-Fort Worth,2025-12-14,December,Sunday,885.0,870.0,19.74942528735632,-7.0,80.0,2137.0,25.74712643678161,27.125287356321838,14.345977011494252,1.5819209039548021,0.11299435028248588,10.346892655367231,3.1706214689265537,2.937853107344633,0.0655367231638418,11.324293785310735
DFW,Dallas-Fort Worth,2025-12-15,December,Monday,830.0,824.0,-2.5849514563106797,-13.5,24.700000000000045,1726.0,14.199029126213592,10.733009708737864,13.569174757281553,0.6024096385542169,0.12048192771084339,6.134939759036144,0.024096385542168676,0.5590361445783133,0.0,4.2614457831325305
DFW,Dallas-Fort Worth,2025-12-16,December,Tuesday,791.0,790.0,-3.9063291139240506,-13.0,17.0,1744.0,11.139240506329113,6.691139240506329,13.844303797468354,0.12642225031605564,0.0,5.423514538558786,0.0050568900126422255,0.5689001264222503,0.0,3.922882427307206
DFW,Dallas-Fort Worth,2025-12-17,December,Wednesday,796.0,793.0,2.2421185372005046,-9.0,33.600000000000136,1482.0,19.546027742749054,9.601513240857503,13.195460277427491,0.37688442211055273,0.0,4.478643216080402,0.49120603015075376,2.4145728643216082,0.0,5.267587939698492
DFW,Dallas-Fort Worth,2025-12-18,December,Thursday,868.0,860.0,9.998837209302325,-4.0,55.0,971.0,24.069767441860463,16.50813953488372,14.17674418604651,0.9216589861751152,0.0,3.8859447004608296,0.4596774193548387,1.476958525345622,0.016129032258064516,11.71889400921659
DFW,Dallas-Fort Worth,2025-12-19,December,Friday,888.0,876.0,20.30821917808219,-4.0,57.0,2484.0,27.168949771689498,28.579908675799086,14.82876712328767,1.3513513513513513,0.0,11.84009009009009,0.46396396396396394,1.9639639639639639,0.0,13.207207207207206
DFW,Dallas-Fort Worth,2025-12-20,December,Saturday,859.0,844.0,13.619668246445498,-5.0,54.700000000000045,1369.0,24.170616113744074,21.614928909952607,15.386255924170616,1.7462165308498252,0.0,8.715948777648428,0.320139697322468,1.5832363213038416,0.08265424912689173,10.052386495925495
DFW,Dallas-Fort Worth,2025-12-21,December,Sunday,886.0,879.0,16.00910125142207,-5.0,60.200000000000045,1859.0,23.321956769055745,24.254835039817976,15.48009101251422,0.7900677200902935,0.0,11.077878103837472,0.1636568848758465,1.6320541760722347,0.040632054176072234,10.648984198645598
DFW,Dallas-Fort Worth,2025-12-22,December,Monday,889.0,885.0,5.450847457627119,-10.0,36.60000000000002,1091.0,17.062146892655367,15.785310734463277,14.996610169491525,0.44994375703037126,0.0,5.349831271091114,0.5219347581552306,1.1777277840269966,0.00562429696287964,9.166479190101237
DFW,Dallas-Fort Worth,2025-12-23,December,Tuesday,860.0,853.0,4.269636576787808,-11.0,40.0,923.0,19.226260257913246,15.359906213364596,15.393903868698711,0.5813953488372093,0.23255813953488372,4.966279069767442,1.4244186046511629,1.2267441860465116,0.0,7.908139534883721
DFW,Dallas-Fort Worth,2025-12-24,December,Wednesday,608.0,607.0,-1.0741350906095553,-16.0,34.39999999999998,540.0,13.673805601317957,12.86161449752883,13.654036243822075,0.0,0.1644736842105263,2.0032894736842106,3.9128289473684212,0.6299342105263158,0.0,7.34375
DFW,Dallas-Fort Worth,2025-12-25,December,Thursday,729.0,728.0,-7.031593406593407,-16.0,16.300000000000068,1358.0,10.989010989010989,6.145604395604396,15.061813186813186,0.1371742112482853,0.0,1.7091906721536352,2.207133058984911,0.49108367626886146,0.053497942386831275,4.508916323731139
DFW,Dallas-Fort Worth,2025-12-26,December,Friday,891.0,878.0,8.078587699316628,-12.0,41.0,1449.0,17.76765375854214,19.32232346241458,14.479498861047835,1.3468013468013467,0.11223344556677892,7.618406285072952,2.1144781144781146,1.4354657687991021,0.0,8.572390572390573
DFW,Dallas-Fort Worth,2025-12-27,December,Saturday,859.0,838.0,15.559665871121718,-7.0,57.0,1689.0,21.957040572792362,25.750596658711217,14.187350835322196,2.3282887077997674,0.11641443538998836,11.079161816065191,2.559953434225844,1.7764842840512223,0.0,9.029103608847498
DFW,Dallas-Fort Worth,2025-12-28,December,Sunday,890.0,870.0,27.103448275862068,-1.0,80.0,1871.0,31.60919540229885,33.1816091954023,14.440229885057471,1.9101123595505618,0.33707865168539325,9.408988764044944,6.313483146067416,2.6853932584269664,0.035955056179775284,14.513483146067415
DFW,Dallas-Fort Worth,2025-12-29,December,Monday,896.0,881.0,23.972758229284903,2.0,80.0,1284.0,33.48467650397276,27.770715096481272,14.082860385925086,1.3392857142857142,0.33482142857142855,10.794642857142858,0.8671875,2.7935267857142856,0.19754464285714285,14.0
DFW,Dallas-Fort Worth,2025-12-30,December,Tuesday,889.0,884.0,4.797511312217194,-7.0,44.700000000000045,467.0,21.380090497737555,15.518099547511312,13.574660633484163,0.562429696287964,0.0,5.759280089988751,0.7682789651293588,0.9718785151856018,0.020247469066366704,6.3768278965129355
DFW,Dallas-Fort Worth,2025-12-31,December,Wednesday,673.0,672.0,4.303571428571429,-10.0,35.89999999999998,1098.0,18.452380952380953,14.436011904761905,15.99702380952381,0.1485884101040119,0.0,4.655274888558693,0.2303120356612184,1.87369985141159,0.020802377414561663,8.890044576523032
LAX,Los Angeles,2025-01-01,January,Wednesday,514.0,512.0,2.291015625,-8.0,25.0,775.0,15.8203125,8.833984375,11.470703125,0.38910505836575876,0.0,5.928015564202335,1.105058365758755,1.735408560311284,0.0,1.7879377431906616
LAX,Los Angeles,2025-01-02,January,Thursday,573.0,572.0,4.541958041958042,-6.0,29.899999999999977,711.0,19.230769230769234,10.403846153846153,12.36013986013986,0.0,0.17452006980802792,5.62129144851658,0.8097731239092496,2.432809773123909,0.0,3.445026178010471
LAX,Los Angeles,2025-01-03,January,Friday,570.0,568.0,16.827464788732396,1.0,53.200000000000045,795.0,32.74647887323944,19.975352112676056,12.633802816901408,0.17543859649122806,0.17543859649122806,4.991228070175438,2.2719298245614037,3.7403508771929825,0.0,10.242105263157894
LAX,Los Angeles,2025-01-04,January,Saturday,552.0,545.0,14.330275229357799,-1.0,54.0,1185.0,28.990825688073397,20.458715596330276,11.48256880733945,1.2681159420289856,0.0,7.456521739130435,0.842391304347826,5.271739130434782,0.010869565217391304,6.9148550724637685
LAX,Los Angeles,2025-01-05,January,Sunday,567.0,555.0,19.095495495495495,-5.0,73.40000000000009,1261.0,27.207207207207208,26.27927927927928,11.736936936936937,2.1164021164021163,0.0,13.835978835978835,0.9664902998236331,3.7830687830687832,0.13227513227513227,7.278659611992945
LAX,Los Angeles,2025-01-06,January,Monday,554.0,539.0,13.115027829313544,-3.0,64.19999999999999,926.0,28.014842300556587,20.224489795918366,10.415584415584416,2.707581227436823,0.0,6.227436823104693,1.2328519855595668,3.032490974729242,0.0,9.772563176895307
LAX,Los Angeles,2025-01-07,January,Tuesday,474.0,468.0,1.0363247863247864,-9.0,29.30000000000001,1513.0,16.88034188034188,10.677350427350428,11.021367521367521,0.8438818565400843,0.42194092827004215,6.913502109704641,1.7151898734177216,1.4135021097046414,0.0,1.6054852320675106
LAX,Los Angeles,2025-01-08,January,Wednesday,467.0,466.0,-7.491416309012876,-13.0,22.5,279.0,12.660944206008583,7.0965665236051505,11.053648068669528,0.0,0.21413276231263384,3.91220556745182,0.21413276231263384,0.9057815845824411,0.0,2.7002141327623126
LAX,Los Angeles,2025-01-09,January,Thursday,514.0,487.0,-7.562628336755647,-15.0,26.400000000000034,350.0,13.347022587268995,8.46611909650924,10.815195071868583,5.058365758754864,0.19455252918287938,4.27431906614786,0.377431906614786,0.9260700389105059,0.0,3.1556420233463034
LAX,Los Angeles,2025-01-10,January,Friday,513.0,487.0,-1.946611909650924,-16.0,38.400000000000034,364.0,17.248459958932237,12.449691991786448,10.825462012320328,4.8732943469785575,0.1949317738791423,4.980506822612086,2.861598440545809,1.2553606237816763,0.0,4.052631578947368
LAX,Los Angeles,2025-01-11,January,Saturday,441.0,437.0,6.647597254004577,-9.0,41.400000000000034,821.0,19.450800915331808,14.654462242562929,9.183066361556063,0.6802721088435374,0.22675736961451248,8.571428571428571,2.0861678004535147,2.3424036281179137,0.045351473922902494,3.3968253968253967
LAX,Los Angeles,2025-01-12,January,Sunday,518.0,517.0,2.5570599613152805,-10.0,37.400000000000034,602.0,17.988394584139265,11.733075435203094,9.835589941972922,0.19305019305019305,0.0,8.486486486486486,0.43822393822393824,1.4266409266409266,0.0,2.9671814671814674
LAX,Los Angeles,2025-01-13,January,Monday,514.0,512.0,-8.94921875,-15.0,10.0,1337.0,7.6171875,1.921875,9.546875,0.38910505836575876,0.0,4.250972762645914,0.0,0.6245136186770428,0.0,1.235408560311284
LAX,Los Angeles,2025-01-14,January,Tuesday,460.0,459.0,-14.376906318082789,-20.0,10.199999999999989,460.0,8.278867102396514,0.5708061002178649,9.507625272331154,0.21739130434782608,0.0,3.6130434782608694,0.05434782608695652,0.35,0.0,0.5956521739130435
LAX,Los Angeles,2025-01-15,January,Wednesday,457.0,457.0,-16.691466083150985,-17.0,4.0,412.0,5.032822757111598,-0.7177242888402626,10.536105032822757,0.0,0.0,1.9934354485776806,0.0,0.3916849015317287,0.0,0.6914660831509847
LAX,Los Angeles,2025-01-16,January,Thursday,521.0,519.0,-9.635838150289016,-15.0,5.0,1215.0,6.551059730250482,3.926782273603083,10.315992292870906,0.0,0.3838771593090211,4.157389635316699,0.0,1.2111324376199617,0.0,0.7312859884836852
LAX,Los Angeles,2025-01-17,January,Friday,522.0,521.0,-8.406909788867562,-16.0,12.0,520.0,8.253358925143955,4.324376199616123,9.927063339731285,0.19157088122605362,0.0,3.689655172413793,0.08045977011494253,0.5593869731800766,0.0,2.653256704980843
LAX,Los Angeles,2025-01-18,January,Saturday,430.0,429.0,-6.058275058275059,-13.0,15.199999999999989,318.0,10.256410256410255,3.438228438228438,9.902097902097902,0.23255813953488372,0.0,3.088372093023256,0.07209302325581396,1.1418604651162791,0.046511627906976744,1.8511627906976744
LAX,Los Angeles,2025-01-19,January,Sunday,465.0,459.0,6.85838779956427,-9.0,40.0,781.0,20.26143790849673,12.12636165577342,9.352941176470589,1.2903225806451613,0.0,6.483870967741935,2.7698924731182797,3.3763440860215055,0.0,3.6344086021505375
LAX,Los Angeles,2025-01-20,January,Monday,530.0,522.0,3.0842911877394634,-6.0,43.0,272.0,21.64750957854406,12.03256704980843,10.145593869731801,1.3207547169811322,0.18867924528301888,4.496226415094339,0.5981132075471698,1.6584905660377358,0.0,4.969811320754717
LAX,Los Angeles,2025-01-21,January,Tuesday,463.0,435.0,-5.363218390804597,-14.0,16.0,1108.0,10.804597701149426,5.64367816091954,9.220689655172414,6.047516198704104,0.0,2.6587473002159827,2.4557235421166306,1.42548596112311,0.047516198704103674,1.5442764578833694
LAX,Los Angeles,2025-01-22,January,Wednesday,465.0,451.0,-4.403547671840355,-13.0,20.0,411.0,12.638580931263856,6.365853658536586,9.660753880266075,3.010752688172043,0.0,2.89247311827957,1.7204301075268817,1.2774193548387096,0.0,2.9204301075268817
LAX,Los Angeles,2025-01-23,January,Thursday,525.0,520.0,-7.878846153846154,-15.0,21.0,738.0,12.307692307692308,5.842307692307692,10.526923076923078,0.9523809523809524,0.0,3.64,0.009523809523809525,0.939047619047619,0.0,3.3980952380952383
LAX,Los Angeles,2025-01-24,January,Friday,523.0,522.0,-3.136015325670498,-11.0,19.0,415.0,12.068965517241379,3.1455938697318007,11.440613026819923,0.19120458891013384,0.0,3.479923518164436,0.0,1.191204588910134,0.0,2.292543021032505
LAX,Los Angeles,2025-01-25,January,Saturday,436.0,433.0,2.2979214780600463,-5.0,29.600000000000023,239.0,21.016166281755197,3.81986143187067,9.51039260969977,0.45871559633027525,0.22935779816513763,3.091743119266055,0.8440366972477065,3.8371559633027523,0.016055045871559634,2.011467889908257
LAX,Los Angeles,2025-01-26,January,Sunday,528.0,512.0,13.087890625,0.0,35.900000000000034,875.0,25.1953125,9.947265625,10.3125,0.1893939393939394,2.840909090909091,6.448863636363637,0.03977272727272727,3.9507575757575757,0.0,6.204545454545454
LAX,Los Angeles,2025-01-27,January,Monday,522.0,521.0,-7.642994241842611,-13.0,13.0,837.0,9.788867562380037,2.7907869481765837,10.026871401151631,0.19157088122605362,0.0,3.0555555555555554,0.0,0.8735632183908046,0.0,2.4042145593869733
LAX,Los Angeles,2025-01-28,January,Tuesday,462.0,461.0,-14.13882863340564,-19.0,2.0,927.0,4.55531453362256,-0.5379609544468547,9.156182212581346,0.21645021645021645,0.0,0.8679653679653679,0.0,0.3333333333333333,0.05194805194805195,2.8333333333333335
LAX,Los Angeles,2025-01-29,January,Wednesday,460.0,460.0,-16.169565217391305,-19.0,4.0,294.0,5.434782608695652,-0.6847826086956522,10.291304347826086,0.0,0.0,1.432608695652174,0.5391304347826087,0.3521739130434783,0.0,0.7369565217391304
LAX,Los Angeles,2025-01-30,January,Thursday,522.0,507.0,-10.548323471400394,-15.0,7.0,308.0,7.495069033530571,2.1183431952662723,10.613412228796845,2.681992337164751,0.19157088122605362,2.4444444444444446,0.5421455938697318,0.5440613026819924,0.0,1.0938697318007662
LAX,Los Angeles,2025-01-31,January,Friday,520.0,516.0,-9.496124031007753,-18.0,21.0,420.0,12.4031007751938,5.85077519379845,10.790697674418604,0.7692307692307693,0.0,3.9403846153846156,0.03076923076923077,0.4076923076923077,0.04230769230769231,2.523076923076923
LAX,Los Angeles,2025-02-01,February,Saturday,438.0,436.0,-10.69954128440367,-16.0,8.5,271.0,8.486238532110093,2.536697247706422,9.48394495412844,0.228310502283105,0.228310502283105,1.8972602739726028,0.1917808219178082,0.6050228310502284,0.1187214611872146,2.452054794520548
LAX,Los Angeles,2025-02-02,February,Sunday,527.0,517.0,9.108317214700193,-7.0,57.0,975.0,20.889748549323016,14.493230174081237,10.914893617021276,1.7077798861480076,0.18975332068311196,6.096774193548387,1.3870967741935485,3.698292220113852,0.0,7.341555977229602
LAX,Los Angeles,2025-02-03,February,Monday,523.0,501.0,9.746506986027944,-7.0,64.0,847.0,26.147704590818364,15.015968063872256,10.70059880239521,3.0592734225621414,1.147227533460803,7.875717017208413,1.7380497131931167,4.774378585086042,0.019120458891013385,4.860420650095603
LAX,Los Angeles,2025-02-04,February,Tuesday,463.0,454.0,-6.9493392070484585,-12.0,12.699999999999989,268.0,8.81057268722467,2.063876651982379,9.748898678414097,1.511879049676026,0.4319654427645789,1.818574514038877,0.1511879049676026,1.0496760259179265,0.0,2.576673866090713
LAX,Los Angeles,2025-02-05,February,Wednesday,462.0,461.0,2.8980477223427332,-3.0,32.0,456.0,18.655097613882862,3.03470715835141,10.3058568329718,0.21645021645021645,0.0,4.008658008658009,0.8376623376623377,2.9177489177489178,0.04329004329004329,1.7965367965367964
LAX,Los Angeles,2025-02-06,February,Thursday,532.0,525.0,11.550476190476191,1.0,57.0,238.0,30.476190476190478,7.384761904761905,11.236190476190476,0.9398496240601504,0.37593984962406013,2.9774436090225564,0.8872180451127819,7.129699248120301,0.0,5.678571428571429
LAX,Los Angeles,2025-02-07,February,Friday,530.0,528.0,4.676136363636363,-3.0,33.0,418.0,23.295454545454543,5.513257575757576,10.136363636363637,0.37735849056603776,0.0,4.3584905660377355,0.4660377358490566,2.5226415094339623,0.0,3.3660377358490567
LAX,Los Angeles,2025-02-08,February,Saturday,440.0,435.0,1.0942528735632184,-8.0,29.200000000000045,397.0,17.24137931034483,2.839080459770115,9.213793103448277,0.9090909090909091,0.22727272727272727,3.9795454545454545,1.1772727272727272,4.036363636363636,0.0,0.8295454545454546
LAX,Los Angeles,2025-02-09,February,Sunday,496.0,484.0,6.700413223140496,-5.0,37.69999999999999,600.0,21.280991735537192,6.390495867768595,9.334710743801653,2.0161290322580645,0.4032258064516129,6.560483870967742,0.2762096774193548,4.608870967741935,0.004032258064516129,1.7237903225806452
LAX,Los Angeles,2025-02-10,February,Monday,530.0,530.0,2.4358490566037734,-5.0,31.100000000000023,418.0,18.11320754716981,5.581132075471698,9.513207547169811,0.0,0.0,4.003773584905661,0.1660377358490566,2.3509433962264152,0.18867924528301888,2.6226415094339623
LAX,Los Angeles,2025-02-11,February,Tuesday,464.0,463.0,6.658747300215983,-8.0,36.80000000000001,997.0,19.222462203023756,9.587473002159827,8.758099352051836,0.21551724137931033,0.0,6.467672413793103,0.8577586206896551,3.2758620689655173,0.0,4.892241379310345
LAX,Los Angeles,2025-02-12,February,Wednesday,461.0,460.0,14.384782608695652,2.0,56.10000000000002,844.0,31.73913043478261,10.791304347826086,10.895652173913044,0.21691973969631237,0.0,7.023861171366594,0.9978308026030369,5.650759219088937,0.0,4.726681127982647
LAX,Los Angeles,2025-02-13,February,Thursday,542.0,529.0,32.901701323251416,11.0,97.39999999999998,1155.0,46.31379962192816,28.34593572778828,12.056710775047259,2.029520295202952,0.36900369003690037,10.123616236162361,1.5977859778597785,6.845018450184502,0.0,15.920664206642066
LAX,Los Angeles,2025-02-14,February,Friday,543.0,539.0,16.48051948051948,0.0,59.39999999999998,1276.0,28.014842300556587,21.821892393320965,10.363636363636363,0.7366482504604052,0.0,10.950276243093922,0.7219152854511971,2.67219152854512,0.1841620626151013,6.983425414364641
LAX,Los Angeles,2025-02-15,February,Saturday,472.0,466.0,17.570815450643778,-7.0,63.5,1294.0,22.96137339055794,24.30472103004292,9.877682403433477,1.2711864406779663,0.0,17.77330508474576,0.625,3.1716101694915255,0.04025423728813559,4.533898305084746
LAX,Los Angeles,2025-02-16,February,Sunday,515.0,507.0,17.90532544378698,-4.0,73.0,1043.0,28.994082840236686,20.72189349112426,9.124260355029586,1.3592233009708738,0.1941747572815534,9.74757281553398,1.3223300970873786,5.730097087378641,0.036893203883495145,6.825242718446602
LAX,Los Angeles,2025-02-17,February,Monday,543.0,536.0,11.123134328358208,-2.0,51.0,1103.0,25.932835820895523,15.272388059701493,9.738805970149254,0.7366482504604052,0.5524861878453038,5.622467771639043,1.1049723756906078,5.1178637200736645,0.040515653775322284,4.9373848987108655
LAX,Los Angeles,2025-02-18,February,Tuesday,492.0,486.0,5.0473251028806585,-8.0,47.5,483.0,17.901234567901234,13.016460905349794,9.915637860082304,1.0162601626016259,0.20325203252032523,6.221544715447155,0.6991869918699187,1.83130081300813,0.0,5.119918699186992
LAX,Los Angeles,2025-02-19,February,Wednesday,490.0,488.0,6.209016393442623,-7.0,41.30000000000001,1076.0,18.852459016393443,13.293032786885245,10.295081967213115,0.40816326530612246,0.0,8.085714285714285,1.7469387755102042,1.7979591836734694,0.022448979591836733,3.0346938775510206
LAX,Los Angeles,2025-02-20,February,Thursday,541.0,536.0,3.169776119402985,-6.5,40.0,306.0,19.776119402985074,10.639925373134329,10.917910447761194,0.9242144177449169,0.0,4.957486136783734,1.2735674676524953,1.4935304990757856,0.0,3.9944547134935307
LAX,Los Angeles,2025-02-21,February,Friday,545.0,544.0,-9.011029411764707,-15.0,17.0,544.0,11.948529411764707,5.970588235294118,11.018382352941176,0.1834862385321101,0.0,3.9155963302752292,0.08807339449541285,0.673394495412844,0.0,2.1045871559633027
LAX,Los Angeles,2025-02-22,February,Saturday,475.0,474.0,-13.291139240506329,-19.0,12.699999999999989,354.0,8.860759493670885,5.670886075949367,10.685654008438819,0.21052631578947367,0.0,3.1894736842105265,0.28842105263157897,0.30736842105263157,0.0,2.2821052631578946
LAX,Los Angeles,2025-02-23,February,Sunday,543.0,540.0,-11.90925925925926,-16.0,11.0,438.0,8.518518518518519,5.9,10.938888888888888,0.3683241252302026,0.1841620626151013,3.0552486187845305,0.0,0.09023941068139964,0.0,2.585635359116022
LAX,Los Angeles,2025-02-24,February,Monday,539.0,538.0,-11.488847583643123,-17.0,10.0,319.0,7.434944237918216,3.41635687732342,10.6635687732342,0.1855287569573284,0.0,1.7235621521335807,0.3469387755102041,0.26159554730983303,0.0,2.684601113172542
LAX,Los Angeles,2025-02-25,February,Tuesday,486.0,481.0,-7.25987525987526,-15.0,8.0,920.0,8.108108108108109,3.1600831600831603,9.910602910602911,0.6172839506172839,0.411522633744856,5.42798353909465,0.35185185185185186,0.3662551440329218,0.0,0.8168724279835391
LAX,Los Angeles,2025-02-26,February,Wednesday,490.0,488.0,-8.825819672131148,-15.0,7.300000000000011,843.0,7.581967213114754,2.9098360655737703,10.192622950819672,0.40816326530612246,0.0,2.9285714285714284,0.10204081632653061,0.5959183673469388,0.04285714285714286,2.842857142857143
LAX,Los Angeles,2025-02-27,February,Thursday,542.0,542.0,-10.808118081180812,-14.0,14.800000000000068,814.0,10.14760147601476,6.583025830258302,11.806273062730627,0.0,0.0,4.0793357933579335,0.16236162361623616,0.4907749077490775,0.0,2.9501845018450186
LAX,Los Angeles,2025-02-28,February,Friday,542.0,541.0,-8.059149722735675,-14.0,13.0,505.0,9.057301293900185,5.456561922365989,10.573012939001849,0.0,0.18450184501845018,3.623616236162362,0.6642066420664207,0.34317343173431736,0.0,2.2712177121771218
LAX,Los Angeles,2025-03-01,March,Saturday,474.0,474.0,-11.253164556962025,-16.0,7.399999999999977,939.0,7.805907172995781,3.8565400843881856,9.915611814345992,0.0,0.0,3.9831223628691985,0.08016877637130802,0.30168776371308015,0.0,0.9662447257383966
LAX,Los Angeles,2025-03-02,March,Sunday,540.0,540.0,-0.8055555555555556,-8.0,23.100000000000023,1113.0,15.0,7.294444444444444,9.798148148148147,0.0,0.0,5.551851851851852,0.1388888888888889,1.0462962962962963,0.0,2.512962962962963
LAX,Los Angeles,2025-03-03,March,Monday,538.0,536.0,-11.194029850746269,-18.0,8.0,516.0,8.208955223880597,3.1828358208955225,10.582089552238806,0.37174721189591076,0.0,3.328996282527881,0.016728624535315983,0.4349442379182156,0.0,2.12453531598513
LAX,Los Angeles,2025-03-04,March,Tuesday,479.0,472.0,-2.542372881355932,-13.0,21.900000000000034,912.0,12.076271186440678,8.216101694915254,10.703389830508474,1.4613778705636742,0.0,4.469728601252609,2.580375782881002,1.1586638830897704,0.0,2.7265135699373695
LAX,Los Angeles,2025-03-05,March,Wednesday,492.0,486.0,7.026748971193416,-5.0,44.0,894.0,20.16460905349794,8.954732510288066,10.38477366255144,1.2195121951219512,0.0,5.5182926829268295,1.5020325203252032,2.9451219512195124,0.0,3.508130081300813
LAX,Los Angeles,2025-03-06,March,Thursday,560.0,554.0,7.270758122743683,1.0,34.0,260.0,26.173285198555956,5.572202166064982,10.821299638989169,1.0714285714285714,0.0,4.0,0.7160714285714286,3.1982142857142857,0.0,2.8160714285714286
LAX,Los Angeles,2025-03-07,March,Friday,558.0,557.0,-0.15439856373429084,-8.0,24.0,1253.0,13.644524236983843,8.85637342908438,10.92100538599641,0.17921146953405018,0.0,5.586021505376344,0.1863799283154122,0.7401433691756273,0.0,2.815412186379928
LAX,Los Angeles,2025-03-08,March,Saturday,486.0,483.0,-8.732919254658386,-15.0,11.0,1613.0,8.074534161490684,7.262939958592132,9.979296066252587,0.411522633744856,0.205761316872428,6.002057613168724,0.09259259259259259,0.934156378600823,0.0102880658436214,1.397119341563786
LAX,Los Angeles,2025-03-09,March,Sunday,561.0,558.0,-6.005376344086022,-11.0,18.30000000000001,465.0,11.827956989247312,6.222222222222222,10.60752688172043,0.53475935828877,0.0,3.342245989304813,0.0944741532976827,0.5882352941176471,0.062388591800356503,2.379679144385027
LAX,Los Angeles,2025-03-10,March,Monday,564.0,564.0,-8.937943262411348,-13.0,10.0,201.0,8.865248226950355,2.5815602836879434,9.367021276595745,0.0,0.0,2.4290780141843973,0.0,0.6063829787234043,0.0,1.929078014184397
LAX,Los Angeles,2025-03-11,March,Tuesday,506.0,505.0,4.017821782178218,-7.0,23.0,1460.0,16.03960396039604,6.859405940594059,10.576237623762376,0.1976284584980237,0.0,8.628458498023715,0.15217391304347827,1.8063241106719368,0.0,1.4683794466403162
LAX,Los Angeles,2025-03-12,March,Wednesday,523.0,520.0,10.167307692307693,-2.0,30.0,902.0,21.923076923076923,10.328846153846154,10.919230769230769,0.5736137667304015,0.0,7.424474187380497,0.5927342256214149,3.4818355640535374,0.0,4.325047801147227
LAX,Los Angeles,2025-03-13,March,Thursday,568.0,568.0,9.566901408450704,-3.0,44.0,967.0,20.950704225352112,10.705985915492958,10.79225352112676,0.0,0.0,3.551056338028169,2.9190140845070425,2.612676056338028,0.0,5.816901408450704
LAX,Los Angeles,2025-03-14,March,Friday,564.0,556.0,16.214028776978417,2.0,56.5,1028.0,32.55395683453237,16.52338129496403,12.077338129496402,1.2411347517730498,0.1773049645390071,5.75886524822695,1.1914893617021276,4.886524822695035,0.0,8.842198581560284
LAX,Los Angeles,2025-03-15,March,Saturday,496.0,494.0,10.354251012145749,-6.0,52.69999999999999,1116.0,25.910931174089068,18.678137651821864,9.619433198380566,0.4032258064516129,0.0,5.725806451612903,3.4899193548387095,2.6088709677419355,0.0,7.495967741935484
LAX,Los Angeles,2025-03-16,March,Sunday,560.0,550.0,36.35454545454545,2.0,105.20000000000005,2202.0,39.27272727272727,37.95454545454545,10.854545454545455,1.607142857142857,0.17857142857142858,19.019642857142856,2.1875,5.757142857142857,0.02857142857142857,13.939285714285715
LAX,Los Angeles,2025-03-17,March,Monday,563.0,559.0,11.837209302325581,-1.0,49.19999999999999,821.0,25.581395348837212,12.940966010733453,9.330948121645797,0.17761989342806395,0.5328596802841918,5.451154529307282,0.1492007104795737,2.246891651865009,0.035523978685612786,7.541740674955595
LAX,Los Angeles,2025-03-18,March,Tuesday,507.0,501.0,1.5429141716566865,-8.0,26.0,879.0,15.169660678642716,6.097804391217565,10.029940119760479,1.183431952662722,0.0,4.1400394477317555,0.08086785009861933,2.546351084812623,0.14595660749506903,3.260355029585799
LAX,Los Angeles,2025-03-19,March,Wednesday,525.0,523.0,-0.887189292543021,-10.0,21.80000000000001,746.0,13.001912045889103,7.615678776290631,10.045889101338432,0.38095238095238093,0.0,2.84,0.16952380952380952,1.2914285714285714,0.007619047619047619,5.809523809523809
LAX,Los Angeles,2025-03-20,March,Thursday,574.0,570.0,-2.3280701754385964,-10.0,20.0,843.0,12.280701754385964,7.231578947368421,10.635087719298246,0.5226480836236934,0.17421602787456447,3.7560975609756095,1.1637630662020906,0.3867595818815331,0.0,2.8606271777003482
LAX,Los Angeles,2025-03-21,March,Friday,569.0,568.0,-0.1813380281690141,-11.0,17.30000000000001,1453.0,11.619718309859154,8.433098591549296,10.401408450704226,0.0,0.17574692442882248,5.808435852372583,0.026362038664323375,0.5659050966608085,0.007029876977152899,4.309314586994728
LAX,Los Angeles,2025-03-22,March,Saturday,501.0,500.0,-4.42,-12.0,16.0,334.0,11.0,5.076,9.982,0.19960079840319359,0.0,2.9500998003992014,0.7325349301397206,0.5848303393213573,0.0,2.5728542914171655
LAX,Los Angeles,2025-03-23,March,Sunday,562.0,562.0,-5.786476868327402,-13.0,20.900000000000034,312.0,11.921708185053381,7.215302491103203,10.814946619217082,0.0,0.0,4.414590747330961,0.3291814946619217,0.5231316725978647,0.0,2.197508896797153
LAX,Los Angeles,2025-03-24,March,Monday,568.0,567.0,-13.56084656084656,-17.0,8.0,214.0,6.349206349206349,3.437389770723104,10.687830687830688,0.17605633802816903,0.0,1.1795774647887325,0.0,0.13556338028169015,0.02640845070422535,2.3045774647887325
LAX,Los Angeles,2025-03-25,March,Tuesday,511.0,509.0,-13.222003929273084,-18.0,6.0,306.0,7.072691552062868,1.2829076620825148,10.571709233791749,0.19569471624266144,0.19569471624266144,2.091976516634051,0.4892367906066536,0.34442270058708413,0.0,1.5812133072407044
LAX,Los Angeles,2025-03-26,March,Wednesday,526.0,522.0,-14.860153256704981,-19.0,5.0,144.0,5.938697318007663,1.1513409961685823,10.53639846743295,0.38022813688212925,0.38022813688212925,0.7946768060836502,0.3193916349809886,0.4220532319391635,0.0,1.6711026615969582
LAX,Los Angeles,2025-03-27,March,Thursday,574.0,572.0,-7.323426573426573,-12.5,15.0,394.0,10.48951048951049,3.6346153846153846,10.428321678321678,0.17421602787456447,0.17421602787456447,2.3536585365853657,0.02613240418118467,0.7996515679442509,0.0,2.0662020905923346
LAX,Los Angeles,2025-03-28,March,Friday,570.0,569.0,-8.221441124780316,-11.0,13.0,533.0,9.314586994727591,2.342706502636204,10.868189806678384,0.17543859649122806,0.0,1.8631578947368421,0.08947368421052632,0.47192982456140353,0.0,1.880701754385965
LAX,Los Angeles,2025-03-29,March,Saturday,502.0,500.0,-9.4,-15.0,10.0,294.0,8.200000000000001,2.11,10.326,0.199203187250996,0.199203187250996,2.3725099601593627,0.5557768924302788,0.8426294820717132,0.0,1.5059760956175299
LAX,Los Angeles,2025-03-30,March,Sunday,560.0,557.0,18.201077199281865,0.0,84.0,496.0,31.597845601436266,20.50269299820467,9.910233393177737,0.5357142857142857,0.0,6.483928571428572,0.8785714285714286,4.292857142857143,0.0,12.064285714285715
LAX,Los Angeles,2025-03-31,March,Monday,562.0,547.0,24.219378427787934,2.0,87.80000000000007,994.0,33.63802559414991,24.259597806215723,9.76782449725777,2.135231316725979,0.5338078291814947,10.900355871886122,2.1209964412811386,3.9590747330960854,0.0,10.483985765124554
LAX,Los Angeles,2025-04-01,April,Tuesday,511.0,507.0,9.700197238658777,-2.0,39.0,742.0,23.274161735700197,10.44181459566075,8.857988165680473,0.7827788649706457,0.0,7.39334637964775,0.34833659491193736,2.5968688845401173,0.0,4.933463796477495
LAX,Los Angeles,2025-04-02,April,Wednesday,521.0,512.0,11.208984375,-3.0,61.0,230.0,31.640625,12.298828125,9.6484375,1.727447216890595,0.0,5.174664107485604,0.6180422264875239,5.08637236084453,0.0,7.092130518234165
LAX,Los Angeles,2025-04-03,April,Thursday,565.0,561.0,4.162210338680927,-5.0,44.0,287.0,23.52941176470588,9.60071301247772,9.923351158645277,0.7079646017699115,0.0,3.568141592920354,0.49380530973451325,3.07787610619469,0.0,4.787610619469026
LAX,Los Angeles,2025-04-04,April,Friday,565.0,561.0,3.729055258467023,-9.0,42.0,963.0,18.71657754010695,14.010695187165775,10.361853832442067,0.5309734513274336,0.17699115044247787,3.5327433628318583,0.13628318584070798,1.8743362831858408,0.0,8.601769911504425
LAX,Los Angeles,2025-04-05,April,Saturday,493.0,490.0,-2.706122448979592,-14.0,31.40000000000009,353.0,14.489795918367346,11.046938775510204,9.620408163265306,0.4056795131845842,0.2028397565922921,3.208924949290061,1.7971602434077079,0.7565922920892495,0.0,4.482758620689655
LAX,Los Angeles,2025-04-06,April,Sunday,558.0,556.0,2.962230215827338,-10.0,34.0,883.0,17.805755395683455,15.088129496402878,10.733812949640289,0.35842293906810035,0.0,6.845878136200717,0.2777777777777778,1.0017921146953406,0.0,6.017921146953405
LAX,Los Angeles,2025-04-07,April,Monday,565.0,564.0,-3.0124113475177303,-15.0,19.69999999999999,1111.0,12.411347517730496,11.326241134751774,9.902482269503546,0.17699115044247787,0.0,5.732743362831858,0.03008849557522124,0.17876106194690267,0.0,4.610619469026549
LAX,Los Angeles,2025-04-08,April,Tuesday,510.0,509.0,-8.732809430255402,-15.0,10.199999999999989,376.0,8.25147347740668,2.9528487229862477,9.838899803536346,0.0,0.19607843137254902,3.1176470588235294,0.21568627450980393,0.39215686274509803,0.0,1.6784313725490196
LAX,Los Angeles,2025-04-09,April,Wednesday,517.0,514.0,-7.188715953307393,-13.0,11.0,383.0,8.949416342412452,3.247081712062257,10.249027237354085,0.0,0.5802707930367506,2.586073500967118,0.14119922630560927,0.25338491295938104,0.07156673114119923,1.8936170212765957
LAX,Los Angeles,2025-04-10,April,Thursday,567.0,564.0,-2.099290780141844,-11.0,25.69999999999999,270.0,14.184397163120568,9.421985815602836,10.342198581560284,0.3527336860670194,0.1763668430335097,4.225749559082892,0.8024691358024691,0.562610229276896,0.0,4.026455026455026
LAX,Los Angeles,2025-04-11,April,Friday,562.0,561.0,-2.270944741532977,-10.0,30.0,802.0,15.508021390374333,11.190730837789662,10.598930481283423,0.1779359430604982,0.0,4.567615658362989,0.6886120996441281,0.5409252669039146,0.0,4.487544483985765
LAX,Los Angeles,2025-04-12,April,Saturday,483.0,483.0,-6.3354037267080745,-12.0,11.800000000000011,514.0,8.902691511387163,4.89648033126294,10.022774327122153,0.0,0.0,2.9668737060041406,0.0,0.15942028985507245,0.10351966873706005,2.8530020703933747
LAX,Los Angeles,2025-04-13,April,Sunday,560.0,560.0,1.4678571428571427,-7.0,25.0,754.0,15.178571428571427,7.623214285714286,9.892857142857142,0.0,0.0,5.201785714285714,0.08214285714285714,1.0321428571428573,0.0,3.1892857142857145
LAX,Los Angeles,2025-04-14,April,Monday,566.0,565.0,1.7769911504424778,-7.0,18.0,1604.0,13.805309734513274,6.483185840707964,9.580530973451328,0.17667844522968199,0.0,5.6749116607773855,0.0,1.4151943462897527,0.0088339222614841,2.8445229681978796
LAX,Los Angeles,2025-04-15,April,Tuesday,511.0,511.0,-1.1585127201565557,-8.0,15.0,664.0,10.95890410958904,3.452054794520548,9.405088062622308,0.0,0.0,4.1330724070450096,0.0,0.6731898238747553,0.0,2.2720156555772992
LAX,Los Angeles,2025-04-16,April,Wednesday,522.0,521.0,-2.3953934740882916,-7.0,16.0,220.0,10.9404990403071,0.8138195777351248,9.854126679462572,0.19157088122605362,0.0,1.9272030651340997,0.0210727969348659,1.0842911877394636,0.0,2.0421455938697317
LAX,Los Angeles,2025-04-17,April,Thursday,572.0,572.0,6.910839160839161,-2.0,34.89999999999998,502.0,22.727272727272727,9.061188811188812,10.216783216783217,0.0,0.0,4.833916083916084,0.46853146853146854,2.262237762237762,0.0,4.956293706293707
LAX,Los Angeles,2025-04-18,April,Friday,567.0,565.0,3.1398230088495573,-5.0,34.0,257.0,18.938053097345133,7.1946902654867255,10.221238938053098,0.1763668430335097,0.1763668430335097,2.6649029982363315,0.2751322751322751,1.7495590828924161,0.0,5.253968253968254
LAX,Los Angeles,2025-04-19,April,Saturday,489.0,489.0,-3.280163599182004,-11.0,21.19999999999999,342.0,12.678936605316974,5.4621676891615545,9.934560327198364,0.0,0.0,3.196319018404908,0.8916155419222904,0.8159509202453987,0.0,3.1411042944785277
LAX,Los Angeles,2025-04-20,April,Sunday,560.0,559.0,0.27191413237924866,-9.0,32.0,246.0,16.27906976744186,7.740608228980322,9.568872987477638,0.17857142857142858,0.0,2.8625,0.8803571428571428,1.042857142857143,0.0,4.458928571428571
LAX,Los Angeles,2025-04-21,April,Monday,564.0,563.0,4.24866785079929,-8.0,31.80000000000001,1397.0,13.854351687388988,12.429840142095914,9.692717584369449,0.1773049645390071,0.0,7.370567375886525,0.74822695035461,0.7783687943262412,0.0,4.113475177304965
LAX,Los Angeles,2025-04-22,April,Tuesday,513.0,512.0,-8.24609375,-12.0,6.900000000000034,271.0,5.859375,-0.25390625,9.76171875,0.0,0.1949317738791423,2.1189083820662766,0.08187134502923976,0.341130604288499,0.0,0.9064327485380117
LAX,Los Angeles,2025-04-23,April,Wednesday,524.0,524.0,0.6259541984732825,-7.0,28.69999999999999,260.0,15.458015267175574,6.5038167938931295,9.895038167938932,0.0,0.0,3.645038167938931,0.4732824427480916,1.0286259541984732,0.0,3.74618320610687
LAX,Los Angeles,2025-04-24,April,Thursday,570.0,566.0,8.093639575971732,-2.0,45.5,254.0,24.204946996466433,10.770318021201414,10.659010600706713,0.7017543859649122,0.0,3.0298245614035086,0.624561403508772,3.4596491228070176,0.04912280701754386,6.36140350877193
LAX,Los Angeles,2025-04-25,April,Friday,567.0,563.0,4.856127886323268,-3.0,34.80000000000001,420.0,20.24866785079929,8.460035523978686,10.065719360568384,0.5291005291005291,0.1763668430335097,3.126984126984127,0.8095238095238095,2.123456790123457,0.04938271604938271,4.731922398589065
LAX,Los Angeles,2025-04-26,April,Saturday,493.0,492.0,7.585365853658536,-5.0,44.900000000000034,646.0,21.544715447154474,8.774390243902438,9.855691056910569,0.2028397565922921,0.0,6.077079107505071,1.4563894523326573,3.391480730223124,0.02028397565922921,3.0872210953346855
LAX,Los Angeles,2025-04-27,April,Sunday,564.0,563.0,2.3001776198934283,-5.0,35.0,142.0,20.781527531083483,6.550621669626998,10.071047957371226,0.1773049645390071,0.0,3.4397163120567376,0.13652482269503546,1.822695035460993,0.0,3.4414893617021276
LAX,Los Angeles,2025-04-28,April,Monday,564.0,560.0,-5.2785714285714285,-10.0,15.0,350.0,10.178571428571429,4.003571428571429,9.894642857142857,0.3546099290780142,0.3546099290780142,1.929078014184397,0.040780141843971635,0.4734042553191489,0.0,2.8421985815602837
LAX,Los Angeles,2025-04-29,April,Tuesday,513.0,512.0,-8.259765625,-13.0,10.0,273.0,8.203125,1.287109375,9.580078125,0.0,0.1949317738791423,2.4502923976608186,0.14619883040935672,0.50682261208577,0.009746588693957114,1.6393762183235867
LAX,Los Angeles,2025-04-30,April,Wednesday,528.0,521.0,1.1190019193857965,-10.0,23.0,475.0,13.24376199616123,7.554702495201536,10.328214971209214,1.3257575757575757,0.0,3.659090909090909,1.4621212121212122,0.8636363636363636,0.020833333333333332,4.579545454545454
LAX,Los Angeles,2025-05-01,May,Thursday,572.0,570.0,-0.980701754385965,-8.0,28.0,350.0,15.43859649122807,6.598245614035088,10.2,0.34965034965034963,0.0,2.6346153846153846,0.48426573426573427,0.986013986013986,0.0,3.93006993006993
LAX,Los Angeles,2025-05-02,May,Friday,570.0,563.0,5.939609236234459,-8.0,46.80000000000001,928.0,21.314387211367674,12.985790408525755,11.099467140319716,1.0526315789473684,0.17543859649122806,4.9298245614035086,1.8245614035087718,3.7421052631578946,0.0,5.8350877192982455
LAX,Los Angeles,2025-05-03,May,Saturday,499.0,495.0,3.9838383838383837,-7.0,38.200000000000045,876.0,21.21212121212121,12.733333333333333,10.57979797979798,0.8016032064128256,0.0,7.573146292585171,0.8537074148296593,1.751503006012024,0.006012024048096192,4.420841683366733
LAX,Los Angeles,2025-05-04,May,Sunday,565.0,565.0,4.738053097345133,-9.0,51.0,559.0,21.76991150442478,18.334513274336285,10.823008849557523,0.0,0.0,8.68141592920354,1.431858407079646,1.2566371681415929,0.0,5.619469026548672
LAX,Los Angeles,2025-05-05,May,Monday,569.0,566.0,4.613074204946996,-10.0,54.0,896.0,21.37809187279152,16.63957597173145,11.026501766784452,0.35149384885764495,0.17574692442882248,4.3954305799648505,0.7978910369068541,2.0281195079086114,0.0,9.84182776801406
LAX,Los Angeles,2025-05-06,May,Tuesday,511.0,506.0,5.83794466403162,-9.0,59.5,529.0,21.73913043478261,14.565217391304348,10.428853754940711,0.9784735812133072,0.0,4.536203522504892,2.7260273972602738,2.6457925636007826,0.011741682974559686,6.7181996086105675
LAX,Los Angeles,2025-05-07,May,Wednesday,527.0,526.0,-9.939163498098859,-15.0,15.5,318.0,10.646387832699618,4.427756653992396,9.522813688212928,0.18975332068311196,0.0,2.888045540796964,0.03795066413662239,0.47248576850094876,0.0,3.1480075901328273
LAX,Los Angeles,2025-05-08,May,Thursday,579.0,578.0,-7.153979238754325,-11.0,14.0,947.0,9.515570934256056,4.531141868512111,11.178200692041523,0.17271157167530224,0.0,4.027633851468049,0.7374784110535406,0.7737478411053541,0.0,1.4870466321243523
LAX,Los Angeles,2025-05-09,May,Friday,580.0,577.0,-4.906412478336222,-11.0,24.399999999999977,315.0,15.251299826689774,8.062391681109185,11.006932409012132,0.5172413793103449,0.0,2.4741379310344827,0.44655172413793104,1.3689655172413793,0.0,3.9017241379310343
LAX,Los Angeles,2025-05-10,May,Saturday,499.0,499.0,-7.412825651302605,-14.0,7.0,1070.0,7.214428857715431,6.979959919839679,10.092184368737476,0.0,0.0,4.915831663326653,0.01603206412825651,0.44889779559118237,0.0,3.0781563126252505
LAX,Los Angeles,2025-05-11,May,Sunday,573.0,572.0,-0.6153846153846154,-9.5,34.0,302.0,15.209790209790212,9.604895104895105,10.08041958041958,0.17452006980802792,0.0,4.345549738219895,0.1431064572425829,0.7486910994764397,0.0,4.225130890052356
LAX,Los Angeles,2025-05-12,May,Monday,576.0,574.0,3.658536585365854,-7.0,29.0,799.0,17.770034843205575,11.89198606271777,9.456445993031359,0.3472222222222222,0.0,5.84375,0.1597222222222222,1.2361111111111112,0.0,5.697916666666667
LAX,Los Angeles,2025-05-13,May,Tuesday,522.0,520.0,-1.0769230769230769,-9.0,17.100000000000023,1020.0,12.307692307692308,5.611538461538461,9.201923076923077,0.38314176245210724,0.0,4.664750957854406,0.05555555555555555,1.1130268199233717,0.0,2.818007662835249
LAX,Los Angeles,2025-05-14,May,Wednesday,531.0,529.0,1.3799621928166352,-6.0,29.19999999999999,237.0,19.848771266540645,4.890359168241966,10.001890359168241,0.18832391713747645,0.18832391713747645,2.890772128060264,0.3352165725047081,2.0131826741996233,0.0,3.657250470809793
LAX,Los Angeles,2025-05-15,May,Thursday,573.0,572.0,10.87937062937063,-1.0,36.0,684.0,25.699300699300696,11.597902097902098,10.533216783216783,0.17452006980802792,0.0,6.486910994764398,0.2670157068062827,3.7277486910994764,0.0,4.963350785340314
LAX,Los Angeles,2025-05-16,May,Friday,577.0,570.0,19.685964912280703,-1.0,69.40000000000009,850.0,31.75438596491228,22.273684210526316,10.529824561403508,0.8665511265164645,0.34662045060658575,9.56152512998267,1.8474870017331022,4.298093587521664,0.01733102253032929,8.868284228769497
LAX,Los Angeles,2025-05-17,May,Saturday,499.0,493.0,8.032454361054766,-4.0,32.80000000000001,848.0,19.675456389452332,13.062880324543611,10.275862068965518,1.2024048096192386,0.0,7.921843687374749,0.21643286573146292,1.2064128256513027,0.0,4.727454909819639
LAX,Los Angeles,2025-05-18,May,Sunday,569.0,567.0,7.215167548500882,-2.0,42.80000000000007,296.0,24.514991181657848,12.62962962962963,10.144620811287478,0.17574692442882248,0.17574692442882248,4.822495606326889,0.9015817223198594,1.9261862917398946,0.0,5.543057996485062
LAX,Los Angeles,2025-05-19,May,Monday,573.0,570.0,3.831578947368421,-7.0,31.100000000000023,857.0,20.0,10.603508771929825,9.624561403508771,0.5235602094240838,0.0,5.43455497382199,0.39092495636998253,2.1972076788830717,0.017452006980802792,4.052356020942408
LAX,Los Angeles,2025-05-20,May,Tuesday,522.0,520.0,-3.1134615384615385,-9.0,20.0,236.0,13.076923076923078,4.75,9.415384615384616,0.38314176245210724,0.0,1.6934865900383143,0.5210727969348659,0.6954022988505747,0.10727969348659004,3.189655172413793
LAX,Los Angeles,2025-05-21,May,Wednesday,536.0,534.0,-2.4363295880149813,-8.0,19.0,158.0,13.48314606741573,4.093632958801498,10.213483146067416,0.3731343283582089,0.0,2.5970149253731343,0.0,0.6156716417910447,0.0,2.324626865671642
LAX,Los Angeles,2025-05-22,May,Thursday,584.0,583.0,5.192109777015437,-4.0,36.0,735.0,21.269296740994854,10.507718696397943,10.735849056603774,0.17123287671232876,0.0,6.02054794520548,0.2602739726027397,2.0051369863013697,0.0976027397260274,3.9914383561643834
LAX,Los Angeles,2025-05-23,May,Friday,582.0,582.0,7.719931271477663,-4.0,31.899999999999977,1352.0,19.759450171821307,12.609965635738831,10.532646048109966,0.0,0.0,7.350515463917525,0.2268041237113402,1.2336769759450172,0.005154639175257732,4.599656357388316
LAX,Los Angeles,2025-05-24,May,Saturday,503.0,503.0,2.8489065606361827,-7.0,27.0,736.0,17.693836978131213,9.159045725646124,10.236580516898607,0.0,0.0,5.172962226640159,0.16302186878727634,1.389662027833002,0.0,4.149105367793241
LAX,Los Angeles,2025-05-25,May,Sunday,525.0,524.0,-0.0648854961832061,-8.5,27.0,515.0,14.885496183206106,6.509541984732825,9.879770992366412,0.19047619047619047,0.0,3.779047619047619,0.7485714285714286,1.7066666666666668,0.0,3.0952380952380953
LAX,Los Angeles,2025-05-26,May,Monday,581.0,577.0,9.431542461005199,-7.0,50.39999999999998,1093.0,20.623916811091856,16.746967071057192,10.932409012131716,0.5163511187607573,0.17211703958691912,6.533562822719449,1.3528399311531842,2.2375215146299485,0.0,7.981067125645439
LAX,Los Angeles,2025-05-27,May,Tuesday,534.0,530.0,1.1377358490566039,-12.0,26.40000000000009,1024.0,15.283018867924527,13.864150943396226,9.784905660377358,0.5617977528089888,0.18726591760299627,5.00374531835206,0.6760299625468165,0.5112359550561798,0.0,6.578651685393258
LAX,Los Angeles,2025-05-28,May,Wednesday,540.0,540.0,-0.22962962962962963,-9.0,28.0,871.0,15.925925925925927,7.779629629629629,10.207407407407407,0.0,0.0,4.472222222222222,0.6055555555555555,1.2796296296296297,0.020370370370370372,3.0944444444444446
LAX,Los Angeles,2025-05-29,May,Thursday,582.0,581.0,-1.5352839931153184,-9.0,23.0,1115.0,14.457831325301203,7.655765920826162,10.430292598967299,0.1718213058419244,0.0,3.1374570446735395,0.5549828178694158,3.1752577319587627,0.0,2.654639175257732
LAX,Los Angeles,2025-05-30,May,Friday,581.0,579.0,-4.469775474956822,-11.0,24.0,473.0,14.680483592400693,8.796200345423143,10.2573402417962,0.34423407917383825,0.0,3.5920826161790016,0.7177280550774526,1.0981067125645438,0.07056798623063683,3.514629948364888
LAX,Los Angeles,2025-05-31,May,Saturday,511.0,508.0,-2.559055118110236,-12.0,25.600000000000023,719.0,14.763779527559054,9.047244094488189,10.679133858267717,0.3913894324853229,0.19569471624266144,5.3600782778864975,0.5401174168297456,0.863013698630137,0.007827788649706457,3.4990215264187867
LAX,Los Angeles,2025-06-01,June,Sunday,573.0,573.0,1.2984293193717278,-10.0,36.0,637.0,18.673647469458988,12.8673647469459,10.31588132635253,0.0,0.0,5.851657940663176,0.6369982547993019,1.3054101221640488,0.0,5.2356020942408374
LAX,Los Angeles,2025-06-02,June,Monday,580.0,579.0,0.22452504317789293,-9.0,28.0,684.0,14.680483592400693,8.782383419689118,10.601036269430052,0.0,0.1724137931034483,2.160344827586207,1.3448275862068966,1.3913793103448275,0.0,6.15
LAX,Los Angeles,2025-06-03,June,Tuesday,524.0,520.0,6.782692307692308,-4.0,35.10000000000002,1293.0,22.692307692307693,8.35,9.621153846153845,0.19083969465648853,0.5725190839694656,5.893129770992366,0.3549618320610687,3.114503816793893,0.0,4.133587786259542
LAX,Los Angeles,2025-06-04,June,Wednesday,536.0,536.0,-0.416044776119403,-8.0,20.0,1046.0,13.059701492537313,5.764925373134329,10.272388059701493,0.0,0.0,5.664179104477612,0.15298507462686567,0.9850746268656716,0.0,1.5111940298507462
LAX,Los Angeles,2025-06-05,June,Thursday,595.0,592.0,12.096283783783784,-1.5,45.799999999999955,997.0,25.16891891891892,11.472972972972974,11.072635135135135,0.5042016806722689,0.0,4.363025210084033,0.773109243697479,3.5579831932773107,0.6201680672268908,7.546218487394958
LAX,Los Angeles,2025-06-06,June,Friday,593.0,588.0,18.299319727891156,-2.5,57.0,1103.0,26.87074829931973,18.153061224489797,10.108843537414966,0.5059021922428331,0.33726812816188867,11.856661045531197,1.3440134907251264,4.758853288364249,0.15851602023608768,5.431703204047218
LAX,Los Angeles,2025-06-07,June,Saturday,522.0,520.0,8.576923076923077,-6.0,33.0,901.0,18.846153846153847,12.638461538461538,9.640384615384615,0.19157088122605362,0.19157088122605362,8.381226053639846,0.5498084291187739,2.335249042145594,0.05555555555555555,4.277777777777778
LAX,Los Angeles,2025-06-08,June,Sunday,580.0,573.0,15.916230366492147,-1.0,51.0,1458.0,28.097731239092493,19.230366492146597,9.825479930191973,1.0344827586206897,0.1724137931034483,7.463793103448276,2.703448275862069,2.803448275862069,0.02413793103448276,7.808620689655172
LAX,Los Angeles,2025-06-09,June,Monday,593.0,591.0,11.39932318104907,-5.0,57.0,671.0,25.211505922165824,16.986463620981386,10.769881556683588,0.33726812816188867,0.0,7.622259696458685,1.8532883642495783,1.672849915682968,0.05564924114671164,6.989881956155143
LAX,Los Angeles,2025-06-10,June,Tuesday,541.0,541.0,4.0924214417744915,-10.0,54.0,377.0,20.147874306839185,11.942698706099815,9.317929759704251,0.0,0.0,4.78373382624769,1.1256931608133087,3.410351201478743,0.0,4.990757855822551
LAX,Los Angeles,2025-06-11,June,Wednesday,555.0,552.0,6.731884057971015,-8.0,40.900000000000034,1252.0,19.746376811594203,15.590579710144928,10.320652173913043,0.5405405405405406,0.0,8.284684684684684,0.45585585585585586,2.6288288288288286,0.0,5.084684684684684
LAX,Los Angeles,2025-06-12,June,Thursday,602.0,598.0,8.570234113712374,-6.0,50.30000000000007,1101.0,21.73913043478261,16.217391304347824,10.759197324414716,0.6644518272425249,0.0,5.96843853820598,1.2093023255813953,1.2275747508305648,0.0681063122923588,8.014950166112957
LAX,Los Angeles,2025-06-13,June,Friday,596.0,596.0,9.944630872483222,-5.0,42.5,970.0,21.97986577181208,15.552013422818792,10.916107382550335,0.0,0.0,8.13255033557047,1.266778523489933,1.4345637583892616,0.0,6.052013422818792
LAX,Los Angeles,2025-06-14,June,Saturday,527.0,524.0,6.263358778625954,-7.0,52.39999999999998,383.0,21.374045801526716,14.358778625954198,10.091603053435115,0.5692599620493358,0.0,7.434535104364326,0.6489563567362429,1.6793168880455407,0.3187855787476281,5.024667931688804
LAX,Los Angeles,2025-06-15,June,Sunday,589.0,572.0,9.73951048951049,-4.0,57.89999999999998,512.0,25.174825174825177,15.638111888111888,10.101398601398602,2.3769100169779285,0.5093378607809848,6.616298811544992,1.6010186757215619,1.8098471986417657,0.10526315789473684,5.862478777589134
LAX,Los Angeles,2025-06-16,June,Monday,599.0,595.0,13.005042016806723,-3.0,54.200000000000045,1511.0,25.210084033613445,17.107563025210084,10.416806722689076,0.333889816360601,0.333889816360601,5.460767946577629,1.1519198664440735,1.7045075125208682,0.15525876460767946,10.275459098497496
LAX,Los Angeles,2025-06-17,June,Tuesday,554.0,549.0,11.890710382513662,-4.0,55.39999999999998,762.0,23.13296903460838,17.30783242258652,10.096539162112933,0.9025270758122743,0.0,7.963898916967509,0.9638989169675091,1.7617328519855595,0.05595667870036101,7.563176895306859
LAX,Los Angeles,2025-06-18,June,Wednesday,563.0,562.0,7.090747330960854,-8.0,44.0,737.0,20.99644128113879,14.169039145907472,11.012455516014235,0.17761989342806395,0.0,6.61101243339254,0.2841918294849023,2.3161634103019537,0.0,6.481349911190053
LAX,Los Angeles,2025-06-19,June,Thursday,602.0,598.0,11.95819397993311,-6.0,50.30000000000007,660.0,24.74916387959866,17.396321070234112,10.67056856187291,0.6644518272425249,0.0,8.10797342192691,1.4767441860465116,2.845514950166113,0.0,7.096345514950166
LAX,Los Angeles,2025-06-20,June,Friday,598.0,593.0,4.24283305227656,-7.0,36.600000000000136,488.0,20.236087689713322,12.190556492411467,10.489038785834738,0.8361204013377926,0.0,5.05685618729097,0.19732441471571907,0.7625418060200669,0.0,6.327759197324415
LAX,Los Angeles,2025-06-21,June,Saturday,529.0,527.0,0.2428842504743833,-10.0,23.0,946.0,13.092979127134724,10.52561669829222,10.064516129032258,0.3780718336483932,0.0,5.2835538752362945,0.5935727788279773,0.4952741020793951,0.04158790170132325,4.022684310018904
LAX,Los Angeles,2025-06-22,June,Sunday,590.0,590.0,4.074576271186441,-6.0,37.10000000000002,454.0,20.677966101694913,11.374576271186442,10.525423728813559,0.0,0.0,4.66271186440678,0.7593220338983051,2.3847457627118644,0.0,4.159322033898305
LAX,Los Angeles,2025-06-23,June,Monday,600.0,598.0,6.332775919732441,-5.0,31.900000000000205,1429.0,19.732441471571907,13.680602006688963,10.76923076923077,0.0,0.33333333333333337,5.845,0.67,0.895,0.0,6.638333333333334
LAX,Los Angeles,2025-06-24,June,Tuesday,552.0,551.0,0.6678765880217786,-10.0,30.0,783.0,16.152450090744104,9.762250453720508,10.183303085299455,0.0,0.18115942028985507,5.088768115942029,0.043478260869565216,1.3786231884057971,0.0,4.818840579710145
LAX,Los Angeles,2025-06-25,June,Wednesday,564.0,560.0,10.710714285714285,-7.0,57.10000000000002,948.0,23.035714285714285,19.742857142857144,10.646428571428572,0.7092198581560284,0.0,5.695035460992908,3.8900709219858154,3.75531914893617,0.04609929078014184,6.4361702127659575
LAX,Los Angeles,2025-06-26,June,Thursday,604.0,593.0,13.625632377740304,-5.0,71.4000000000002,798.0,24.620573355817875,21.15177065767285,10.237774030354132,1.6556291390728477,0.16556291390728478,6.816225165562914,1.5529801324503312,2.5298013245033113,0.019867549668874173,10.109271523178808
LAX,Los Angeles,2025-06-27,June,Friday,602.0,588.0,14.476190476190476,-5.0,62.30000000000007,1465.0,28.2312925170068,21.79421768707483,10.875850340136054,2.3255813953488373,0.0,9.596345514950166,0.6744186046511628,2.1461794019933556,0.036544850498338874,9.074750830564785
LAX,Los Angeles,2025-06-28,June,Saturday,531.0,520.0,8.526923076923078,-6.0,47.0,994.0,23.26923076923077,17.88653846153846,10.465384615384615,2.0715630885122414,0.0,9.335216572504708,0.9943502824858758,1.3653483992467044,0.0,4.308851224105461
LAX,Los Angeles,2025-06-29,June,Sunday,573.0,566.0,8.174911660777385,-6.0,50.0,645.0,23.32155477031802,17.46113074204947,10.031802120141343,1.0471204188481675,0.17452006980802792,6.0,1.6509598603839442,1.4223385689354275,0.0,6.668411867364747
LAX,Los Angeles,2025-06-30,June,Monday,581.0,569.0,13.783831282952548,-6.0,56.39999999999998,1554.0,25.48330404217926,19.78207381370826,10.246045694200351,1.549053356282272,0.5163511187607573,7.819277108433735,2.2753872633390704,2.5972461273666094,0.0,8.08605851979346
LAX,Los Angeles,2025-07-01,July,Tuesday,541.0,534.0,17.01685393258427,-7.0,79.09999999999997,1003.0,26.02996254681648,24.94007490636704,9.906367041198502,1.2939001848428837,0.0,7.489833641404806,2.713493530499076,2.0277264325323476,0.0,13.136783733826247
LAX,Los Angeles,2025-07-02,July,Wednesday,549.0,547.0,6.862888482632541,-7.0,49.400000000000034,913.0,23.583180987202926,15.254113345521024,10.089579524680072,0.36429872495446264,0.0,6.111111111111111,0.6357012750455373,1.8324225865209471,0.08014571948998178,6.883424408014572
LAX,Los Angeles,2025-07-03,July,Thursday,585.0,582.0,11.139175257731958,-6.0,63.0,762.0,25.945017182130588,17.604810996563575,10.075601374570446,0.5128205128205128,0.0,7.9452991452991455,0.7333333333333333,3.1452991452991452,0.046153846153846156,7.276923076923077
LAX,Los Angeles,2025-07-04,July,Friday,486.0,483.0,-5.246376811594203,-12.0,19.80000000000001,220.0,11.387163561076605,3.8592132505175982,9.606625258799172,0.6172839506172839,0.0,2.1893004115226335,0.9958847736625515,0.5390946502057613,0.08436213991769548,2.7757201646090537
LAX,Los Angeles,2025-07-05,July,Saturday,513.0,512.0,5.078125,-9.0,38.900000000000034,1172.0,18.359375,12.990234375,10.0234375,0.1949317738791423,0.0,6.604288499025341,0.07017543859649122,1.04093567251462,0.07602339181286549,6.886939571150098
LAX,Los Angeles,2025-07-06,July,Sunday,597.0,592.0,7.47972972972973,-5.0,47.89999999999998,805.0,21.283783783783782,12.761824324324325,10.530405405405405,0.6700167504187605,0.16750418760469013,4.284757118927973,2.4974874371859297,1.6750418760469012,0.0,5.743718592964824
LAX,Los Angeles,2025-07-07,July,Monday,601.0,597.0,14.581239530988274,-1.0,65.0,1203.0,26.298157453936348,16.44221105527638,10.467336683417086,0.6655574043261231,0.0,7.677204658901831,0.2146422628951747,3.5640599001663893,0.06655574043261231,7.80865224625624
LAX,Los Angeles,2025-07-08,July,Tuesday,557.0,549.0,10.896174863387978,-4.0,62.0,462.0,26.59380692167577,14.646630236794172,9.885245901639344,1.436265709156194,0.0,6.472172351885098,1.829443447037702,3.5368043087971275,0.03231597845601436,5.473967684021544
LAX,Los Angeles,2025-07-09,July,Wednesday,562.0,559.0,7.262969588550984,-6.0,53.39999999999998,299.0,22.361359570661897,14.372093023255815,9.83005366726297,0.5338078291814947,0.0,5.01423487544484,1.3185053380782918,1.8505338078291815,0.0,7.037366548042705
LAX,Los Angeles,2025-07-10,July,Thursday,603.0,591.0,13.830795262267344,-6.0,71.0,1515.0,23.85786802030457,21.150592216582066,10.538071065989847,1.9900497512437811,0.0,7.296849087893864,1.1028192371475953,1.0497512437810945,0.0,11.456053067993366
LAX,Los Angeles,2025-07-11,July,Friday,600.0,585.0,11.704273504273504,-4.0,62.60000000000002,406.0,27.692307692307693,16.916239316239317,10.943589743589744,2.3333333333333335,0.16666666666666669,7.586666666666667,0.35833333333333334,2.5883333333333334,0.0,7.826666666666667
LAX,Los Angeles,2025-07-12,July,Saturday,530.0,520.0,13.482692307692307,-6.5,51.10000000000002,990.0,21.923076923076923,20.01923076923077,9.476923076923077,1.6981132075471699,0.18867924528301888,9.215094339622642,1.5924528301886793,3.392452830188679,0.0,7.150943396226415
LAX,Los Angeles,2025-07-13,July,Sunday,590.0,581.0,19.475043029259897,-1.0,80.0,713.0,31.841652323580032,26.244406196213426,11.827882960413081,1.3559322033898304,0.1694915254237288,9.91186440677966,0.6610169491525424,2.9847457627118645,0.03220338983050847,11.577966101694916
LAX,Los Angeles,2025-07-14,July,Monday,599.0,582.0,24.432989690721648,0.0,82.89999999999998,1133.0,33.50515463917525,32.93642611683849,10.860824742268042,2.8380634390651087,0.0,9.308848080133556,3.4006677796327214,3.30550918196995,0.07512520868113523,13.96661101836394
LAX,Los Angeles,2025-07-15,July,Tuesday,556.0,544.0,6.045955882352941,-8.5,44.0,893.0,21.875,16.159926470588236,10.167279411764707,1.9784172661870503,0.1798561151079137,4.863309352517986,1.0305755395683454,0.8884892086330936,0.046762589928057555,8.348920863309353
LAX,Los Angeles,2025-07-16,July,Wednesday,563.0,555.0,10.52972972972973,-6.0,63.0,538.0,23.243243243243246,16.736936936936935,10.29009009009009,1.4209591474245116,0.0,6.671403197158082,0.8330373001776199,2.289520426287744,0.0,8.280639431616342
LAX,Los Angeles,2025-07-17,July,Thursday,603.0,597.0,10.552763819095478,-3.0,41.39999999999998,792.0,22.948073701842546,15.601340033500838,10.867671691792294,0.9950248756218906,0.0,9.48424543946932,0.0845771144278607,1.8673300165837479,0.0,5.109452736318408
LAX,Los Angeles,2025-07-18,July,Friday,601.0,596.0,8.580536912751677,-5.5,43.5,750.0,22.483221476510067,14.270134228187919,11.327181208053691,0.6655574043261231,0.16638935108153077,6.955074875207987,0.47420965058236275,2.502495840266223,0.0,5.990016638935108
LAX,Los Angeles,2025-07-19,July,Saturday,530.0,528.0,2.3390151515151514,-9.0,38.0,630.0,18.939393939393938,10.43560606060606,10.818181818181818,0.37735849056603776,0.0,3.869811320754717,0.7075471698113207,2.539622641509434,0.0,5.09622641509434
LAX,Los Angeles,2025-07-20,July,Sunday,588.0,577.0,10.098786828422877,-8.0,54.19999999999993,829.0,23.223570190641247,17.83015597920277,11.317157712305026,1.7006802721088436,0.17006802721088435,8.591836734693878,0.8520408163265306,2.675170068027211,0.0,6.4982993197278915
LAX,Los Angeles,2025-07-21,July,Monday,600.0,593.0,8.976391231028668,-7.0,38.80000000000007,1670.0,20.236087689713322,17.596964586846543,10.311973018549747,1.1666666666666667,0.0,6.2716666666666665,0.6783333333333333,0.8633333333333333,0.0,9.216666666666667
LAX,Los Angeles,2025-07-22,July,Tuesday,556.0,551.0,5.5226860254083485,-10.0,53.0,918.0,21.052631578947366,13.656987295825772,11.17967332123412,0.8992805755395683,0.0,5.348920863309353,0.7248201438848921,1.9982014388489209,0.0,8.08453237410072
LAX,Los Angeles,2025-07-23,July,Wednesday,563.0,560.0,0.17142857142857143,-8.0,31.0,306.0,16.607142857142858,8.9,10.439285714285715,0.5328596802841918,0.0,3.5595026642984013,0.25932504440497334,1.1936056838365896,0.0,4.7229129662522205
LAX,Los Angeles,2025-07-24,July,Thursday,603.0,601.0,7.59234608985025,-4.0,45.0,591.0,23.294509151414307,12.803660565723794,10.700499168053245,0.33167495854063017,0.0,4.7545605306799334,0.5655058043117744,1.7495854063018241,0.0,7.787728026533997
LAX,Los Angeles,2025-07-25,July,Friday,601.0,596.0,17.614093959731544,-2.5,80.5,879.0,30.369127516778523,22.818791946308725,11.18288590604027,0.6655574043261231,0.16638935108153077,7.515806988352746,1.935108153078203,2.697171381031614,0.15307820299500832,11.527454242928453
LAX,Los Angeles,2025-07-26,July,Saturday,530.0,526.0,2.8992395437262357,-6.0,34.0,285.0,20.342205323193916,11.302281368821292,10.070342205323193,0.7547169811320755,0.0,4.203773584905661,0.37735849056603776,0.7867924528301887,0.02830188679245283,5.218867924528302
LAX,Los Angeles,2025-07-27,July,Sunday,590.0,579.0,18.616580310880828,-2.0,62.0,1175.0,24.52504317789292,25.058721934369604,11.01727115716753,1.694915254237288,0.1694915254237288,10.069491525423729,0.8949152542372881,1.888135593220339,0.0,11.764406779661018
LAX,Los Angeles,2025-07-28,July,Monday,600.0,590.0,11.861016949152543,-5.0,58.200000000000045,746.0,25.593220338983052,21.28135593220339,9.920338983050847,1.3333333333333335,0.33333333333333337,7.306666666666667,1.2,1.4466666666666668,0.075,9.866666666666667
LAX,Los Angeles,2025-07-29,July,Tuesday,556.0,541.0,7.434380776340111,-8.0,42.0,1033.0,19.038817005545287,16.360443622920517,10.312384473197781,2.697841726618705,0.0,6.061151079136691,2.3597122302158273,1.1744604316546763,0.0,7.221223021582734
LAX,Los Angeles,2025-07-30,July,Wednesday,563.0,557.0,7.017953321364453,-5.0,47.0,489.0,21.543985637342907,11.594254937163376,10.059245960502693,0.8880994671403196,0.17761989342806395,4.941385435168739,0.6127886323268206,2.5008880994671405,0.05328596802841918,5.849023090586146
LAX,Los Angeles,2025-07-31,July,Thursday,603.0,588.0,24.64625850340136,1.0,81.30000000000007,1023.0,32.142857142857146,27.831632653061224,10.581632653061224,2.4875621890547266,0.0,8.84742951907131,2.669983416252073,3.7860696517412937,0.0,13.747927031509121
LAX,Los Angeles,2025-08-01,August,Friday,601.0,576.0,13.711805555555555,1.0,56.0,707.0,31.07638888888889,17.09201388888889,11.366319444444445,4.159733777038269,0.0,6.249584026622296,0.7687188019966722,2.0732113144758735,0.16139767054908485,8.069883527454243
LAX,Los Angeles,2025-08-02,August,Saturday,531.0,526.0,14.420152091254753,-3.0,55.0,614.0,26.806083650190114,20.013307984790874,10.024714828897338,0.9416195856873822,0.0,8.252354048964218,0.8568738229755178,1.4406779661016949,0.030131826741996232,9.384180790960452
LAX,Los Angeles,2025-08-03,August,Sunday,591.0,587.0,15.989778534923339,0.0,48.39999999999998,1007.0,29.642248722316864,20.657580919931856,11.771720613287904,0.676818950930626,0.0,10.382402707275803,0.42978003384094754,2.1032148900169205,0.049069373942470386,8.439932318104907
LAX,Los Angeles,2025-08-04,August,Monday,598.0,593.0,12.483979763912311,-5.0,49.80000000000007,991.0,22.93423271500843,20.166947723440135,10.069139966273188,0.6688963210702341,0.16722408026755853,7.9397993311036785,2.7140468227424748,1.0668896321070234,0.026755852842809364,7.695652173913044
LAX,Los Angeles,2025-08-05,August,Tuesday,543.0,541.0,1.0480591497227356,-10.0,19.0,892.0,11.829944547134936,9.524953789279113,10.353049907578558,0.3683241252302026,0.0,4.6740331491712706,2.141804788213628,0.48987108655616945,0.0,3.5027624309392267
LAX,Los Angeles,2025-08-06,August,Wednesday,544.0,537.0,6.854748603351955,-7.0,40.400000000000034,854.0,17.50465549348231,13.212290502793296,11.299813780260708,1.2867647058823528,0.0,8.632352941176471,0.11213235294117647,2.411764705882353,0.0,3.8768382352941178
LAX,Los Angeles,2025-08-07,August,Thursday,592.0,583.0,5.246998284734134,-7.0,34.600000000000136,838.0,19.897084048027445,12.456260720411663,10.789022298456262,1.5202702702702704,0.0,6.483108108108108,0.12837837837837837,0.893581081081081,0.0,5.5574324324324325
LAX,Los Angeles,2025-08-08,August,Friday,588.0,587.0,1.0630323679727427,-8.0,28.399999999999977,328.0,15.332197614991482,9.093696763202725,10.65587734241908,0.17006802721088435,0.0,3.828231292517007,0.4030612244897959,0.4914965986394558,0.0,5.0731292517006805
LAX,Los Angeles,2025-08-09,August,Saturday,513.0,511.0,3.771037181996086,-8.0,22.0,746.0,14.090019569471623,12.346379647749512,10.24853228962818,0.3898635477582846,0.0,5.964912280701754,0.10136452241715399,0.580896686159844,0.0,5.881091617933723
LAX,Los Angeles,2025-08-10,August,Sunday,590.0,588.0,10.001700680272108,-5.0,58.30000000000007,326.0,26.87074829931973,16.948979591836736,10.610544217687075,0.1694915254237288,0.1694915254237288,6.994915254237288,0.5220338983050847,1.6559322033898305,0.00847457627118644,8.032203389830508
LAX,Los Angeles,2025-08-11,August,Monday,584.0,583.0,-1.9108061749571184,-10.0,27.800000000000068,569.0,13.893653516295027,10.343053173241852,9.989708404802744,0.17123287671232876,0.0,4.261986301369863,0.3955479452054795,0.4520547945205479,0.0,4.5256849315068495
LAX,Los Angeles,2025-08-12,August,Tuesday,531.0,530.0,-5.181132075471698,-13.0,17.200000000000045,310.0,12.075471698113208,5.7018867924528305,9.79811320754717,0.18832391713747645,0.0,2.822975517890772,0.256120527306968,0.7024482109227872,0.0,4.001883239171375
LAX,Los Angeles,2025-08-13,August,Wednesday,533.0,527.0,4.857685009487666,-9.0,34.0,434.0,17.267552182163186,11.146110056925997,9.924098671726755,0.5628517823639775,0.5628517823639775,3.9530956848030017,1.8592870544090057,3.026266416510319,0.0,4.7242026266416515
LAX,Los Angeles,2025-08-14,August,Thursday,586.0,586.0,1.8225255972696246,-6.0,30.0,253.0,19.453924914675767,10.059726962457338,10.238907849829351,0.0,0.0,3.7252559726962455,0.8003412969283277,0.9146757679180887,0.08361774744027303,4.460750853242321
LAX,Los Angeles,2025-08-15,August,Friday,584.0,583.0,4.97598627787307,-7.0,30.800000000000068,1156.0,16.638078902229847,12.500857632933105,10.476843910806174,0.0,0.17123287671232876,5.330479452054795,0.738013698630137,0.8544520547945206,0.05650684931506849,6.638698630136986
LAX,Los Angeles,2025-08-16,August,Saturday,505.0,501.0,4.600798403193613,-7.0,35.0,592.0,17.16566866267465,12.249500998003992,9.86626746506986,0.39603960396039606,0.39603960396039606,5.8297029702970296,0.9267326732673268,0.8910891089108911,0.0,5.328712871287129
LAX,Los Angeles,2025-08-17,August,Sunday,585.0,584.0,7.386986301369863,-6.0,55.0,289.0,21.404109589041095,14.66609589041096,9.895547945205479,0.17094017094017094,0.0,5.9282051282051285,1.8017094017094017,1.3623931623931624,0.0,5.55042735042735
LAX,Los Angeles,2025-08-18,August,Monday,581.0,579.0,9.965457685664939,-8.0,38.200000000000045,893.0,19.516407599309154,18.609671848013818,10.070811744386875,0.34423407917383825,0.0,7.760757314974183,4.631669535283993,1.4182444061962134,0.0,5.884681583476764
LAX,Los Angeles,2025-08-19,August,Tuesday,514.0,509.0,-1.7878192534381139,-10.0,30.0,282.0,16.699410609037326,6.738703339882122,10.479371316306484,0.5836575875486382,0.38910505836575876,3.945525291828794,0.48638132295719844,0.8229571984435797,0.0,3.208171206225681
LAX,Los Angeles,2025-08-20,August,Wednesday,518.0,515.0,-3.095145631067961,-12.0,19.0,331.0,12.815533980582524,7.966990291262136,10.21359223300971,0.5791505791505791,0.0,3.7258687258687258,1.1447876447876448,1.2277992277992278,0.0,3.33011583011583
LAX,Los Angeles,2025-08-21,August,Thursday,576.0,576.0,-5.225694444444445,-12.0,23.5,360.0,11.979166666666668,6.135416666666667,10.015625,0.0,0.0,2.638888888888889,1.0642361111111112,0.5347222222222222,0.0,3.6475694444444446
LAX,Los Angeles,2025-08-22,August,Friday,575.0,574.0,-3.8815331010452963,-12.0,30.40000000000009,369.0,14.80836236933798,6.975609756097561,10.5,0.17391304347826086,0.0,2.641739130434783,0.46260869565217394,1.1895652173913043,0.0,4.6121739130434785
LAX,Los Angeles,2025-08-23,August,Saturday,487.0,486.0,6.261316872427984,-9.0,42.5,826.0,18.72427983539095,14.310699588477366,9.631687242798353,0.20533880903490762,0.0,9.127310061601642,0.4004106776180698,2.0020533880903493,0.0,4.702258726899384
LAX,Los Angeles,2025-08-24,August,Sunday,577.0,575.0,4.6347826086956525,-6.0,33.0,497.0,21.043478260869566,9.655652173913044,9.97391304347826,0.0,0.34662045060658575,6.358752166377816,0.1195840554592721,1.2495667244367417,0.0,3.8128249566724435
LAX,Los Angeles,2025-08-25,August,Monday,557.0,540.0,10.218518518518518,-4.0,45.200000000000045,979.0,24.444444444444443,12.148148148148149,10.1,0.3590664272890485,2.6929982046678633,3.7145421903052065,0.9030520646319569,6.843806104129264,0.08617594254937164,4.745062836624776
LAX,Los Angeles,2025-08-26,August,Tuesday,491.0,488.0,-3.6495901639344264,-9.0,13.0,450.0,9.426229508196721,1.3668032786885247,9.227459016393443,0.6109979633401221,0.0,2.7026476578411405,0.18329938900203666,0.7311608961303462,0.0,2.274949083503055
LAX,Los Angeles,2025-08-27,August,Wednesday,506.0,505.0,1.621782178217822,-6.0,21.600000000000023,404.0,14.653465346534652,4.97029702970297,10.293069306930693,0.1976284584980237,0.0,4.626482213438735,0.1976284584980237,0.857707509881423,0.0,3.152173913043478
LAX,Los Angeles,2025-08-28,August,Thursday,559.0,554.0,3.315884476534296,-7.0,23.0,835.0,14.620938628158845,8.13898916967509,10.146209386281589,0.8944543828264758,0.0,3.6511627906976742,0.8121645796064401,1.4347048300536673,0.0,5.305903398926655
LAX,Los Angeles,2025-08-29,August,Friday,561.0,558.0,2.0627240143369177,-4.0,24.30000000000001,366.0,17.562724014336915,6.232974910394265,10.56989247311828,0.53475935828877,0.0,3.8680926916221035,0.1711229946524064,1.0338680926916222,0.0,3.3672014260249554
LAX,Los Angeles,2025-08-30,August,Saturday,479.0,473.0,2.583509513742072,-8.0,26.80000000000001,414.0,13.742071881606766,8.632135306553911,9.35306553911205,1.2526096033402923,0.0,5.022964509394572,1.44258872651357,0.7995824634655533,0.0,3.8329853862212944
LAX,Los Angeles,2025-08-31,August,Sunday,513.0,510.0,1.9333333333333333,-8.0,33.0,332.0,15.098039215686274,8.24705882352941,9.790196078431373,0.3898635477582846,0.1949317738791423,5.290448343079922,0.52046783625731,0.6257309941520468,0.0,3.9668615984405458
LAX,Los Angeles,2025-09-01,September,Monday,556.0,553.0,3.7450271247739604,-6.0,26.0,1291.0,15.370705244122965,11.034358047016275,9.466546112115733,0.3597122302158274,0.1798561151079137,3.7032374100719423,0.023381294964028777,0.7410071942446043,0.02697841726618705,7.032374100719425
LAX,Los Angeles,2025-09-02,September,Tuesday,494.0,493.0,8.417849898580121,-3.0,36.0,618.0,20.689655172413794,12.43002028397566,10.780933062880324,0.20242914979757085,0.0,6.9574898785425106,1.0364372469635628,1.6578947368421053,0.0,5.006072874493927
LAX,Los Angeles,2025-09-03,September,Wednesday,475.0,475.0,-5.2105263157894735,-12.0,11.0,945.0,7.7894736842105265,2.423157894736842,9.658947368421053,0.0,0.0,2.0273684210526315,2.0,0.5094736842105263,0.0,1.2210526315789474
LAX,Los Angeles,2025-09-04,September,Thursday,536.0,529.0,3.8128544423440456,-8.0,38.0,426.0,17.391304347826086,6.945179584120983,9.241965973534972,1.3059701492537312,0.0,4.0,0.17537313432835822,3.6940298507462686,0.0,4.147388059701493
LAX,Los Angeles,2025-09-05,September,Friday,540.0,540.0,5.305555555555555,-4.0,36.200000000000045,221.0,23.51851851851852,7.542592592592593,10.046296296296296,0.0,0.0,3.1240740740740742,0.06666666666666667,2.938888888888889,0.0,5.54074074074074
LAX,Los Angeles,2025-09-06,September,Saturday,466.0,464.0,5.306034482758621,-7.5,27.69999999999999,596.0,16.810344827586206,8.943965517241379,9.22198275862069,0.4291845493562232,0.0,4.585836909871245,0.7618025751072961,3.9871244635193133,0.0,4.122317596566524
LAX,Los Angeles,2025-09-07,September,Sunday,550.0,549.0,5.664845173041894,-6.0,27.0,1059.0,16.21129326047359,10.076502732240437,9.770491803278688,0.0,0.18181818181818182,8.392727272727273,0.17454545454545456,1.210909090909091,0.0,2.570909090909091
LAX,Los Angeles,2025-09-08,September,Monday,541.0,540.0,1.135185185185185,-8.0,23.200000000000045,409.0,13.148148148148147,7.116666666666666,9.42962962962963,0.18484288354898337,0.0,4.3955637707948245,0.6192236598890942,1.4177449168207024,0.0,3.425138632162662
LAX,Los Angeles,2025-09-09,September,Tuesday,470.0,470.0,-5.587234042553192,-10.0,14.0,489.0,9.787234042553191,0.23404255319148937,9.070212765957447,0.0,0.0,1.6553191489361703,0.07659574468085106,0.7212765957446808,0.0,2.3191489361702127
LAX,Los Angeles,2025-09-10,September,Wednesday,482.0,482.0,-2.2614107883817427,-8.0,14.0,231.0,9.751037344398341,2.1784232365145226,9.446058091286307,0.0,0.0,3.1390041493775933,0.02074688796680498,0.7427385892116183,0.0,2.0850622406639006
LAX,Los Angeles,2025-09-11,September,Thursday,566.0,565.0,0.8672566371681416,-6.0,29.0,320.0,16.460176991150444,5.736283185840708,9.428318584070796,0.0,0.17667844522968199,4.051236749116608,0.4169611307420495,1.0088339222614842,0.0,2.8674911660777385
LAX,Los Angeles,2025-09-12,September,Friday,561.0,559.0,-0.9767441860465116,-8.0,25.19999999999999,338.0,15.384615384615385,5.536672629695886,10.132379248658319,0.17825311942959002,0.17825311942959002,3.878787878787879,0.058823529411764705,0.9090909090909091,0.0,2.8467023172905526
LAX,Los Angeles,2025-09-13,September,Saturday,470.0,469.0,-6.063965884861407,-12.0,17.19999999999999,201.0,11.513859275053305,2.0426439232409384,9.311300639658848,0.0,0.2127659574468085,2.5553191489361704,0.2957446808510638,0.8914893617021277,0.0,1.5765957446808512
LAX,Los Angeles,2025-09-14,September,Sunday,570.0,568.0,-0.9612676056338029,-9.0,23.600000000000023,805.0,14.43661971830986,7.626760563380282,9.991197183098592,0.17543859649122806,0.17543859649122806,3.875438596491228,0.07017543859649122,0.6578947368421053,0.03684210526315789,3.492982456140351
LAX,Los Angeles,2025-09-15,September,Monday,561.0,560.0,-6.164285714285715,-12.0,18.0,351.0,11.607142857142858,4.85,9.432142857142857,0.0,0.17825311942959002,2.3975044563279857,0.0,0.2638146167557932,0.0,2.9893048128342246
LAX,Los Angeles,2025-09-16,September,Tuesday,483.0,483.0,-6.20703933747412,-13.0,18.0,247.0,12.422360248447205,3.559006211180124,8.840579710144928,0.0,0.0,3.080745341614907,0.5113871635610766,0.5113871635610766,0.0,2.0062111801242235
LAX,Los Angeles,2025-09-17,September,Wednesday,497.0,496.0,-2.536290322580645,-8.0,18.0,324.0,12.096774193548388,3.1653225806451615,9.94758064516129,0.2012072434607646,0.0,2.8712273641851107,0.22937625754527163,1.6116700201207244,0.0,1.9114688128772637
LAX,Los Angeles,2025-09-18,September,Thursday,569.0,567.0,9.908289241622574,-4.0,38.0,748.0,22.045855379188712,15.010582010582011,10.663139329805997,0.35149384885764495,0.0,5.453427065026362,0.07381370826010544,3.2864674868189807,0.0,8.007029876977153
LAX,Los Angeles,2025-09-19,September,Friday,564.0,559.0,8.384615384615385,-5.0,45.19999999999999,511.0,20.39355992844365,13.754919499105545,10.103756708407872,0.8865248226950355,0.0,5.9804964539007095,0.031914893617021274,3.101063829787234,0.0,6.51241134751773
LAX,Los Angeles,2025-09-20,September,Saturday,474.0,470.0,3.3468085106382977,-6.0,24.0,867.0,15.106382978723405,7.782978723404256,9.565957446808511,0.6329113924050633,0.21097046413502107,4.113924050632911,0.17721518987341772,1.4472573839662448,0.0,5.166666666666667
LAX,Los Angeles,2025-09-21,September,Sunday,572.0,569.0,10.439367311072056,-1.0,48.0,685.0,25.83479789103691,12.957820738137082,9.370826010544816,0.34965034965034963,0.17482517482517482,6.3479020979020975,0.743006993006993,1.9213286713286712,0.0,5.713286713286713
LAX,Los Angeles,2025-09-22,September,Monday,562.0,560.0,5.319642857142857,-3.0,34.10000000000002,736.0,19.82142857142857,8.523214285714285,8.996428571428572,0.3558718861209964,0.0,5.603202846975089,0.3274021352313167,1.709964412811388,0.0,4.099644128113879
LAX,Los Angeles,2025-09-23,September,Tuesday,481.0,481.0,2.363825363825364,-11.0,21.0,1269.0,13.721413721413722,8.286902286902286,8.295218295218294,0.0,0.0,6.234927234927235,0.577962577962578,1.1787941787941787,0.06860706860706861,4.58004158004158
LAX,Los Angeles,2025-09-24,September,Wednesday,495.0,495.0,-1.5676767676767678,-10.0,27.200000000000045,271.0,14.747474747474747,7.070707070707071,9.385858585858585,0.0,0.0,4.115151515151515,0.0,0.9717171717171718,0.13333333333333333,4.280808080808081
LAX,Los Angeles,2025-09-25,September,Thursday,564.0,562.0,2.9590747330960854,-8.0,38.0,741.0,17.97153024911032,9.201067615658364,9.790035587188612,0.3546099290780142,0.0,4.712765957446808,0.0,2.375886524822695,0.0,5.306737588652482
LAX,Los Angeles,2025-09-26,September,Friday,563.0,551.0,5.421052631578948,-11.0,43.0,518.0,18.51179673321234,16.159709618874775,11.161524500907442,2.1314387211367674,0.0,5.298401420959148,1.955595026642984,2.3179396092362343,0.16163410301953818,6.7779751332149205
LAX,Los Angeles,2025-09-27,September,Saturday,474.0,467.0,-7.991434689507495,-14.0,19.400000000000034,223.0,11.777301927194861,3.740899357601713,9.985010706638116,1.4767932489451476,0.0,2.8586497890295357,0.0,0.6012658227848101,0.0,2.0759493670886076
LAX,Los Angeles,2025-09-28,September,Sunday,569.0,568.0,-4.448943661971831,-10.0,23.0,279.0,14.26056338028169,7.38556338028169,10.174295774647888,0.0,0.17574692442882248,2.3409490333919156,0.08084358523725835,1.0597539543057997,0.0,4.098418277680141
LAX,Los Angeles,2025-09-29,September,Monday,561.0,560.0,1.2535714285714286,-8.0,22.0,905.0,13.392857142857142,8.273214285714285,9.316071428571428,0.17825311942959002,0.0,5.547237076648841,0.0285204991087344,0.6827094474153298,0.0873440285204991,4.607843137254902
LAX,Los Angeles,2025-09-30,September,Tuesday,485.0,484.0,-9.169421487603305,-12.0,5.699999999999989,234.0,5.578512396694215,-0.19421487603305784,9.113636363636363,0.2061855670103093,0.0,1.595876288659794,0.0,0.2268041237113402,0.0,1.468041237113402
LAX,Los Angeles,2025-10-01,October,Wednesday,498.0,498.0,-7.64859437751004,-14.0,10.0,382.0,8.032128514056225,2.714859437751004,8.949799196787149,0.0,0.0,2.755020080321285,0.05220883534136546,0.9136546184738956,0.0321285140562249,2.0441767068273093
LAX,Los Angeles,2025-10-02,October,Thursday,573.0,572.0,-2.2465034965034967,-9.5,18.0,309.0,12.937062937062937,4.311188811188811,10.12062937062937,0.17452006980802792,0.0,2.743455497382199,0.04886561954624782,1.150087260034904,0.0,3.43804537521815
LAX,Los Angeles,2025-10-03,October,Friday,569.0,568.0,1.5827464788732395,-6.5,34.0,349.0,18.485915492957748,7.214788732394366,9.795774647887324,0.17574692442882248,0.0,3.984182776801406,0.0,1.1687170474516695,0.0,4.553602811950791
LAX,Los Angeles,2025-10-04,October,Saturday,476.0,475.0,-3.5157894736842104,-11.0,11.600000000000023,933.0,9.05263157894737,4.629473684210526,9.473684210526315,0.0,0.21008403361344538,4.415966386554622,0.45168067226890757,0.6113445378151261,0.0,1.9621848739495797
LAX,Los Angeles,2025-10-05,October,Sunday,576.0,575.0,2.862608695652174,-4.0,26.0,477.0,17.043478260869566,6.5947826086956525,9.577391304347826,0.1736111111111111,0.0,4.194444444444445,0.09375,1.3940972222222223,0.03819444444444445,3.123263888888889
LAX,Los Angeles,2025-10-06,October,Monday,579.0,579.0,1.9032815198618307,-6.0,24.200000000000045,711.0,14.853195164075995,7.127806563039724,9.386873920552677,0.0,0.0,5.602763385146805,0.025906735751295335,1.2366148531951642,0.0,2.3575129533678756
LAX,Los Angeles,2025-10-07,October,Tuesday,504.0,503.0,-2.834990059642147,-10.0,17.80000000000001,1022.0,11.133200795228628,2.451292246520875,9.06361829025845,0.1984126984126984,0.0,4.505952380952381,0.10317460317460317,1.0138888888888888,0.0,1.3551587301587302
LAX,Los Angeles,2025-10-08,October,Wednesday,515.0,514.0,-0.603112840466926,-5.0,20.69999999999999,307.0,12.645914396887159,2.992217898832685,9.857976653696499,0.1941747572815534,0.0,2.3281553398058255,0.0,1.2407766990291262,0.0,2.4815533980582525
LAX,Los Angeles,2025-10-09,October,Thursday,576.0,574.0,8.550522648083623,-2.0,37.0,396.0,23.519163763066203,9.766550522648084,9.451219512195122,0.0,0.3472222222222222,3.40625,0.2743055555555556,3.3871527777777777,0.0,6.576388888888889
LAX,Los Angeles,2025-10-10,October,Friday,581.0,577.0,8.824956672443674,-3.0,41.39999999999998,739.0,23.050259965337954,12.885615251299827,10.310225303292894,0.6884681583476765,0.0,5.218588640275387,0.2099827882960413,1.6179001721170396,0.08777969018932874,7.586919104991394
LAX,Los Angeles,2025-10-11,October,Saturday,481.0,477.0,4.0754716981132075,-6.0,26.400000000000034,530.0,15.723270440251572,10.10691823899371,9.631027253668764,0.6237006237006237,0.2079002079002079,4.623700623700624,1.0769230769230769,1.7817047817047817,0.0,4.024948024948025
LAX,Los Angeles,2025-10-12,October,Sunday,580.0,577.0,17.44887348353553,3.0,55.39999999999998,747.0,32.23570190641248,16.731369150779894,10.152512998266898,0.3448275862068966,0.1724137931034483,7.5344827586206895,1.5103448275862068,4.125862068965517,0.0,7.462068965517242
LAX,Los Angeles,2025-10-13,October,Monday,579.0,576.0,22.12152777777778,5.5,64.5,910.0,35.9375,17.91840277777778,10.553819444444445,0.3454231433506045,0.17271157167530224,7.523316062176166,0.24352331606217617,5.844559585492228,0.03281519861830743,10.86873920552677
LAX,Los Angeles,2025-10-14,October,Tuesday,505.0,503.0,14.36779324055666,1.0,42.80000000000001,1493.0,30.417495029821072,13.109343936381709,10.52286282306163,0.19801980198019803,0.19801980198019803,6.079207920792079,0.3564356435643564,5.203960396039604,0.0,7.24950495049505
LAX,Los Angeles,2025-10-15,October,Wednesday,516.0,515.0,0.6310679611650486,-8.0,26.40000000000009,300.0,15.53398058252427,7.450485436893204,10.262135922330097,0.0,0.1937984496124031,5.0310077519379846,0.31976744186046513,1.426356589147287,0.0,2.9651162790697674
LAX,Los Angeles,2025-10-16,October,Thursday,576.0,575.0,-0.3634782608695652,-6.0,26.0,521.0,15.478260869565217,5.885217391304348,10.328695652173913,0.0,0.1736111111111111,3.5347222222222223,0.0,1.2829861111111112,0.0,3.0972222222222223
LAX,Los Angeles,2025-10-17,October,Friday,582.0,582.0,-3.316151202749141,-10.0,18.0,328.0,11.855670103092782,4.670103092783505,10.582474226804123,0.0,0.0,2.6099656357388317,0.27491408934707906,0.7680412371134021,0.0,2.924398625429553
LAX,Los Angeles,2025-10-18,October,Saturday,478.0,475.0,7.734736842105264,-8.0,38.200000000000045,1036.0,18.10526315789474,13.07157894736842,9.267368421052632,0.41841004184100417,0.20920502092050208,5.700836820083682,2.709205020920502,1.8765690376569037,0.0,5.845188284518828
LAX,Los Angeles,2025-10-19,October,Sunday,578.0,575.0,5.401739130434783,-3.0,36.60000000000002,288.0,21.565217391304348,9.093913043478262,9.612173913043478,0.17301038062283738,0.34602076124567477,4.200692041522491,0.02768166089965398,2.0588235294117645,0.0,5.032871972318339
LAX,Los Angeles,2025-10-20,October,Monday,579.0,577.0,6.712305025996534,-3.0,34.39999999999998,589.0,22.183708838821488,9.807625649913344,9.870017331022531,0.17271157167530224,0.17271157167530224,5.791018998272884,0.770293609671848,1.849740932642487,0.0,3.9637305699481864
LAX,Los Angeles,2025-10-21,October,Tuesday,506.0,500.0,1.736,-6.0,24.200000000000045,362.0,16.8,3.472,9.62,0.0,1.185770750988142,3.4466403162055337,0.8814229249011858,1.3221343873517786,0.0,2.308300395256917
LAX,Los Angeles,2025-10-22,October,Wednesday,515.0,515.0,3.732038834951456,-2.0,31.0,414.0,20.19417475728155,2.429126213592233,9.920388349514564,0.0,0.0,3.1320388349514565,0.07572815533980583,3.0563106796116504,0.0,2.275728155339806
LAX,Los Angeles,2025-10-23,October,Thursday,574.0,563.0,4.323268206039076,-6.0,31.0,358.0,16.873889875666073,8.348134991119005,9.941385435168739,1.9163763066202089,0.0,4.714285714285714,0.0,1.5209059233449478,0.0,4.56794425087108
LAX,Los Angeles,2025-10-24,October,Friday,579.0,567.0,6.71957671957672,-6.0,44.400000000000034,708.0,21.869488536155202,12.142857142857142,10.156966490299824,1.7271157167530224,0.3454231433506045,5.689119170984456,0.8290155440414507,2.1364421416234887,0.0,5.766839378238342
LAX,Los Angeles,2025-10-25,October,Saturday,478.0,475.0,4.688421052631579,-9.0,35.0,1429.0,18.526315789473685,11.665263157894737,9.608421052631579,0.41841004184100417,0.20920502092050208,7.956066945606694,0.3807531380753138,2.0502092050209204,0.1087866108786611,3.6841004184100417
LAX,Los Angeles,2025-10-26,October,Sunday,582.0,577.0,18.25476603119584,0.0,70.0,787.0,32.23570190641248,21.12998266897747,11.060658578856152,0.6872852233676976,0.1718213058419244,7.761168384879725,0.6718213058419243,4.434707903780069,0.005154639175257732,10.439862542955327
LAX,Los Angeles,2025-10-27,October,Monday,577.0,576.0,7.414930555555555,-4.0,45.5,478.0,23.958333333333336,12.552083333333334,9.940972222222221,0.0,0.17331022530329288,4.8336221837088384,0.5459272097053726,2.0346620450606587,0.03119584055459272,6.637781629116118
LAX,Los Angeles,2025-10-28,October,Tuesday,484.0,484.0,-1.6508264462809918,-10.0,23.0,812.0,13.842975206611571,7.212809917355372,11.49586776859504,0.0,0.0,5.896694214876033,0.26239669421487605,0.756198347107438,0.0,2.96900826446281
LAX,Los Angeles,2025-10-29,October,Wednesday,496.0,495.0,-6.898989898989899,-14.0,14.0,573.0,9.8989898989899,3.375757575757576,10.925252525252525,0.20161290322580644,0.0,2.842741935483871,0.3487903225806452,0.6592741935483871,0.0,2.868951612903226
LAX,Los Angeles,2025-10-30,October,Thursday,554.0,550.0,10.627272727272727,-7.0,50.0,1799.0,22.0,15.201818181818181,12.07090909090909,0.7220216606498195,0.0,8.227436823104693,0.2833935018050541,2.7545126353790614,0.0,7.312274368231047
LAX,Los Angeles,2025-10-31,October,Friday,462.0,453.0,4.737306843267108,-8.0,30.400000000000034,1570.0,17.439293598233995,13.130242825607064,10.311258278145695,1.948051948051948,0.0,4.978354978354979,0.31385281385281383,0.9090909090909091,0.0,7.495670995670996
LAX,Los Angeles,2025-11-01,November,Saturday,454.0,452.0,-3.325221238938053,-11.0,20.0,807.0,13.716814159292035,9.544247787610619,11.210176991150442,0.4405286343612335,0.0,4.766519823788546,0.3788546255506608,0.986784140969163,0.024229074889867842,3.5616740088105727
LAX,Los Angeles,2025-11-02,November,Sunday,550.0,546.0,11.935897435897436,-4.0,79.0,344.0,34.98168498168498,22.745421245421245,12.192307692307692,0.7272727272727273,0.0,3.409090909090909,1.0654545454545454,12.101818181818182,0.09818181818181818,5.198181818181818
LAX,Los Angeles,2025-11-03,November,Monday,534.0,531.0,-1.3145009416195856,-8.0,21.0,563.0,13.559322033898304,5.404896421845574,10.538606403013183,0.37453183520599254,0.18726591760299627,2.955056179775281,0.0,2.953183520599251,0.0,2.3820224719101124
LAX,Los Angeles,2025-11-04,November,Tuesday,485.0,485.0,-5.354639175257732,-12.0,14.0,929.0,9.896907216494846,4.369072164948453,10.03298969072165,0.0,0.0,4.138144329896908,0.0,0.7134020618556701,0.05360824742268041,2.672164948453608
LAX,Los Angeles,2025-11-05,November,Wednesday,492.0,488.0,1.8381147540983607,-9.0,20.30000000000001,916.0,12.5,9.0,11.272540983606557,0.8130081300813009,0.0,2.9735772357723578,0.0,2.065040650406504,0.0,6.7439024390243905
LAX,Los Angeles,2025-11-06,November,Thursday,552.0,547.0,9.625228519195613,-4.0,46.400000000000034,910.0,24.131627056672762,13.815356489945156,11.03290676416819,0.9057971014492754,0.0,6.836956521739131,0.08152173913043478,3.1177536231884058,0.0,6.3351449275362315
LAX,Los Angeles,2025-11-07,November,Friday,552.0,528.0,6.475378787878788,-5.0,39.0,387.0,22.727272727272727,11.579545454545455,11.515151515151516,4.3478260869565215,0.0,4.971014492753623,0.10507246376811594,1.9782608695652173,0.041666666666666664,5.574275362318841
LAX,Los Angeles,2025-11-08,November,Saturday,482.0,453.0,6.739514348785872,-5.0,62.60000000000002,217.0,23.62030905077263,10.176600441501103,11.386313465783665,6.016597510373444,0.0,4.775933609958506,0.06846473029045644,4.95850622406639,0.07261410788381743,4.087136929460581
LAX,Los Angeles,2025-11-09,November,Sunday,564.0,514.0,12.630350194552529,-3.0,67.0,815.0,28.98832684824903,20.060311284046694,11.607003891050583,8.333333333333332,0.5319148936170213,4.24468085106383,0.9680851063829787,3.221631205673759,0.0,10.00177304964539
LAX,Los Angeles,2025-11-10,November,Monday,562.0,523.0,5.866156787762907,-7.0,63.60000000000002,403.0,25.239005736137663,18.001912045889103,11.151051625239006,6.761565836298933,0.1779359430604982,5.419928825622776,0.3807829181494662,1.4128113879003559,0.0,8.274021352313166
LAX,Los Angeles,2025-11-11,November,Tuesday,498.0,469.0,-6.130063965884862,-13.0,12.0,589.0,8.528784648187633,5.164179104477612,10.968017057569297,5.8232931726907635,0.0,2.6666666666666665,0.606425702811245,1.678714859437751,0.0,1.8313253012048192
LAX,Los Angeles,2025-11-12,November,Wednesday,502.0,482.0,-9.161825726141078,-14.0,8.0,441.0,7.676348547717843,1.504149377593361,10.0,3.9840637450199203,0.0,1.547808764940239,0.0,0.47808764940239046,0.0,2.4203187250996017
LAX,Los Angeles,2025-11-13,November,Thursday,565.0,541.0,-2.756007393715342,-8.0,22.0,241.0,14.417744916820702,2.7615526802218113,10.907578558225508,4.2477876106194685,0.0,2.2725663716814157,0.2778761061946903,1.4106194690265488,0.0,2.5858407079646017
LAX,Los Angeles,2025-11-14,November,Friday,561.0,540.0,3.5444444444444443,-3.0,32.10000000000002,253.0,22.037037037037038,3.774074074074074,13.305555555555555,3.5650623885918007,0.17825311942959002,3.0053475935828877,0.12834224598930483,2.9536541889483066,0.11586452762923351,2.878787878787879
LAX,Los Angeles,2025-11-15,November,Saturday,473.0,463.0,3.205183585313175,-5.0,33.80000000000001,390.0,17.278617710583152,6.848812095032398,14.600431965442764,2.1141649048625792,0.0,4.08245243128964,0.3086680761099366,1.8435517970401691,0.0,4.33615221987315
LAX,Los Angeles,2025-11-16,November,Sunday,565.0,563.0,-0.0586145648312611,-7.0,22.80000000000001,330.0,13.676731793960922,5.868561278863233,11.982238010657193,0.35398230088495575,0.0,4.863716814159292,0.019469026548672566,1.1663716814159293,0.0,2.447787610619469
LAX,Los Angeles,2025-11-17,November,Monday,548.0,548.0,8.81021897810219,-1.0,38.0,438.0,22.81021897810219,7.1989051094890515,11.397810218978103,0.0,0.0,4.401459854014599,0.3813868613138686,3.1624087591240877,0.0,4.9489051094890515
LAX,Los Angeles,2025-11-18,November,Tuesday,498.0,497.0,-1.3259557344064385,-11.0,20.800000000000068,792.0,13.883299798792756,5.253521126760563,10.480885311871228,0.2008032128514056,0.0,4.042168674698795,0.03815261044176707,0.9096385542168675,0.0,4.341365461847389
LAX,Los Angeles,2025-11-19,November,Wednesday,504.0,503.0,-7.73558648111332,-13.0,12.800000000000011,201.0,9.145129224652088,0.8508946322067594,10.98807157057654,0.0,0.1984126984126984,1.5714285714285714,0.025793650793650792,0.7996031746031746,0.0,2.1547619047619047
LAX,Los Angeles,2025-11-20,November,Thursday,560.0,552.0,17.625,0.0,59.0,1119.0,28.985507246376812,13.985507246376812,14.88768115942029,1.4285714285714286,0.0,6.983928571428572,2.4482142857142857,6.339285714285714,0.039285714285714285,6.139285714285714
LAX,Los Angeles,2025-11-21,November,Friday,587.0,582.0,10.654639175257731,-1.0,48.799999999999955,412.0,26.288659793814436,14.02233676975945,12.623711340206185,0.8517887563884157,0.0,5.218057921635435,0.5996592844974447,2.3884156729131174,0.005110732538330494,7.551959114139693
LAX,Los Angeles,2025-11-22,November,Saturday,542.0,539.0,-5.944341372912802,-12.0,19.599999999999966,252.0,11.688311688311687,5.979591836734694,12.181818181818182,0.5535055350553505,0.0,3.1642066420664205,0.2656826568265683,0.6881918819188192,0.0,3.103321033210332
LAX,Los Angeles,2025-11-23,November,Sunday,580.0,579.0,-0.689119170984456,-8.0,31.0,321.0,16.753022452504318,6.269430051813472,13.763385146804836,0.0,0.1724137931034483,3.3913793103448278,0.6586206896551724,1.646551724137931,0.0,3.5620689655172413
LAX,Los Angeles,2025-11-24,November,Monday,569.0,565.0,2.5150442477876105,-10.0,33.0,723.0,17.168141592920357,9.791150442477877,11.805309734513274,0.35149384885764495,0.35149384885764495,5.42530755711775,1.4182776801405976,1.2741652021089631,0.0,3.9964850615114234
LAX,Los Angeles,2025-11-25,November,Tuesday,570.0,568.0,-2.0475352112676055,-12.0,16.0,1559.0,10.915492957746478,7.755281690140845,11.315140845070422,0.3508771929824561,0.0,3.7771929824561403,0.3649122807017544,0.9947368421052631,0.0,4.866666666666666
LAX,Los Angeles,2025-11-26,November,Wednesday,569.0,566.0,-2.353356890459364,-10.0,22.5,683.0,13.250883392226148,4.996466431095406,11.952296819787986,0.17574692442882248,0.35149384885764495,3.2161687170474518,0.050966608084358524,1.101933216168717,0.0,3.469244288224956
LAX,Los Angeles,2025-11-27,November,Thursday,360.0,359.0,-12.013927576601672,-17.0,2.1999999999999886,438.0,5.8495821727019495,0.2590529247910863,9.200557103064067,0.2777777777777778,0.0,2.6555555555555554,0.0,0.2388888888888889,0.0,0.9138888888888889
LAX,Los Angeles,2025-11-28,November,Friday,534.0,533.0,3.797373358348968,-7.0,23.80000000000001,820.0,14.071294559099437,9.476547842401501,11.227016885553471,0.0,0.18726591760299627,6.859550561797753,0.024344569288389514,0.9625468164794008,0.0,3.4213483146067416
LAX,Los Angeles,2025-11-29,November,Saturday,570.0,556.0,16.007194244604317,1.0,62.0,379.0,30.575539568345324,15.717625899280575,12.29136690647482,2.280701754385965,0.17543859649122806,6.450877192982456,2.2929824561403507,5.624561403508772,0.0,5.856140350877193
LAX,Los Angeles,2025-11-30,November,Sunday,598.0,583.0,26.102915951972555,9.0,80.80000000000007,1028.0,43.910806174957116,25.926243567753,11.864493996569468,2.341137123745819,0.16722408026755853,11.429765886287626,0.8193979933110368,5.362876254180602,0.006688963210702341,11.065217391304348
LAX,Los Angeles,2025-12-01,December,Monday,593.0,590.0,8.483050847457626,-5.0,47.0,562.0,23.898305084745765,17.2,11.823728813559322,0.33726812816188867,0.16863406408094433,4.802698145025295,1.4907251264755481,1.8853288364249579,0.09612141652613827,7.843170320404722
LAX,Los Angeles,2025-12-02,December,Tuesday,511.0,509.0,3.8585461689587426,-3.0,32.0,446.0,22.98624754420432,7.611001964636542,10.721021611001964,0.3913894324853229,0.0,4.524461839530333,0.0821917808219178,2.665362035225049,0.0,3.12720156555773
LAX,Los Angeles,2025-12-03,December,Wednesday,500.0,499.0,5.963927855711423,-3.0,40.0,607.0,26.853707414829657,9.414829659318638,10.913827655310621,0.2,0.0,5.528,0.5,2.5,0.032,4.954
LAX,Los Angeles,2025-12-04,December,Thursday,538.0,534.0,0.003745318352059925,-9.0,28.69999999999999,437.0,16.10486891385768,7.705992509363296,10.683520599250937,0.7434944237918215,0.0,3.7843866171003717,0.0,1.4907063197026023,0.0,4.297397769516729
LAX,Los Angeles,2025-12-05,December,Friday,537.0,534.0,-0.4700374531835206,-8.0,29.69999999999999,229.0,17.415730337078653,7.241573033707865,11.441947565543071,0.5586592178770949,0.0,3.1396648044692737,0.1191806331471136,1.4562383612662941,0.0,4.297951582867784
LAX,Los Angeles,2025-12-06,December,Saturday,473.0,470.0,0.8042553191489362,-9.5,27.100000000000023,461.0,15.957446808510639,8.12340425531915,11.96808510638298,0.6342494714587738,0.0,5.509513742071881,0.02748414376321353,1.1797040169133193,0.09936575052854123,3.678646934460888
LAX,Los Angeles,2025-12-07,December,Sunday,556.0,547.0,19.987202925045704,-5.0,72.80000000000007,1329.0,27.422303473491773,25.073126142595978,11.722120658135283,1.4388489208633095,0.1798561151079137,13.028776978417266,2.133093525179856,2.6780575539568345,0.03237410071942446,9.221223021582734
LAX,Los Angeles,2025-12-08,December,Monday,532.0,521.0,1.1017274472168905,-10.0,30.0,1071.0,16.89059500959693,12.508637236084454,12.040307101727446,2.0676691729323307,0.0,7.586466165413534,0.0,0.9135338345864662,0.06766917293233082,4.473684210526316
LAX,Los Angeles,2025-12-09,December,Tuesday,489.0,486.0,-6.067901234567901,-15.0,16.0,899.0,10.2880658436214,6.481481481481482,11.386831275720164,0.6134969325153374,0.0,5.856850715746421,0.0,0.7995910020449898,0.0,1.5480572597137015
LAX,Los Angeles,2025-12-10,December,Wednesday,493.0,491.0,-6.802443991853361,-12.0,12.0,344.0,9.164969450101832,4.674134419551935,11.537678207739308,0.0,0.4056795131845842,2.8316430020283976,0.3813387423935091,0.5436105476673428,0.0,2.1440162271805274
LAX,Los Angeles,2025-12-11,December,Thursday,539.0,538.0,-5.895910780669145,-11.0,17.30000000000001,198.0,12.639405204460965,4.092936802973978,11.758364312267657,0.1855287569573284,0.0,1.9424860853432282,0.01855287569573284,1.018552875695733,0.03525046382189239,2.6233766233766236
LAX,Los Angeles,2025-12-12,December,Friday,555.0,552.0,1.2771739130434783,-7.0,34.0,265.0,18.65942028985507,7.605072463768116,12.927536231884059,0.36036036036036034,0.18018018018018017,4.558558558558558,0.4774774774774775,1.5927927927927927,0.0,2.8378378378378377
LAX,Los Angeles,2025-12-13,December,Saturday,474.0,473.0,2.116279069767442,-7.0,36.200000000000045,306.0,18.39323467230444,8.735729386892178,11.397463002114165,0.21097046413502107,0.0,4.4957805907173,0.48945147679324896,1.5358649789029535,0.0,4.2025316455696204
LAX,Los Angeles,2025-12-14,December,Sunday,557.0,539.0,16.155844155844157,-5.0,86.0,661.0,27.087198515769945,23.679035250463823,11.092764378478664,3.231597845601436,0.0,5.863554757630162,5.026929982046679,3.509874326750449,0.02333931777378815,9.253141831238779
LAX,Los Angeles,2025-12-15,December,Monday,533.0,528.0,-4.5643939393939394,-14.0,23.0,462.0,13.636363636363635,8.924242424242424,12.284090909090908,0.9380863039399625,0.0,5.191369606003752,0.06566604127579738,1.0975609756097562,0.0,2.5422138836772983
LAX,Los Angeles,2025-12-16,December,Tuesday,492.0,487.0,-7.3347022587268995,-14.0,14.0,643.0,9.650924024640657,6.211498973305955,11.018480492813142,0.40650406504065045,0.6097560975609756,4.396341463414634,0.7987804878048781,0.5467479674796748,0.0,0.9288617886178862
LAX,Los Angeles,2025-12-17,December,Wednesday,499.0,497.0,-2.164989939637827,-8.0,21.400000000000034,149.0,14.88933601609658,5.132796780684105,11.571428571428571,0.2004008016032064,0.2004008016032064,2.6132264529058116,0.35470941883767537,1.2384769539078155,0.0,2.472945891783567
LAX,Los Angeles,2025-12-18,December,Thursday,577.0,572.0,1.6223776223776223,-6.0,33.89999999999998,232.0,19.055944055944053,8.688811188811188,13.166083916083917,0.8665511265164645,0.0,3.6949740034662044,0.22010398613518198,1.8110918544194108,0.07279029462738301,4.0
LAX,Los Angeles,2025-12-19,December,Friday,582.0,570.0,19.787719298245612,5.0,77.0,304.0,38.07017543859649,22.757894736842104,14.69122807017544,1.718213058419244,0.3436426116838488,7.178694158075602,0.7353951890034365,4.7285223367697595,0.070446735395189,11.68213058419244
LAX,Los Angeles,2025-12-20,December,Saturday,555.0,545.0,18.372477064220185,3.0,59.60000000000002,969.0,33.39449541284404,23.26238532110092,13.126605504587156,1.4414414414414414,0.36036036036036034,11.248648648648649,0.17657657657657658,4.327927927927928,0.16396396396396395,7.010810810810811
LAX,Los Angeles,2025-12-21,December,Sunday,581.0,574.0,10.902439024390244,-1.0,49.40000000000009,751.0,27.35191637630662,16.15505226480836,12.97212543554007,1.0327022375215147,0.17211703958691912,7.218588640275387,0.22375215146299485,2.8846815834767643,0.06884681583476764,6.385542168674699
LAX,Los Angeles,2025-12-22,December,Monday,581.0,574.0,5.362369337979094,-5.0,36.40000000000009,876.0,22.473867595818817,12.331010452961673,12.358885017421603,1.0327022375215147,0.17211703958691912,5.402753872633391,0.08089500860585198,1.7624784853700517,0.04819277108433735,5.8347676419965575
LAX,Los Angeles,2025-12-23,December,Tuesday,576.0,572.0,13.395104895104895,3.0,50.0,932.0,31.11888111888112,13.671328671328672,12.73951048951049,0.6944444444444444,0.0,5.501736111111111,0.1545138888888889,5.152777777777778,0.010416666666666666,7.355902777777778
LAX,Los Angeles,2025-12-24,December,Wednesday,470.0,461.0,20.13232104121475,5.0,77.0,470.0,37.744034707158356,18.887201735357916,13.613882863340564,0.6382978723404255,1.276595744680851,8.51063829787234,1.8659574468085107,7.227659574468085,0.0,7.248936170212766
LAX,Los Angeles,2025-12-25,December,Thursday,462.0,456.0,8.399122807017545,-2.0,35.0,330.0,21.929824561403507,9.092105263157896,11.868421052631579,1.2987012987012987,0.0,4.508658008658009,0.05194805194805195,3.8744588744588744,0.0,5.017316017316017
LAX,Los Angeles,2025-12-26,December,Friday,576.0,547.0,25.760511882998173,8.0,71.0,1461.0,38.75685557586837,22.82998171846435,13.983546617915906,4.340277777777778,0.6944444444444444,11.43923611111111,0.4809027777777778,8.446180555555555,0.0,6.5
LAX,Los Angeles,2025-12-27,December,Saturday,557.0,541.0,28.957486136783732,7.0,86.0,1110.0,40.110905730129396,29.393715341959336,11.767097966728281,2.6929982046678633,0.17953321364452424,12.531418312387792,2.3967684021543985,5.3985637342908435,0.13464991023339318,10.888689407540395
LAX,Los Angeles,2025-12-28,December,Sunday,577.0,563.0,21.133214920071048,2.0,68.80000000000001,978.0,34.9911190053286,24.657193605683837,11.454706927175843,2.4263431542461005,0.0,12.512998266897746,0.4696707105719237,3.9150779896013863,0.03119584055459272,8.395147313691508
LAX,Los Angeles,2025-12-29,December,Monday,582.0,574.0,12.993031358885018,-4.0,52.700000000000045,778.0,28.222996515679444,21.614982578397214,11.125435540069686,1.3745704467353952,0.0,9.608247422680412,0.42439862542955326,1.6855670103092784,0.0,8.15979381443299
LAX,Los Angeles,2025-12-30,December,Tuesday,581.0,577.0,15.29636048526863,2.0,50.19999999999993,1628.0,30.329289428076255,17.960138648180244,12.532062391681109,0.6884681583476765,0.0,9.621342512908779,1.9208261617900173,2.7314974182444063,0.0,4.974182444061962
LAX,Los Angeles,2025-12-31,December,Wednesday,509.0,504.0,8.271825396825397,-1.0,42.69999999999999,487.0,26.58730158730159,12.988095238095237,12.468253968253968,0.7858546168958742,0.19646365422396855,6.078585461689587,1.5284872298624754,2.630648330058939,0.0019646365422396855,3.7681728880157173
MCO,Orlando,2025-01-01,January,Wednesday,416.0,414.0,2.5603864734299515,-9.0,37.39999999999998,283.0,17.14975845410628,8.053140096618357,11.045893719806763,0.4807692307692308,0.0,4.165865384615385,0.0,1.8076923076923077,0.0,5.319711538461538
MCO,Orlando,2025-01-02,January,Thursday,485.0,484.0,5.099173553719008,-5.5,32.69999999999999,599.0,18.181818181818183,10.644628099173554,11.264462809917354,0.2061855670103093,0.0,5.43298969072165,0.27010309278350514,1.8824742268041237,0.002061855670103093,4.74020618556701
MCO,Orlando,2025-01-03,January,Friday,476.0,476.0,4.052521008403361,-8.0,40.0,323.0,20.798319327731093,14.035714285714286,11.451680672268907,0.0,0.0,4.796218487394958,0.0,1.7016806722689075,0.0,7.144957983193278
MCO,Orlando,2025-01-04,January,Saturday,499.0,494.0,13.05668016194332,-3.0,61.69999999999999,511.0,31.376518218623485,21.27327935222672,12.433198380566802,1.002004008016032,0.0,4.681362725450902,0.657314629258517,3.302605210420842,0.1062124248496994,11.793587174348698
MCO,Orlando,2025-01-05,January,Sunday,486.0,468.0,17.055555555555557,3.0,69.90000000000003,472.0,34.82905982905983,19.314102564102566,11.938034188034187,3.7037037037037033,0.0,6.224279835390947,1.1790123456790123,5.183127572016461,0.0102880658436214,8.25514403292181
MCO,Orlando,2025-01-06,January,Monday,449.0,409.0,40.01711491442543,12.0,124.39999999999998,748.0,45.965770171149146,35.33740831295844,10.053789731051344,8.908685968819599,0.0,4.955456570155902,4.959910913140312,9.616926503340757,0.0,19.106904231625837
MCO,Orlando,2025-01-07,January,Tuesday,368.0,353.0,3.1671388101983005,-7.0,37.80000000000001,250.0,20.396600566572236,11.592067988668555,9.628895184135978,4.076086956521739,0.0,5.279891304347826,0.04891304347826087,1.5353260869565217,0.0,4.1521739130434785
MCO,Orlando,2025-01-08,January,Wednesday,367.0,367.0,-5.70299727520436,-11.0,18.400000000000034,222.0,11.1716621253406,4.931880108991826,9.389645776566757,0.0,0.0,1.9591280653950953,0.21798365122615804,0.8828337874659401,0.0,2.662125340599455
MCO,Orlando,2025-01-09,January,Thursday,422.0,405.0,-0.6197530864197531,-11.0,30.0,474.0,18.02469135802469,10.861728395061728,10.62716049382716,4.028436018957346,0.0,4.312796208530806,1.3222748815165877,1.995260663507109,0.0,3.2109004739336493
MCO,Orlando,2025-01-10,January,Friday,433.0,392.0,16.318877551020407,-5.0,54.7000000000001,964.0,25.255102040816325,18.678571428571427,10.887755102040817,9.468822170900692,0.0,4.20554272517321,5.145496535796767,5.187066974595843,0.0,6.7390300230946885
MCO,Orlando,2025-01-11,January,Saturday,411.0,395.0,12.739240506329114,-4.0,72.60000000000002,298.0,31.39240506329114,16.430379746835442,10.853164556962025,3.8929440389294405,0.0,8.4330900243309,0.5206812652068127,5.7128953771289535,0.0,5.40389294403893
MCO,Orlando,2025-01-12,January,Sunday,451.0,451.0,2.0509977827050996,-9.0,40.0,393.0,19.06873614190687,10.121951219512194,10.432372505543237,0.0,0.0,4.583148558758315,0.05543237250554324,1.9467849223946785,0.0,5.88470066518847
MCO,Orlando,2025-01-13,January,Monday,428.0,428.0,-4.602803738317757,-12.0,15.0,197.0,10.2803738317757,1.855140186915888,9.80607476635514,0.0,0.0,2.5794392523364484,0.16822429906542055,0.8738317757009346,0.08644859813084112,2.457943925233645
MCO,Orlando,2025-01-14,January,Tuesday,358.0,357.0,-3.380952380952381,-10.0,11.400000000000034,493.0,8.96358543417367,1.7282913165266107,9.22689075630252,0.27932960893854747,0.0,3.4553072625698324,0.07541899441340782,1.1899441340782122,0.0,1.2150837988826815
MCO,Orlando,2025-01-15,January,Wednesday,364.0,364.0,-5.835164835164835,-10.5,12.0,179.0,8.791208791208792,3.17032967032967,9.032967032967033,0.0,0.0,3.480769230769231,0.0,0.3873626373626374,0.12912087912087913,0.9587912087912088
MCO,Orlando,2025-01-16,January,Thursday,438.0,436.0,-0.6995412844036697,-12.0,25.0,539.0,14.220183486238533,8.431192660550458,9.786697247706423,0.228310502283105,0.228310502283105,2.146118721461187,0.07990867579908675,2.6963470319634704,0.0,5.8744292237442925
MCO,Orlando,2025-01-17,January,Friday,448.0,447.0,-5.823266219239374,-14.0,19.0,274.0,12.080536912751679,7.532438478747204,10.557046979865772,0.2232142857142857,0.0,3.6986607142857144,0.421875,0.8816964285714286,0.0,2.392857142857143
MCO,Orlando,2025-01-18,January,Saturday,408.0,408.0,-6.428921568627451,-11.0,11.300000000000011,247.0,8.57843137254902,2.4558823529411766,10.154411764705882,0.0,0.0,2.110294117647059,0.0,0.9117647058823529,0.0,1.2916666666666667
MCO,Orlando,2025-01-19,January,Sunday,424.0,407.0,23.061425061425062,8.0,66.2000000000001,1190.0,41.52334152334152,14.577395577395578,10.818181818181818,4.009433962264151,0.0,4.403301886792453,3.9622641509433962,11.287735849056604,0.0,5.686320754716981
MCO,Orlando,2025-01-20,January,Monday,446.0,438.0,13.981735159817351,2.0,52.60000000000002,541.0,32.87671232876712,14.029680365296803,10.36986301369863,1.7937219730941705,0.0,5.701793721973094,1.2780269058295963,4.952914798206278,0.01569506726457399,6.125560538116592
MCO,Orlando,2025-01-21,January,Tuesday,360.0,337.0,21.166172106824927,7.0,67.40000000000003,440.0,38.57566765578635,14.172106824925816,10.801186943620179,6.388888888888888,0.0,5.711111111111111,4.013888888888889,8.16388888888889,0.0,4.588888888888889
MCO,Orlando,2025-01-22,January,Wednesday,364.0,347.0,13.596541786743515,-2.0,47.400000000000034,932.0,26.801152737752158,16.86743515850144,9.853025936599424,4.670329670329671,0.0,7.035714285714286,3.087912087912088,3.3104395604395602,0.0,6.065934065934066
MCO,Orlando,2025-01-23,January,Thursday,427.0,419.0,15.093078758949881,4.0,50.599999999999966,455.0,32.4582338902148,12.20763723150358,11.238663484486873,1.873536299765808,0.0,4.948477751756441,0.6697892271662763,5.124121779859485,0.10070257611241218,6.885245901639344
MCO,Orlando,2025-01-24,January,Friday,436.0,433.0,5.286374133949192,-2.0,38.0,300.0,24.018475750577366,6.454965357967668,10.392609699769054,0.6880733944954129,0.0,4.243119266055046,0.1559633027522936,3.873853211009174,0.0,3.282110091743119
MCO,Orlando,2025-01-25,January,Saturday,412.0,412.0,-8.87378640776699,-15.0,12.900000000000034,306.0,8.737864077669903,1.8883495145631068,10.264563106796116,0.0,0.0,3.2233009708737863,0.0,0.6116504854368932,0.03640776699029126,0.9611650485436893
MCO,Orlando,2025-01-26,January,Sunday,456.0,454.0,-7.658590308370044,-14.0,7.0,372.0,7.048458149779736,3.828193832599119,10.138766519823788,0.43859649122807015,0.0,3.151315789473684,0.07675438596491228,0.18859649122807018,0.0,2.004385964912281
MCO,Orlando,2025-01-27,January,Monday,432.0,432.0,-13.356481481481481,-19.0,9.900000000000034,252.0,7.87037037037037,1.3842592592592593,9.918981481481481,0.0,0.0,1.7592592592592593,0.0,0.6203703703703703,0.011574074074074073,2.314814814814815
MCO,Orlando,2025-01-28,January,Tuesday,360.0,360.0,-18.225,-21.0,-2.0,119.0,4.722222222222222,-1.6972222222222222,9.036111111111111,0.0,0.0,1.0833333333333333,0.0,0.4777777777777778,0.0,0.5111111111111111
MCO,Orlando,2025-01-29,January,Wednesday,367.0,366.0,-12.6448087431694,-17.0,6.5,155.0,5.46448087431694,-0.907103825136612,9.204918032786885,0.2724795640326975,0.0,1.4741144414168936,0.0,0.784741144414169,0.0,0.5776566757493188
MCO,Orlando,2025-01-30,January,Thursday,426.0,419.0,-6.4534606205250595,-13.0,16.0,246.0,10.739856801909307,5.052505966587113,9.575178997613365,1.643192488262911,0.0,2.795774647887324,0.03051643192488263,1.0657276995305165,0.0,2.464788732394366
MCO,Orlando,2025-01-31,January,Friday,435.0,435.0,-2.3701149425287356,-9.0,17.0,265.0,11.724137931034482,4.07816091954023,9.64367816091954,0.0,0.0,2.3080459770114943,0.6091954022988506,0.8,0.0,3.0344827586206895
MCO,Orlando,2025-02-01,February,Saturday,413.0,411.0,-2.9586374695863746,-12.0,17.0,671.0,11.435523114355231,5.635036496350365,10.389294403892944,0.0,0.48426150121065376,2.828087167070218,0.6150121065375302,1.2445520581113803,0.0,3.9782082324455206
MCO,Orlando,2025-02-02,February,Sunday,456.0,454.0,-3.306167400881057,-13.0,25.69999999999999,359.0,14.096916299559473,5.5506607929515415,11.676211453744493,0.43859649122807015,0.0,4.692982456140351,0.07236842105263158,1.6535087719298245,0.0,2.3947368421052633
MCO,Orlando,2025-02-03,February,Monday,432.0,430.0,-4.267441860465116,-13.0,23.0,311.0,14.186046511627906,4.625581395348838,12.07906976744186,0.23148148148148145,0.23148148148148145,3.462962962962963,0.0,1.587962962962963,0.0,3.175925925925926
MCO,Orlando,2025-02-04,February,Tuesday,360.0,360.0,-12.21111111111111,-17.0,3.0,276.0,4.444444444444445,-0.06666666666666667,10.23611111111111,0.0,0.0,1.7777777777777777,0.17222222222222222,0.10555555555555556,0.0,1.711111111111111
MCO,Orlando,2025-02-05,February,Wednesday,366.0,366.0,-12.745901639344263,-16.0,6.5,146.0,5.46448087431694,-0.5491803278688525,9.631147540983607,0.0,0.0,1.366120218579235,0.0,0.6311475409836066,0.0,0.8060109289617486
MCO,Orlando,2025-02-06,February,Thursday,439.0,427.0,-1.5971896955503513,-11.0,27.0,628.0,15.690866510538642,9.77751756440281,9.978922716627634,2.733485193621868,0.0,2.1776765375854215,0.6241457858769932,1.9202733485193622,0.0,5.42369020501139
MCO,Orlando,2025-02-07,February,Friday,452.0,452.0,-10.002212389380531,-14.0,12.0,291.0,9.070796460176991,3.1106194690265485,10.836283185840708,0.0,0.0,2.019911504424779,0.015486725663716814,0.3053097345132743,0.0,1.9424778761061947
MCO,Orlando,2025-02-08,February,Saturday,411.0,400.0,-8.6425,-15.0,12.0,367.0,8.75,3.645,10.755,2.4330900243309004,0.24330900243309003,1.9197080291970803,0.41849148418491483,1.586374695863747,0.0,1.8637469586374695
MCO,Orlando,2025-02-09,February,Sunday,428.0,415.0,1.2433734939759036,-10.0,28.0,588.0,15.66265060240964,9.739759036144578,10.602409638554217,3.0373831775700935,0.0,2.0093457943925235,0.205607476635514,1.6331775700934579,0.04439252336448598,7.735981308411215
MCO,Orlando,2025-02-10,February,Monday,443.0,442.0,-2.3642533936651584,-10.5,24.900000000000034,293.0,13.800904977375566,6.6968325791855206,12.355203619909503,0.0,0.2257336343115124,3.2121896162528216,0.0,1.4740406320541761,0.033860045146726865,3.5620767494356658
MCO,Orlando,2025-02-11,February,Tuesday,361.0,359.0,-5.334261838440112,-11.0,17.0,272.0,11.420612813370473,2.367688022284123,9.206128133704736,0.554016620498615,0.0,1.7202216066481995,0.9335180055401662,1.634349030470914,0.0110803324099723,1.9002770083102494
MCO,Orlando,2025-02-12,February,Wednesday,395.0,392.0,10.01530612244898,-1.0,50.600000000000136,435.0,30.102040816326532,8.910714285714286,9.556122448979592,0.7594936708860759,0.0,4.883544303797469,0.9468354430379747,5.650632911392405,0.0,3.9265822784810127
MCO,Orlando,2025-02-13,February,Thursday,488.0,477.0,43.463312368972744,19.0,113.80000000000007,747.0,55.76519916142557,35.867924528301884,10.771488469601676,0.4098360655737705,1.8442622950819672,5.762295081967213,0.819672131147541,18.92827868852459,0.0,18.077868852459016
MCO,Orlando,2025-02-14,February,Friday,498.0,494.0,10.018218623481781,-3.0,47.0,527.0,24.696356275303643,14.76923076923077,10.878542510121457,0.8032128514056224,0.0,4.381526104417671,0.7289156626506024,3.6867469879518073,0.07028112449799197,7.293172690763052
MCO,Orlando,2025-02-15,February,Saturday,500.0,497.0,19.080482897384307,5.0,56.80000000000007,447.0,37.42454728370221,17.269617706237426,11.283702213279678,0.6,0.0,7.148,0.588,7.232,0.0,7.338
MCO,Orlando,2025-02-16,February,Sunday,486.0,439.0,81.99316628701594,57.0,205.2,672.0,68.3371298405467,72.40318906605923,12.656036446469248,9.670781893004115,0.0,13.271604938271604,4.347736625514403,35.806584362139915,0.030864197530864196,22.32304526748971
MCO,Orlando,2025-02-17,February,Monday,495.0,481.0,52.34511434511435,23.0,134.0,866.0,59.87525987525988,50.66112266112266,11.432432432432432,2.8282828282828283,0.0,12.973737373737373,0.501010101010101,22.22828282828283,0.03838383838383838,17.2989898989899
MCO,Orlando,2025-02-18,February,Tuesday,445.0,444.0,11.621621621621621,-2.5,52.0,855.0,26.126126126126124,16.57207207207207,9.95945945945946,0.22471910112359553,0.0,7.651685393258427,1.5887640449438203,2.662921348314607,0.10337078651685393,5.4584269662921345
MCO,Orlando,2025-02-19,February,Wednesday,427.0,420.0,13.276190476190477,5.0,48.10000000000002,441.0,33.80952380952381,9.530952380952382,10.278571428571428,1.405152224824356,0.234192037470726,4.081967213114754,0.8548009367681498,6.629976580796253,0.0351288056206089,4.48711943793911
MCO,Orlando,2025-02-20,February,Thursday,478.0,474.0,10.533755274261603,2.0,47.0,331.0,32.278481012658226,11.373417721518987,10.333333333333334,0.8368200836820083,0.0,3.9456066945606696,0.42677824267782427,4.52510460251046,0.043933054393305436,6.311715481171548
MCO,Orlando,2025-02-21,February,Friday,499.0,498.0,-1.465863453815261,-8.0,24.30000000000001,185.0,15.66265060240964,5.736947791164659,10.29718875502008,0.2004008016032064,0.0,2.4889779559118237,0.1963927855711423,1.3406813627254508,0.0,3.070140280561122
MCO,Orlando,2025-02-22,February,Saturday,498.0,498.0,-5.341365461847389,-13.0,14.300000000000011,853.0,10.040160642570282,5.763052208835341,10.122489959839358,0.0,0.0,3.5522088353413657,0.12650602409638553,0.9236947791164659,0.01606425702811245,2.9156626506024095
MCO,Orlando,2025-02-23,February,Sunday,495.0,494.0,-3.1558704453441297,-10.0,22.69999999999999,243.0,13.96761133603239,4.279352226720648,11.417004048582996,0.0,0.20202020202020202,3.7232323232323234,0.0,1.5616161616161617,0.028282828282828285,1.8464646464646464
MCO,Orlando,2025-02-24,February,Monday,484.0,484.0,-0.07644628099173553,-8.0,18.0,600.0,13.016528925619836,5.047520661157025,11.956611570247935,0.0,0.0,3.334710743801653,0.0,0.9545454545454546,0.0,4.68801652892562
MCO,Orlando,2025-02-25,February,Tuesday,422.0,421.0,-6.688836104513064,-14.0,15.0,641.0,10.688836104513063,2.4323040380047507,10.46793349168646,0.0,0.23696682464454977,1.2654028436018958,0.11848341232227488,1.014218009478673,0.061611374407582936,4.281990521327014
MCO,Orlando,2025-02-26,February,Wednesday,422.0,422.0,-15.035545023696683,-20.0,2.0,309.0,5.687203791469194,0.966824644549763,10.068720379146919,0.0,0.0,1.680094786729858,0.0071090047393364926,0.20853080568720378,0.0,1.938388625592417
MCO,Orlando,2025-02-27,February,Thursday,486.0,485.0,-1.5608247422680412,-12.0,23.0,609.0,14.22680412371134,9.263917525773197,10.418556701030928,0.205761316872428,0.0,5.8312757201646095,0.35185185185185186,1.02880658436214,0.0,3.380658436213992
MCO,Orlando,2025-02-28,February,Friday,494.0,494.0,-8.643724696356275,-14.5,13.0,257.0,9.31174089068826,3.3704453441295548,10.135627530364372,0.0,0.0,2.919028340080972,0.0,0.4149797570850202,0.0,1.591093117408907
MCO,Orlando,2025-03-01,March,Saturday,497.0,495.0,-3.4909090909090907,-12.0,20.0,228.0,12.323232323232324,5.238383838383839,10.73939393939394,0.4024144869215292,0.0,2.442655935613682,0.03219315895372234,2.271629778672032,0.0,2.839034205231388
MCO,Orlando,2025-03-02,March,Sunday,490.0,489.0,-4.967280163599182,-14.0,27.19999999999999,456.0,14.11042944785276,9.875255623721882,10.110429447852761,0.20408163265306123,0.0,3.951020408163265,0.0,0.4061224489795918,0.0,4.228571428571429
MCO,Orlando,2025-03-03,March,Monday,478.0,475.0,-2.602105263157895,-17.0,35.200000000000045,934.0,12.421052631578949,14.795789473684211,9.865263157894736,0.6276150627615062,0.0,6.822175732217573,0.05439330543933055,0.18619246861924685,0.0,7.002092050209205
MCO,Orlando,2025-03-04,March,Tuesday,419.0,412.0,-6.856796116504855,-16.0,16.900000000000034,283.0,11.165048543689322,6.966019417475728,9.216019417475728,1.6706443914081146,0.0,3.441527446300716,0.5369928400954654,1.0692124105011933,0.0,3.98090692124105
MCO,Orlando,2025-03-05,March,Wednesday,424.0,420.0,6.866666666666666,-4.0,46.200000000000045,407.0,22.380952380952383,12.321428571428571,9.411904761904761,0.7075471698113208,0.2358490566037736,4.497641509433962,1.0589622641509433,2.4882075471698113,0.0,6.009433962264151
MCO,Orlando,2025-03-06,March,Thursday,486.0,486.0,-7.473251028806584,-16.0,25.0,280.0,13.786008230452676,8.687242798353909,10.495884773662551,0.0,0.0,3.174897119341564,0.037037037037037035,1.2983539094650205,0.0,3.1666666666666665
MCO,Orlando,2025-03-07,March,Friday,496.0,495.0,-6.511111111111111,-16.0,30.800000000000068,482.0,14.14141414141414,9.286868686868686,9.303030303030303,0.20161290322580644,0.0,3.318548387096774,0.004032258064516129,0.6915322580645161,0.0,4.82258064516129
MCO,Orlando,2025-03-08,March,Saturday,517.0,514.0,-2.159533073929961,-12.0,30.69999999999999,334.0,14.202334630350194,7.832684824902723,10.945525291828794,0.3868471953578337,0.19342359767891684,2.9516441005802707,0.46421663442940037,0.8549323017408124,0.019342359767891684,5.088974854932302
MCO,Orlando,2025-03-09,March,Sunday,505.0,504.0,17.49206349206349,2.0,56.0,1042.0,34.523809523809526,19.956349206349206,10.86111111111111,0.19801980198019803,0.0,7.928712871287129,0.0,4.716831683168317,0.005940594059405941,8.66930693069307
MCO,Orlando,2025-03-10,March,Monday,494.0,488.0,9.514344262295081,-4.0,41.30000000000001,1001.0,23.15573770491803,13.295081967213115,10.008196721311476,1.214574898785425,0.0,3.317813765182186,0.0,3.222672064777328,0.0,9.765182186234817
MCO,Orlando,2025-03-11,March,Tuesday,449.0,447.0,-14.049217002237137,-19.0,4.400000000000034,761.0,6.7114093959731544,2.6577181208053693,9.053691275167786,0.22271714922048996,0.22271714922048996,1.1959910913140313,0.0,0.22048997772828507,0.0,3.4654788418708242
MCO,Orlando,2025-03-12,March,Wednesday,452.0,452.0,-11.81637168141593,-16.0,4.0,220.0,5.0884955752212395,1.584070796460177,10.214601769911505,0.0,0.0,1.584070796460177,0.0,0.42035398230088494,0.0,1.9314159292035398
MCO,Orlando,2025-03-13,March,Thursday,489.0,489.0,-6.930470347648262,-15.0,14.399999999999977,342.0,10.020449897750511,5.505112474437627,10.002044989775051,0.0,0.0,3.588957055214724,0.0,0.7914110429447853,0.0,2.9775051124744376
MCO,Orlando,2025-03-14,March,Friday,498.0,493.0,-4.882352941176471,-15.0,21.80000000000001,884.0,12.57606490872211,9.415821501014198,10.328600405679513,1.0040160642570282,0.0,3.5642570281124497,0.06827309236947791,0.3293172690763052,0.0,6.06425702811245
MCO,Orlando,2025-03-15,March,Saturday,525.0,525.0,19.706666666666667,2.0,74.20000000000005,678.0,33.904761904761905,20.102857142857143,12.196190476190477,0.0,0.0,4.365714285714286,0.2780952380952381,7.8723809523809525,0.0,12.746666666666666
MCO,Orlando,2025-03-16,March,Sunday,504.0,434.0,115.23271889400921,70.0,258.09999999999997,1334.0,78.3410138248848,100.40783410138249,15.534562211981568,13.88888888888889,0.0,23.34722222222222,1.7023809523809523,50.50396825396825,0.0,24.24404761904762
MCO,Orlando,2025-03-17,March,Monday,496.0,485.0,15.911340206185567,-1.0,68.00000000000011,618.0,25.773195876288657,25.437113402061854,11.327835051546392,2.217741935483871,0.0,7.372983870967742,0.0,1.8245967741935485,0.0,12.768145161290322
MCO,Orlando,2025-03-18,March,Tuesday,448.0,448.0,-12.245535714285714,-17.0,13.0,433.0,8.928571428571429,5.404017857142857,10.399553571428571,0.0,0.0,2.890625,0.0,0.22098214285714285,0.0,2.3839285714285716
MCO,Orlando,2025-03-19,March,Wednesday,453.0,449.0,-11.703786191536748,-18.0,12.0,211.0,9.799554565701559,3.8730512249443207,9.614699331848552,0.8830022075055187,0.0,1.869757174392936,0.30022075055187636,0.445916114790287,0.0,2.750551876379691
MCO,Orlando,2025-03-20,March,Thursday,492.0,491.0,1.629327902240326,-7.0,24.0,867.0,15.071283095723015,7.69857433808554,10.189409368635438,0.20325203252032523,0.0,4.178861788617886,0.21341463414634146,1.4573170731707317,0.0,4.32520325203252
MCO,Orlando,2025-03-21,March,Friday,502.0,500.0,1.122,-13.0,25.0,863.0,15.2,11.716,10.182,0.199203187250996,0.199203187250996,5.964143426294821,0.0,1.1752988047808766,0.0,5.603585657370518
MCO,Orlando,2025-03-22,March,Saturday,529.0,529.0,-1.7618147448015122,-10.0,24.19999999999999,419.0,15.500945179584122,6.351606805293006,11.011342155009451,0.0,0.0,3.1625708884688093,0.0,1.1550094517958411,0.0,3.56710775047259
MCO,Orlando,2025-03-23,March,Sunday,505.0,504.0,-0.45436507936507936,-9.0,23.0,346.0,15.476190476190476,7.595238095238095,10.003968253968255,0.0,0.19801980198019803,3.9742574257425742,0.0,1.120792079207921,0.02178217821782178,3.9346534653465346
MCO,Orlando,2025-03-24,March,Monday,497.0,497.0,13.76056338028169,-1.0,45.400000000000034,630.0,27.364185110663986,15.720321931589536,10.088531187122737,0.0,0.0,4.561368209255533,0.7686116700201208,2.881287726358149,0.04627766599597585,10.368209255533198
MCO,Orlando,2025-03-25,March,Tuesday,449.0,447.0,-7.570469798657718,-13.0,14.400000000000034,301.0,10.06711409395973,0.6062639821029083,9.156599552572708,0.22271714922048996,0.22271714922048996,1.5167037861915367,1.0200445434298442,1.1314031180400892,0.0,1.2850779510022272
MCO,Orlando,2025-03-26,March,Wednesday,455.0,455.0,-8.804395604395605,-13.0,9.0,249.0,7.6923076923076925,1.7692307692307692,9.276923076923078,0.0,0.0,2.5384615384615383,0.04835164835164835,0.4087912087912088,0.0,1.4285714285714286
MCO,Orlando,2025-03-27,March,Thursday,490.0,490.0,-11.538775510204081,-15.0,9.0,176.0,6.73469387755102,1.6387755102040817,10.340816326530613,0.0,0.0,1.3061224489795917,0.0,0.45510204081632655,0.0,1.4591836734693877
MCO,Orlando,2025-03-28,March,Friday,500.0,499.0,-7.082164328657314,-14.0,20.0,218.0,12.625250501002002,5.486973947895792,9.585170340681362,0.2,0.0,2.64,0.1,0.902,0.0,3.848
MCO,Orlando,2025-03-29,March,Saturday,530.0,529.0,-1.1928166351606806,-11.0,35.0,278.0,14.366729678638942,7.374291115311909,10.31758034026465,0.0,0.18867924528301888,3.0962264150943395,0.0,1.2075471698113207,0.0,5.981132075471698
MCO,Orlando,2025-03-30,March,Sunday,507.0,475.0,57.833684210526314,33.0,156.20000000000005,1058.0,59.15789473684211,48.48,13.705263157894738,4.536489151873767,1.7751479289940828,8.08284023668639,4.747534516765286,28.554240631163708,0.0,15.936883629191321
MCO,Orlando,2025-03-31,March,Monday,492.0,445.0,90.33258426966292,66.0,211.00000000000023,922.0,67.86516853932584,85.47865168539326,11.557303370786517,9.34959349593496,0.20325203252032523,13.174796747967479,3.930894308943089,47.75,0.0,19.254065040650406
MCO,Orlando,2025-04-01,April,Tuesday,466.0,431.0,6.058004640371229,-7.0,50.0,360.0,22.73781902552204,9.893271461716937,12.359628770301624,1.7167381974248928,5.793991416309012,4.407725321888412,0.0,4.100858369098712,0.0,4.965665236051502
MCO,Orlando,2025-04-02,April,Wednesday,466.0,459.0,13.405228758169935,-5.0,70.0,566.0,26.57952069716776,15.677559912854031,8.923747276688454,1.502145922746781,0.0,4.776824034334764,0.9356223175965666,6.227467811158799,0.0,9.742489270386265
MCO,Orlando,2025-04-03,April,Thursday,498.0,492.0,6.178861788617886,-5.0,49.7000000000001,291.0,24.1869918699187,13.101626016260163,9.880081300813009,1.2048192771084338,0.0,3.929718875502008,0.4738955823293173,1.9518072289156627,0.0,7.819277108433735
MCO,Orlando,2025-04-04,April,Friday,501.0,498.0,10.803212851405622,-3.0,53.60000000000002,696.0,27.510040160642568,12.77710843373494,9.985943775100402,0.39920159680638717,0.19960079840319359,5.56686626746507,0.44510978043912175,5.151696606786427,0.021956087824351298,7.1017964071856285
MCO,Orlando,2025-04-05,April,Saturday,528.0,522.0,10.17624521072797,-4.0,58.900000000000034,476.0,25.478927203065133,12.647509578544062,10.333333333333334,0.946969696969697,0.1893939393939394,3.600378787878788,1.4147727272727273,4.524621212121212,0.0,8.56060606060606
MCO,Orlando,2025-04-06,April,Sunday,514.0,507.0,11.116370808678502,-1.0,50.0,314.0,26.82445759368836,12.927021696252465,10.481262327416173,1.1673151750972763,0.19455252918287938,6.4494163424124515,0.5622568093385214,2.7782101167315174,0.0,6.61284046692607
MCO,Orlando,2025-04-07,April,Monday,496.0,495.0,18.74141414141414,3.0,63.0,547.0,33.73737373737374,14.81010101010101,10.088888888888889,0.20161290322580644,0.0,7.459677419354839,0.5745967741935484,5.401209677419355,0.0,7.76008064516129
MCO,Orlando,2025-04-08,April,Tuesday,447.0,445.0,13.498876404494382,0.0,56.200000000000045,425.0,35.50561797752809,9.343820224719101,10.18876404494382,0.44742729306487694,0.0,3.70917225950783,0.2371364653243848,7.570469798657718,0.0,7.252796420581656
MCO,Orlando,2025-04-09,April,Wednesday,433.0,432.0,1.6041666666666667,-6.0,29.0,369.0,18.287037037037038,6.782407407407407,10.164351851851851,0.23094688221709006,0.0,3.5889145496535795,0.24480369515011546,2.4318706697459582,0.0,2.8983833718244805
MCO,Orlando,2025-04-10,April,Thursday,491.0,487.0,6.675564681724846,-2.0,35.0,441.0,26.488706365503077,8.316221765913758,10.262833675564682,0.8146639511201629,0.0,3.0570264765784114,0.16089613034623218,3.621181262729124,0.0855397148676171,5.6232179226069245
MCO,Orlando,2025-04-11,April,Friday,491.0,490.0,9.361224489795918,-2.5,47.0,748.0,24.897959183673468,11.312244897959184,10.159183673469387,0.0,0.20366598778004072,4.5560081466395115,0.06720977596741344,4.509164969450102,0.048879837067209775,6.020366598778004
MCO,Orlando,2025-04-12,April,Saturday,496.0,494.0,-1.4757085020242915,-10.0,25.69999999999999,325.0,13.96761133603239,7.694331983805668,11.204453441295547,0.20161290322580644,0.20161290322580644,3.2278225806451615,0.012096774193548387,1.5625,0.0,4.125
MCO,Orlando,2025-04-13,April,Sunday,501.0,499.0,-1.3166332665330662,-12.0,17.19999999999999,768.0,12.024048096192384,12.090180360721442,11.09619238476954,0.39920159680638717,0.0,2.18562874251497,0.0,0.8622754491017964,0.029940119760479042,8.776447105788423
MCO,Orlando,2025-04-14,April,Monday,485.0,484.0,-6.008264462809917,-12.0,12.0,266.0,8.47107438016529,3.6983471074380163,10.611570247933884,0.2061855670103093,0.0,2.136082474226804,0.30721649484536084,0.4536082474226804,0.0,2.2845360824742267
MCO,Orlando,2025-04-15,April,Tuesday,436.0,436.0,-6.277522935779817,-10.0,14.0,207.0,9.862385321100918,1.834862385321101,9.392201834862385,0.0,0.0,1.6605504587155964,0.0,1.018348623853211,0.0,1.8876146788990826
MCO,Orlando,2025-04-16,April,Wednesday,434.0,434.0,-7.131336405529954,-14.0,11.699999999999989,265.0,8.986175115207374,4.974654377880184,10.235023041474655,0.0,0.0,3.2557603686635943,0.0,0.271889400921659,0.0,2.6705069124423964
MCO,Orlando,2025-04-17,April,Thursday,494.0,494.0,-4.421052631578948,-12.0,20.69999999999999,722.0,12.145748987854251,7.3582995951417,10.327935222672064,0.0,0.0,2.210526315789474,0.0,1.271255060728745,0.0,4.125506072874494
MCO,Orlando,2025-04-18,April,Friday,494.0,490.0,-5.506122448979592,-13.0,18.0,259.0,10.612244897959183,6.171428571428572,10.714285714285714,0.8097165991902834,0.0,1.3016194331983806,0.0,0.5323886639676113,0.0,5.325910931174089
MCO,Orlando,2025-04-19,April,Saturday,498.0,497.0,-2.1448692152917506,-12.0,28.0,963.0,13.883299798792756,7.253521126760563,11.406438631790744,0.2008032128514056,0.0,5.07429718875502,0.12650602409638553,1.2911646586345382,0.0,4.092369477911647
MCO,Orlando,2025-04-20,April,Sunday,507.0,505.0,0.8851485148514852,-8.0,29.600000000000023,328.0,15.643564356435643,6.061386138613861,10.807920792079209,0.39447731755424065,0.0,4.199211045364891,0.39250493096646943,1.2504930966469427,0.0,4.122287968441815
MCO,Orlando,2025-04-21,April,Monday,485.0,484.0,14.28305785123967,-1.0,63.49999999999994,606.0,28.719008264462808,17.260330578512395,11.768595041322314,0.2061855670103093,0.0,3.193814432989691,0.8680412371134021,3.0371134020618555,0.008247422680412371,13.022680412371134
MCO,Orlando,2025-04-22,April,Tuesday,410.0,410.0,-6.519512195121951,-13.0,13.0,358.0,9.024390243902438,2.1146341463414635,9.44390243902439,0.0,0.0,1.3439024390243903,0.06585365853658537,0.33414634146341465,0.024390243902439025,3.6146341463414635
MCO,Orlando,2025-04-23,April,Wednesday,413.0,413.0,1.036319612590799,-9.0,35.80000000000001,385.0,16.222760290556902,9.13317191283293,9.527845036319613,0.0,0.0,4.491525423728813,0.7239709443099274,1.1016949152542372,0.0,4.263922518159807
MCO,Orlando,2025-04-24,April,Thursday,472.0,470.0,1.251063829787234,-9.5,30.200000000000045,365.0,17.23404255319149,9.73404255319149,10.180851063829786,0.423728813559322,0.0,2.6822033898305087,0.4449152542372881,1.5911016949152543,0.0,5.9724576271186445
MCO,Orlando,2025-04-25,April,Friday,483.0,482.0,0.6016597510373444,-6.0,32.0,248.0,19.294605809128633,8.464730290456432,10.66804979253112,0.0,0.2070393374741201,3.2939958592132506,0.33747412008281574,1.544513457556936,0.051759834368530024,3.813664596273292
MCO,Orlando,2025-04-26,April,Saturday,463.0,462.0,1.1904761904761905,-10.0,25.0,1022.0,14.06926406926407,8.346320346320347,10.404761904761905,0.21598272138228944,0.0,2.939524838012959,0.27429805615550756,2.5809935205183585,0.0,6.300215982721382
MCO,Orlando,2025-04-27,April,Sunday,495.0,494.0,-2.1781376518218623,-12.0,20.399999999999977,865.0,11.538461538461538,7.4574898785425106,10.487854251012147,0.0,0.20202020202020202,2.1595959595959595,0.08080808080808081,0.8484848484848485,0.030303030303030304,5.86060606060606
MCO,Orlando,2025-04-28,April,Monday,476.0,473.0,-0.7441860465116279,-9.0,27.0,469.0,16.701902748414376,6.621564482029599,10.374207188160677,0.6302521008403361,0.0,3.48109243697479,0.03571428571428571,2.207983193277311,0.0,4.138655462184874
MCO,Orlando,2025-04-29,April,Tuesday,405.0,404.0,-7.804455445544554,-14.0,12.699999999999989,312.0,9.158415841584159,2.9430693069306932,10.361386138613861,0.24691358024691357,0.0,2.4098765432098768,0.21481481481481482,0.7506172839506173,0.0,3.1506172839506172
MCO,Orlando,2025-04-30,April,Wednesday,405.0,402.0,5.708955223880597,-10.0,35.900000000000034,462.0,16.417910447761194,13.308457711442786,9.022388059701493,0.49382716049382713,0.24691358024691357,3.3185185185185184,2.128395061728395,1.7950617283950616,0.056790123456790124,8.728395061728396
MCO,Orlando,2025-05-01,May,Thursday,463.0,461.0,3.1279826464208242,-5.0,37.0,371.0,19.305856832971802,9.327548806941431,10.34056399132321,0.4319654427645789,0.0,3.634989200863931,0.07775377969762419,1.7451403887688985,0.0,5.4146868250539955
MCO,Orlando,2025-05-02,May,Friday,475.0,469.0,13.008528784648188,-2.0,58.0,598.0,24.733475479744136,15.8272921108742,10.125799573560768,1.263157894736842,0.0,3.5431578947368423,3.08,3.4947368421052634,0.07368421052631578,8.32842105263158
MCO,Orlando,2025-05-03,May,Saturday,450.0,447.0,1.7897091722595078,-7.0,28.0,367.0,17.002237136465325,6.762863534675615,10.118568232662192,0.4444444444444444,0.2222222222222222,3.5866666666666664,0.7755555555555556,1.988888888888889,0.057777777777777775,3.76
MCO,Orlando,2025-05-04,May,Sunday,481.0,477.0,30.9811320754717,15.0,90.0,925.0,50.10482180293501,30.59748427672956,11.020964360587001,0.6237006237006237,0.2079002079002079,7.5634095634095635,0.3596673596673597,10.191268191268192,0.0,14.987525987525988
MCO,Orlando,2025-05-05,May,Monday,467.0,465.0,20.87741935483871,0.0,79.60000000000002,1025.0,30.967741935483872,21.49247311827957,11.212903225806452,0.4282655246252677,0.0,3.5289079229122056,1.5396145610278373,7.777301927194861,0.0,13.190578158458244
MCO,Orlando,2025-05-06,May,Tuesday,387.0,377.0,20.909814323607428,-3.0,72.2000000000001,1084.0,29.708222811671085,24.625994694960212,9.46949602122016,2.5839793281653747,0.0,7.149870801033591,2.0310077519379846,4.925064599483204,0.0,13.2015503875969
MCO,Orlando,2025-05-07,May,Wednesday,381.0,370.0,6.164864864864865,-3.0,43.0,331.0,24.054054054054056,5.313513513513514,10.45135135135135,0.0,2.8871391076115485,2.6325459317585302,0.08661417322834646,5.391076115485564,0.05249343832020997,3.3280839895013123
MCO,Orlando,2025-05-08,May,Thursday,458.0,432.0,28.930555555555557,2.0,106.80000000000007,924.0,40.97222222222222,22.761574074074073,12.171296296296296,0.8733624454148471,4.8034934497816595,4.244541484716157,3.6615720524017465,16.03056768558952,0.0,7.703056768558952
MCO,Orlando,2025-05-09,May,Friday,465.0,448.0,39.754464285714285,12.0,126.30000000000001,607.0,46.651785714285715,24.285714285714285,16.457589285714285,1.0752688172043012,2.5806451612903225,4.234408602150538,1.4021505376344086,24.56774193548387,0.0,10.275268817204301
MCO,Orlando,2025-05-10,May,Saturday,441.0,437.0,14.194508009153319,4.0,59.400000000000034,210.0,34.09610983981693,9.94508009153318,11.31807780320366,0.6802721088435374,0.22675736961451248,3.492063492063492,0.4013605442176871,10.941043083900226,0.0,2.1541950113378685
MCO,Orlando,2025-05-11,May,Sunday,470.0,468.0,24.397435897435898,11.0,71.0,578.0,43.162393162393165,17.232905982905983,10.75,0.2127659574468085,0.2127659574468085,5.8808510638297875,0.16595744680851063,10.86595744680851,0.03829787234042553,8.065957446808511
MCO,Orlando,2025-05-12,May,Monday,461.0,457.0,14.284463894967177,5.0,46.0,523.0,33.260393873085334,10.954048140043763,10.980306345733041,0.6507592190889371,0.21691973969631237,3.839479392624729,0.0,5.160520607375271,0.006507592190889371,7.2559652928416485
MCO,Orlando,2025-05-13,May,Tuesday,382.0,381.0,-4.425196850393701,-7.0,15.0,140.0,10.236220472440944,-0.0026246719160104987,9.682414698162729,0.0,0.2617801047120419,1.6858638743455496,0.034031413612565446,1.1858638743455496,0.0,1.4764397905759161
MCO,Orlando,2025-05-14,May,Wednesday,383.0,381.0,4.359580052493438,-10.0,39.0,381.0,19.68503937007874,10.69028871391076,9.850393700787402,0.26109660574412535,0.26109660574412535,4.569190600522194,0.5848563968668408,4.3785900783289815,0.1174934725848564,4.819843342036553
MCO,Orlando,2025-05-15,May,Thursday,457.0,454.0,4.508810572687224,-11.5,46.69999999999999,576.0,19.383259911894275,15.083700440528634,10.466960352422907,0.6564551422319475,0.0,4.402625820568928,0.8555798687089715,3.2450765864332602,0.0,6.816192560175055
MCO,Orlando,2025-05-16,May,Friday,463.0,451.0,22.164079822616408,-6.0,108.0,831.0,29.490022172949004,29.50110864745011,10.516629711751664,2.159827213822894,0.4319654427645789,8.200863930885529,1.3563714902807775,6.215982721382289,0.0,14.304535637149028
MCO,Orlando,2025-05-17,May,Saturday,441.0,430.0,10.418604651162791,-6.0,63.30000000000007,543.0,23.953488372093023,18.434883720930234,10.613953488372093,2.494331065759637,0.0,8.403628117913833,0.18594104308390022,1.0453514739229024,0.09523809523809523,8.104308390022675
MCO,Orlando,2025-05-18,May,Sunday,470.0,467.0,6.102783725910064,-7.0,45.80000000000007,427.0,21.199143468950748,15.526766595289079,10.137044967880085,0.6382978723404255,0.0,4.7957446808510635,0.42127659574468085,1.2085106382978723,0.0,7.608510638297872
MCO,Orlando,2025-05-19,May,Monday,457.0,456.0,-0.45394736842105265,-11.0,27.5,379.0,13.596491228070176,11.368421052631579,9.81578947368421,0.2188183807439825,0.0,3.264770240700219,0.0,0.6214442013129103,0.06564551422319474,6.50109409190372
MCO,Orlando,2025-05-20,May,Tuesday,382.0,379.0,-4.75197889182058,-12.0,19.399999999999977,194.0,12.401055408970976,6.221635883905013,8.857519788918205,0.7853403141361256,0.0,2.910994764397906,0.21204188481675393,0.8900523560209425,0.0,3.2670157068062826
MCO,Orlando,2025-05-21,May,Wednesday,385.0,385.0,4.057142857142857,-4.0,35.60000000000002,392.0,21.818181818181817,9.472727272727273,9.722077922077922,0.0,0.0,4.241558441558442,0.13246753246753246,2.4155844155844157,0.13246753246753246,3.9584415584415584
MCO,Orlando,2025-05-22,May,Thursday,452.0,446.0,7.197309417040358,-4.0,34.5,696.0,21.076233183856502,13.340807174887892,10.614349775784753,1.3274336283185841,0.0,5.292035398230088,0.19469026548672566,2.2876106194690267,0.0,6.29646017699115
MCO,Orlando,2025-05-23,May,Friday,462.0,460.0,-1.126086956521739,-10.0,26.100000000000023,296.0,15.0,9.741304347826087,10.291304347826086,0.4329004329004329,0.0,2.9761904761904763,0.16666666666666666,1.1688311688311688,0.0,5.123376623376624
MCO,Orlando,2025-05-24,May,Saturday,449.0,425.0,7.936470588235294,-8.0,53.60000000000002,412.0,23.764705882352942,13.472941176470588,10.341176470588236,0.0,5.3452115812917596,3.242761692650334,1.2271714922048997,5.22271714922049,0.0,6.031180400890869
MCO,Orlando,2025-05-25,May,Sunday,425.0,407.0,17.793611793611795,-3.0,92.40000000000003,284.0,34.15233415233415,15.555282555282556,13.31941031941032,0.0,4.235294117647059,3.136470588235294,0.9529411764705882,13.529411764705882,0.0,6.334117647058823
MCO,Orlando,2025-05-26,May,Monday,458.0,442.0,24.052036199095024,-3.5,71.90000000000003,1172.0,28.95927601809955,24.619909502262445,12.015837104072398,1.0917030567685588,2.4017467248908297,3.3209606986899565,0.24017467248908297,7.0873362445414845,0.0,18.823144104803493
MCO,Orlando,2025-05-27,May,Tuesday,388.0,339.0,13.8023598820059,-5.0,62.39999999999998,391.0,30.678466076696164,10.781710914454278,11.943952802359883,0.7731958762886598,11.855670103092782,3.5747422680412373,0.9097938144329897,10.043814432989691,0.015463917525773196,3.4716494845360826
MCO,Orlando,2025-05-28,May,Wednesday,383.0,383.0,5.822454308093994,-5.0,41.80000000000001,312.0,21.671018276762403,9.2088772845953,9.279373368146214,0.0,0.0,3.887728459530026,0.4255874673629243,1.6971279373368147,0.0,6.274151436031332
MCO,Orlando,2025-05-29,May,Thursday,445.0,440.0,17.788636363636364,-3.0,87.50000000000011,527.0,28.863636363636363,18.35909090909091,10.040909090909091,0.0,1.1235955056179776,2.3752808988764045,1.0719101123595505,14.321348314606741,0.04943820224719101,5.6247191011235955
MCO,Orlando,2025-05-30,May,Friday,457.0,430.0,37.19767441860465,12.0,115.50000000000011,705.0,48.604651162790695,30.709302325581394,12.951162790697675,1.312910284463895,4.595185995623632,8.945295404814004,1.12691466083151,11.975929978118161,0.0,16.588621444201312
MCO,Orlando,2025-05-31,May,Saturday,451.0,445.0,19.95955056179775,3.0,82.60000000000002,466.0,38.87640449438202,24.420224719101125,11.552808988764045,0.6651884700665188,0.6651884700665188,3.933481152993348,1.0066518847006651,10.172949002217296,0.0,10.436807095343681
MCO,Orlando,2025-06-01,June,Sunday,459.0,456.0,1.4429824561403508,-9.0,29.0,726.0,16.666666666666664,11.076754385964913,10.342105263157896,0.4357298474945534,0.2178649237472767,5.642701525054466,0.4074074074074074,0.6274509803921569,0.0,4.326797385620915
MCO,Orlando,2025-06-02,June,Monday,451.0,443.0,7.243792325056433,-9.0,49.80000000000001,562.0,20.090293453724605,12.988713318284425,13.483069977426636,0.8869179600886918,0.8869179600886918,3.059866962305987,2.3259423503325944,5.024390243902439,0.0,5.716186252771618
MCO,Orlando,2025-06-03,June,Tuesday,377.0,375.0,0.224,-8.0,33.0,320.0,17.866666666666667,5.64,9.122666666666667,0.2652519893899204,0.2652519893899204,4.19893899204244,0.9257294429708223,2.230769230769231,0.0,2.442970822281167
MCO,Orlando,2025-06-04,June,Wednesday,378.0,377.0,1.5384615384615385,-5.0,29.400000000000034,150.0,19.098143236074268,2.3687002652519893,9.108753315649867,0.0,0.26455026455026454,1.5449735449735449,0.010582010582010581,3.9497354497354498,0.0,2.0396825396825395
MCO,Orlando,2025-06-05,June,Thursday,446.0,443.0,11.415349887133182,-5.0,69.0,457.0,25.056433408577877,15.984198645598195,10.115124153498872,0.672645739910314,0.0,4.246636771300448,0.3251121076233184,6.538116591928251,0.0,6.789237668161435
MCO,Orlando,2025-06-06,June,Friday,453.0,451.0,9.904656319290465,-8.0,59.0,317.0,23.503325942350333,17.37028824833703,9.71618625277162,0.44150110375275936,0.0,5.799116997792495,0.3443708609271523,3.498896247240618,0.3068432671081678,8.496688741721854
MCO,Orlando,2025-06-07,June,Saturday,462.0,461.0,5.18004338394794,-9.0,40.0,568.0,18.22125813449024,13.670281995661606,10.735357917570498,0.21645021645021645,0.0,5.926406926406926,0.3939393939393939,2.536796536796537,0.012987012987012988,5.887445887445887
MCO,Orlando,2025-06-08,June,Sunday,463.0,461.0,16.1236442516269,-1.0,66.0,408.0,30.151843817787416,19.81344902386117,10.780911062906725,0.4319654427645789,0.0,6.781857451403888,0.509719222462203,3.939524838012959,0.0,10.408207343412528
MCO,Orlando,2025-06-09,June,Monday,454.0,449.0,21.757238307349667,0.0,73.19999999999999,891.0,32.071269487750556,23.797327394209354,12.167037861915368,0.881057268722467,0.22026431718061676,8.896475770925111,2.301762114537445,4.870044052863436,0.15198237885462554,10.577092511013216
MCO,Orlando,2025-06-10,June,Tuesday,385.0,383.0,16.211488250652742,0.0,79.20000000000005,278.0,30.548302872062667,15.046997389033942,10.018276762402088,0.2597402597402597,0.2597402597402597,4.511688311688312,0.4675324675324675,9.231168831168832,0.0,6.207792207792208
MCO,Orlando,2025-06-11,June,Wednesday,391.0,390.0,18.68974358974359,1.0,74.50000000000011,365.0,34.61538461538461,20.16923076923077,9.3,0.2557544757033248,0.0,5.32225063938619,0.7544757033248082,10.524296675191815,0.028132992327365727,6.959079283887468
MCO,Orlando,2025-06-12,June,Thursday,451.0,445.0,13.287640449438202,-3.0,67.60000000000002,296.0,31.910112359550563,17.719101123595507,9.586516853932585,1.3303769401330376,0.0,4.086474501108648,1.3968957871396896,5.9977827050997785,0.013303769401330377,8.742793791574279
MCO,Orlando,2025-06-13,June,Friday,453.0,451.0,10.92461197339246,-3.0,49.0,352.0,25.72062084257206,13.906873614190687,9.144124168514413,0.44150110375275936,0.0,6.02869757174393,1.3245033112582782,3.273730684326711,0.0,5.940397350993377
MCO,Orlando,2025-06-14,June,Saturday,477.0,476.0,27.781512605042018,6.0,91.0,979.0,39.91596638655462,25.380252100840337,11.474789915966387,0.20964360587002098,0.0,10.054507337526205,0.8155136268343816,9.545073375262055,0.07337526205450734,10.18867924528302
MCO,Orlando,2025-06-15,June,Sunday,459.0,450.0,32.13333333333333,5.5,115.10000000000002,895.0,42.22222222222222,31.97111111111111,11.244444444444444,1.9607843137254901,0.0,10.760348583877995,2.8583877995642704,10.313725490196079,0.04139433551198257,12.028322440087146
MCO,Orlando,2025-06-16,June,Monday,455.0,449.0,15.913140311804009,-3.0,70.39999999999998,625.0,29.175946547884184,22.040089086859687,9.538975501113585,1.3186813186813187,0.0,8.687912087912087,0.7912087912087912,1.945054945054945,0.0,10.250549450549451
MCO,Orlando,2025-06-17,June,Tuesday,395.0,384.0,17.427083333333332,-3.0,78.0,322.0,31.25,20.299479166666668,9.763020833333334,0.25316455696202533,2.5316455696202533,6.675949367088608,0.4810126582278481,4.232911392405064,0.020253164556962026,11.6
MCO,Orlando,2025-06-18,June,Wednesday,403.0,396.0,16.053030303030305,0.5,63.0,537.0,33.33333333333333,19.62121212121212,9.267676767676768,1.240694789081886,0.49627791563275436,7.86848635235732,0.5856079404466501,3.9851116625310175,0.022332506203473945,8.387096774193548
MCO,Orlando,2025-06-19,June,Thursday,451.0,431.0,46.12064965197216,8.0,161.0,1163.0,45.011600928074245,45.656612529002324,10.48723897911833,3.9911308203991127,0.4434589800443459,9.585365853658537,3.4988913525498893,19.254988913525498,0.0,15.731707317073171
MCO,Orlando,2025-06-20,June,Friday,458.0,442.0,34.23529411764706,6.0,104.7000000000001,1207.0,43.665158371040725,39.07239819004525,11.475113122171946,2.1834061135371177,1.3100436681222707,12.631004366812228,0.8449781659388647,9.443231441048034,0.0851528384279476,14.37117903930131
MCO,Orlando,2025-06-21,June,Saturday,484.0,483.0,3.1842650103519667,-9.0,33.80000000000001,369.0,19.875776397515526,13.960662525879917,10.527950310559007,0.0,0.2066115702479339,5.865702479338843,0.09297520661157024,0.7334710743801653,0.0,5.979338842975206
MCO,Orlando,2025-06-22,June,Sunday,464.0,459.0,20.74727668845316,3.0,77.19999999999999,879.0,37.03703703703704,22.908496732026144,11.925925925925926,0.43103448275862066,0.646551724137931,7.148706896551724,0.0668103448275862,7.622844827586207,0.034482758620689655,10.657327586206897
MCO,Orlando,2025-06-23,June,Monday,457.0,454.0,3.1519823788546257,-6.0,31.69999999999999,421.0,17.62114537444934,12.607929515418503,9.87885462555066,0.2188183807439825,0.437636761487965,4.87746170678337,0.10940919037199125,0.8183807439824945,0.0,5.299781181619256
MCO,Orlando,2025-06-24,June,Tuesday,401.0,401.0,0.3940149625935162,-8.0,34.0,479.0,18.204488778054863,8.860349127182046,9.366583541147133,0.0,0.0,4.596009975062344,0.35910224438902744,1.0473815461346634,0.0,4.316708229426434
MCO,Orlando,2025-06-25,June,Wednesday,407.0,403.0,13.890818858560793,-4.0,71.80000000000001,364.0,26.054590570719604,17.049627791563275,9.069478908188586,0.7371007371007371,0.2457002457002457,7.238329238329238,1.3906633906633907,3.592137592137592,0.08353808353808354,7.533169533169533
MCO,Orlando,2025-06-26,June,Thursday,452.0,437.0,19.505720823798626,1.0,81.40000000000003,521.0,34.55377574370709,19.74599542334096,9.88787185354691,3.0973451327433628,0.22123893805309736,4.896017699115045,1.4933628318584071,5.811946902654867,0.0,11.006637168141593
MCO,Orlando,2025-06-27,June,Friday,458.0,441.0,40.265306122448976,14.0,115.0,716.0,49.65986394557823,37.002267573696145,13.473922902494332,3.711790393013101,0.0,5.9475982532751095,3.403930131004367,14.62227074235808,0.0,17.951965065502183
MCO,Orlando,2025-06-28,June,Saturday,486.0,461.0,34.848156182212584,8.0,104.0,569.0,43.817787418655094,35.48373101952278,12.44468546637744,2.880658436213992,2.263374485596708,7.4753086419753085,1.9300411522633745,11.438271604938272,0.0,15.382716049382717
MCO,Orlando,2025-06-29,June,Sunday,460.0,453.0,43.854304635761586,19.0,146.60000000000008,626.0,53.64238410596026,43.47461368653422,10.993377483443709,1.0869565217391304,0.43478260869565216,8.758695652173913,1.3326086956521739,18.33695652173913,0.0,18.526086956521738
MCO,Orlando,2025-06-30,June,Monday,453.0,446.0,26.327354260089685,0.0,106.0,595.0,31.16591928251121,30.845291479820627,9.91255605381166,1.545253863134658,0.0,9.774834437086092,3.704194260485651,6.015452538631346,0.15673289183222958,11.20971302428256
MCO,Orlando,2025-07-01,July,Tuesday,394.0,375.0,22.088,-5.0,84.60000000000002,614.0,30.666666666666664,27.562666666666665,10.394666666666666,4.568527918781726,0.25380710659898476,7.451776649746193,3.720812182741117,5.977157360406092,0.0,11.365482233502538
MCO,Orlando,2025-07-02,July,Wednesday,399.0,389.0,31.94087403598972,14.0,93.0,798.0,49.10025706940874,28.066838046272494,13.205655526992288,1.7543859649122806,0.7518796992481203,7.453634085213032,0.568922305764411,10.536340852130326,0.0,15.426065162907268
MCO,Orlando,2025-07-03,July,Thursday,444.0,428.0,44.92289719626168,14.0,133.60000000000002,1100.0,49.76635514018692,40.8177570093458,15.235981308411215,1.3513513513513513,2.2522522522522523,9.815315315315315,3.7117117117117115,17.617117117117118,0.02252252252252252,15.43918918918919
MCO,Orlando,2025-07-04,July,Friday,371.0,367.0,8.983651226158038,-4.0,39.400000000000034,759.0,25.340599455040874,10.994550408719347,12.844686648501362,0.5390835579514826,0.5390835579514826,6.6738544474393535,0.09703504043126684,4.455525606469003,0.0,4.504043126684636
MCO,Orlando,2025-07-05,July,Saturday,457.0,457.0,16.396061269146607,1.0,66.2000000000001,328.0,36.10503282275711,18.170678336980306,11.724288840262583,0.0,0.0,3.063457330415755,0.8446389496717724,9.886214442013129,0.0,6.774617067833698
MCO,Orlando,2025-07-06,July,Sunday,465.0,463.0,23.69330453563715,4.0,81.80000000000001,609.0,40.60475161987041,25.390928725701944,9.485961123110151,0.43010752688172044,0.0,8.78494623655914,1.0666666666666667,8.33763440860215,0.0,9.296774193548387
MCO,Orlando,2025-07-07,July,Monday,456.0,453.0,20.103752759381898,-1.0,85.0,958.0,30.022075055187635,24.891832229580572,9.83664459161148,0.43859649122807015,0.21929824561403508,6.576754385964913,2.758771929824561,4.116228070175438,0.010964912280701754,12.767543859649123
MCO,Orlando,2025-07-08,July,Tuesday,399.0,385.0,12.425974025974027,-7.0,70.0,693.0,23.376623376623375,19.25194805194805,8.602597402597402,3.258145363408521,0.2506265664160401,4.203007518796992,3.656641604010025,2.8596491228070176,0.0,9.426065162907268
MCO,Orlando,2025-07-09,July,Wednesday,403.0,371.0,31.654986522911052,3.0,113.0,445.0,42.857142857142854,30.264150943396228,10.549865229110512,3.225806451612903,4.714640198511166,4.863523573200992,1.7245657568238213,14.35483870967742,0.0,12.962779156327544
MCO,Orlando,2025-07-10,July,Thursday,451.0,445.0,16.946067415730337,-1.0,74.80000000000007,303.0,32.80898876404494,18.946067415730337,9.773033707865169,1.1086474501108647,0.22172949002217296,6.232815964523281,0.2749445676274945,6.23059866962306,0.0,9.647450110864744
MCO,Orlando,2025-07-11,July,Friday,457.0,452.0,12.798672566371682,-4.0,65.90000000000003,402.0,28.097345132743364,16.736725663716815,10.769911504424778,0.87527352297593,0.2188183807439825,3.4070021881838075,1.1728665207877462,5.361050328227571,0.04814004376367615,9.36761487964989
MCO,Orlando,2025-07-12,July,Saturday,486.0,477.0,23.79664570230608,2.0,99.0,570.0,37.735849056603776,23.60587002096436,12.654088050314465,1.8518518518518516,0.0,5.578189300411522,1.1872427983539096,10.539094650205762,0.0,11.106995884773662
MCO,Orlando,2025-07-13,July,Sunday,458.0,407.0,24.82800982800983,2.0,90.2000000000001,447.0,39.55773955773956,29.122850122850124,10.454545454545455,2.6200873362445414,8.51528384279476,7.711790393013101,1.0982532751091703,3.591703056768559,0.03711790393013101,13.812227074235809
MCO,Orlando,2025-07-14,July,Monday,456.0,419.0,50.22195704057279,17.0,138.0,1290.0,52.2673031026253,48.39379474940334,12.930787589498806,8.114035087719298,0.0,9.486842105263158,3.4758771929824563,17.45394736842105,0.0,18.539473684210527
MCO,Orlando,2025-07-15,July,Tuesday,400.0,385.0,25.0,5.0,94.60000000000002,339.0,40.77922077922078,24.953246753246752,10.771428571428572,3.25,0.5,8.7525,0.76,7.03,0.0,10.7975
MCO,Orlando,2025-07-16,July,Wednesday,405.0,394.0,40.65228426395939,11.0,116.0,823.0,46.954314720812185,38.27157360406091,11.51269035532995,1.728395061728395,0.9876543209876543,10.920987654320987,2.6296296296296298,19.66172839506173,0.05432098765432099,10.646913580246913
MCO,Orlando,2025-07-17,July,Thursday,451.0,447.0,7.140939597315437,-4.0,45.0,595.0,23.48993288590604,14.54586129753915,10.333333333333334,0.8869179600886918,0.0,4.818181818181818,0.4745011086474501,1.6917960088691797,0.05543237250554324,6.700665188470066
MCO,Orlando,2025-07-18,July,Friday,456.0,455.0,8.692307692307692,-5.0,50.60000000000002,312.0,22.41758241758242,14.149450549450549,9.797802197802199,0.21929824561403508,0.0,5.364035087719298,1.368421052631579,2.456140350877193,0.0,6.144736842105263
MCO,Orlando,2025-07-19,July,Saturday,485.0,482.0,3.858921161825726,-6.0,44.900000000000034,409.0,20.33195020746888,10.506224066390041,10.838174273858922,0.6185567010309279,0.0,3.191752577319588,0.5030927835051546,2.4989690721649485,0.016494845360824743,5.884536082474227
MCO,Orlando,2025-07-20,July,Sunday,460.0,440.0,18.12727272727273,1.0,82.0,483.0,36.59090909090909,20.354545454545455,11.343181818181819,1.5217391304347827,2.8260869565217392,5.254347826086956,0.4652173913043478,8.093478260869565,0.0,8.55
MCO,Orlando,2025-07-21,July,Monday,455.0,452.0,13.221238938053098,-4.0,56.80000000000007,859.0,24.11504424778761,18.26991150442478,10.65929203539823,0.43956043956043955,0.21978021978021978,5.610989010989011,0.5010989010989011,2.276923076923077,0.0,10.512087912087912
MCO,Orlando,2025-07-22,July,Tuesday,400.0,393.0,34.49363867684478,12.0,102.0,820.0,47.07379134860051,31.75063613231552,11.025445292620866,0.5,1.25,8.8825,0.595,13.235,0.3375,13.8875
MCO,Orlando,2025-07-23,July,Wednesday,405.0,402.0,22.196517412935325,2.0,81.80000000000007,684.0,37.3134328358209,22.559701492537314,10.611940298507463,0.0,0.7407407407407408,8.362962962962962,0.14074074074074075,10.795061728395062,0.09876543209876543,7.851851851851852
MCO,Orlando,2025-07-24,July,Thursday,451.0,449.0,9.650334075723832,-4.0,45.39999999999998,1104.0,24.94432071269488,15.737193763919821,10.54120267260579,0.22172949002217296,0.22172949002217296,4.261640798226164,0.43902439024390244,2.647450110864745,0.0,9.356984478935699
MCO,Orlando,2025-07-25,July,Friday,456.0,448.0,21.5,-2.0,99.0,461.0,28.348214285714285,26.709821428571427,10.029017857142858,1.7543859649122806,0.0,5.421052631578948,2.31140350877193,4.094298245614035,0.0,14.925438596491228
MCO,Orlando,2025-07-26,July,Saturday,485.0,478.0,5.073221757322176,-5.0,42.30000000000001,274.0,22.594142259414227,13.610878661087867,10.548117154811715,1.443298969072165,0.0,4.445360824742268,0.15051546391752577,1.2783505154639174,0.0,6.925773195876289
MCO,Orlando,2025-07-27,July,Sunday,459.0,435.0,32.845977011494256,-1.0,125.20000000000027,947.0,33.10344827586207,35.719540229885055,11.75632183908046,5.228758169934641,0.0,11.12636165577342,4.0021786492374725,8.089324618736384,0.04139433551198257,13.20479302832244
MCO,Orlando,2025-07-28,July,Monday,455.0,443.0,17.650112866817157,-3.0,70.60000000000002,1015.0,28.216704288939056,26.790067720090292,10.483069977426636,2.6373626373626373,0.0,10.545054945054945,0.8,1.1978021978021978,0.0,10.993406593406593
MCO,Orlando,2025-07-29,July,Tuesday,400.0,390.0,13.615384615384615,-4.0,75.10000000000002,451.0,30.256410256410255,17.05128205128205,10.292307692307693,0.25,2.25,6.765,0.755,4.3725,0.39,8.065
MCO,Orlando,2025-07-30,July,Wednesday,405.0,403.0,12.66997518610422,-6.0,50.80000000000001,747.0,22.8287841191067,19.404466501240694,9.724565756823822,0.49382716049382713,0.0,8.155555555555555,0.22469135802469137,1.9135802469135803,0.0,9.48641975308642
MCO,Orlando,2025-07-31,July,Thursday,450.0,408.0,30.698529411764707,6.5,106.20000000000005,391.0,42.40196078431372,28.399509803921568,10.803921568627452,6.222222222222222,3.111111111111111,6.633333333333334,3.617777777777778,8.686666666666667,0.0,12.782222222222222
MCO,Orlando,2025-08-01,August,Friday,455.0,436.0,27.30275229357798,7.0,106.0,331.0,44.72477064220183,29.263761467889907,13.974770642201834,4.175824175824175,0.0,8.527472527472527,0.7714285714285715,5.894505494505495,0.0,15.16043956043956
MCO,Orlando,2025-08-02,August,Saturday,486.0,480.0,19.816666666666666,3.0,67.0,550.0,38.54166666666667,23.891666666666666,11.2,1.02880658436214,0.205761316872428,7.617283950617284,0.37448559670781895,5.520576131687243,0.0,10.034979423868313
MCO,Orlando,2025-08-03,August,Sunday,459.0,452.0,24.042035398230087,7.0,79.90000000000003,531.0,42.0353982300885,24.103982300884955,10.93141592920354,0.8714596949891068,0.6535947712418301,6.278867102396514,0.6993464052287581,9.396514161220043,0.0,11.041394335511983
MCO,Orlando,2025-08-04,August,Monday,451.0,427.0,29.7096018735363,5.0,116.0,370.0,40.04683840749414,19.805620608899297,21.107728337236534,1.7738359201773837,3.5476718403547673,7.3747228381374725,0.14855875831485588,17.49889135254989,0.0,6.982261640798226
MCO,Orlando,2025-08-05,August,Tuesday,369.0,368.0,8.065217391304348,-4.0,44.30000000000001,563.0,22.82608695652174,10.423913043478262,12.078804347826088,0.27100271002710025,0.0,4.170731707317073,0.06775067750677506,4.710027100271002,1.6178861788617886,4.097560975609756
MCO,Orlando,2025-08-06,August,Wednesday,366.0,355.0,13.335211267605635,-1.0,55.200000000000045,269.0,29.577464788732392,12.63661971830986,12.233802816901408,0.819672131147541,2.185792349726776,4.524590163934426,0.9863387978142076,7.617486338797814,0.0,4.595628415300546
MCO,Orlando,2025-08-07,August,Thursday,430.0,425.0,17.12,-1.0,67.00000000000011,540.0,29.88235294117647,21.948235294117648,9.905882352941177,0.9302325581395349,0.23255813953488372,8.686046511627907,0.018604651162790697,2.030232558139535,0.13953488372093023,11.569767441860465
MCO,Orlando,2025-08-08,August,Friday,433.0,404.0,42.64356435643565,11.5,129.79999999999995,797.0,46.53465346534654,38.084158415841586,12.217821782178218,0.9237875288683602,5.773672055427252,7.288683602771362,1.4110854503464203,19.66743648960739,0.0,13.84526558891455
MCO,Orlando,2025-08-09,August,Saturday,439.0,438.0,18.394977168949772,3.0,70.0,336.0,34.70319634703196,21.244292237442924,10.538812785388128,0.22779043280182232,0.0,6.457858769931663,0.4191343963553531,6.4646924829157175,0.0,9.259681093394077
MCO,Orlando,2025-08-10,August,Sunday,437.0,433.0,32.81986143187067,11.0,90.80000000000001,973.0,46.65127020785219,32.98845265588915,10.420323325635104,0.4576659038901602,0.4576659038901602,7.729977116704806,0.5491990846681922,12.929061784897025,0.16247139588100687,13.709382151029748
MCO,Orlando,2025-08-11,August,Monday,426.0,421.0,8.406175771971496,-3.0,42.0,692.0,23.75296912114014,11.387173396674584,10.410926365795724,0.4694835680751174,0.7042253521126761,4.312206572769953,0.0,4.685446009389671,0.0,5.05868544600939
MCO,Orlando,2025-08-12,August,Tuesday,357.0,355.0,-0.03380281690140845,-9.0,26.0,417.0,15.774647887323944,7.149295774647888,9.154929577464788,0.2801120448179272,0.2801120448179272,2.6246498599439776,0.9663865546218487,2.3053221288515404,0.0,3.907563025210084
MCO,Orlando,2025-08-13,August,Wednesday,359.0,344.0,11.581395348837209,-6.0,58.69999999999999,1027.0,22.674418604651162,16.61046511627907,10.56686046511628,3.8997214484679668,0.2785515320334262,7.671309192200557,1.16991643454039,4.025069637883008,0.0,5.832869080779944
MCO,Orlando,2025-08-14,August,Thursday,428.0,423.0,26.19148936170213,3.0,96.40000000000003,1218.0,33.80614657210402,25.62884160756501,10.84869976359338,0.9345794392523363,0.23364485981308408,10.530373831775702,1.1144859813084111,8.738317757009346,0.0,9.5
MCO,Orlando,2025-08-15,August,Friday,431.0,417.0,13.270983213429256,-2.0,63.400000000000034,243.0,30.455635491606714,14.851318944844124,12.556354916067146,0.23201856148491878,3.0162412993039442,4.617169373549884,0.7911832946635731,5.700696055684455,0.0,7.232018561484919
MCO,Orlando,2025-08-16,August,Saturday,430.0,423.0,6.276595744680851,-7.0,48.0,493.0,22.69503546099291,10.784869976359339,12.08274231678487,0.46511627906976744,1.1627906976744187,3.686046511627907,0.9720930232558139,5.434883720930233,0.0,4.553488372093023
MCO,Orlando,2025-08-17,August,Sunday,435.0,426.0,28.922535211267604,5.0,86.0,690.0,39.436619718309856,25.63849765258216,17.434272300469484,1.839080459770115,0.22988505747126436,5.531034482758621,1.910344827586207,9.0183908045977,0.0,15.636781609195403
MCO,Orlando,2025-08-18,August,Monday,428.0,416.0,26.83653846153846,6.0,87.0,780.0,42.78846153846153,23.90625,12.48076923076923,1.1682242990654206,1.6355140186915886,5.785046728971962,2.4228971962616823,10.992990654205608,0.011682242990654205,11.36214953271028
MCO,Orlando,2025-08-19,August,Tuesday,348.0,345.0,3.026086956521739,-8.0,35.200000000000045,531.0,15.942028985507244,9.669565217391304,10.611594202898551,0.8620689655172413,0.0,3.531609195402299,0.3390804597701149,1.206896551724138,0.0,6.67816091954023
MCO,Orlando,2025-08-20,August,Wednesday,351.0,349.0,2.28080229226361,-6.0,34.19999999999999,230.0,18.05157593123209,8.346704871060172,10.194842406876791,0.5698005698005698,0.0,3.3475783475783474,0.4415954415954416,1.5156695156695157,0.0,4.948717948717949
MCO,Orlando,2025-08-21,August,Thursday,418.0,401.0,49.68827930174564,18.0,159.0,364.0,52.867830423940156,46.52618453865337,11.668329177057357,0.0,4.0669856459330145,2.5933014354066986,0.8971291866028708,38.45454545454545,0.0,10.124401913875598
MCO,Orlando,2025-08-22,August,Friday,421.0,413.0,35.69491525423729,9.0,117.80000000000001,511.0,45.036319612590795,36.78692493946731,11.828087167070217,0.7125890736342043,1.187648456057007,6.425178147268409,1.8598574821852731,14.788598574821853,0.0,15.410926365795724
MCO,Orlando,2025-08-23,August,Saturday,416.0,400.0,53.6525,39.0,134.20000000000005,349.0,64.0,50.665,12.2825,0.2403846153846154,3.6057692307692304,4.259615384615385,1.4423076923076923,34.96153846153846,0.0,13.413461538461538
MCO,Orlando,2025-08-24,August,Sunday,432.0,431.0,2.554524361948956,-7.0,29.0,379.0,16.70533642691415,9.925754060324826,9.788863109048723,0.23148148148148145,0.0,4.351851851851852,0.22685185185185186,0.9328703703703703,0.0,5.555555555555555
MCO,Orlando,2025-08-25,August,Monday,419.0,419.0,-4.073985680190931,-11.0,19.0,240.0,11.933174224343675,5.014319809069212,9.701670644391408,0.0,0.0,2.947494033412888,0.4200477326968974,0.5393794749403341,0.0,3.1408114558472553
MCO,Orlando,2025-08-26,August,Tuesday,342.0,342.0,-4.523391812865497,-13.0,11.900000000000034,690.0,8.187134502923977,4.12280701754386,8.880116959064328,0.0,0.0,1.891812865497076,0.23391812865497075,0.8771929824561403,0.0,4.956140350877193
MCO,Orlando,2025-08-27,August,Wednesday,349.0,349.0,-4.644699140401146,-15.0,11.0,545.0,8.30945558739255,6.977077363896848,10.034383954154729,0.0,0.0,4.681948424068768,0.11174785100286533,0.3123209169054441,0.0,3.5587392550143266
MCO,Orlando,2025-08-28,August,Thursday,416.0,393.0,13.603053435114504,-3.0,62.80000000000001,665.0,27.2264631043257,14.417302798982188,11.97201017811705,0.4807692307692308,5.048076923076923,2.951923076923077,0.3629807692307692,7.274038461538462,0.0,8.384615384615385
MCO,Orlando,2025-08-29,August,Friday,423.0,422.0,7.187203791469194,-5.0,46.900000000000034,519.0,23.459715639810426,13.938388625592417,10.104265402843602,0.2364066193853428,0.0,3.9881796690307327,0.0,2.0354609929078014,0.0,8.40661938534279
MCO,Orlando,2025-08-30,August,Saturday,411.0,406.0,0.7906403940886699,-8.0,21.0,367.0,12.31527093596059,8.169950738916256,11.01231527093596,1.2165450121654502,0.0,3.4282238442822384,0.7104622871046229,0.9902676399026764,0.0,4.413625304136253
MCO,Orlando,2025-08-31,August,Sunday,386.0,385.0,-1.4779220779220779,-12.0,26.0,219.0,12.727272727272727,9.309090909090909,10.727272727272727,0.2590673575129534,0.0,2.8238341968911915,0.17357512953367876,0.5854922279792746,0.0,6.922279792746114
MCO,Orlando,2025-09-01,September,Monday,413.0,410.0,-0.36829268292682926,-10.0,28.0,306.0,14.634146341463413,8.829268292682928,9.995121951219513,0.7263922518159807,0.0,3.0338983050847457,0.06537530266343826,0.46246973365617433,0.0,6.016949152542373
MCO,Orlando,2025-09-02,September,Tuesday,346.0,346.0,-7.641618497109826,-12.0,14.0,173.0,9.826589595375722,1.6213872832369942,9.054913294797688,0.0,0.0,1.0144508670520231,0.0838150289017341,0.5578034682080925,0.0,2.3294797687861273
MCO,Orlando,2025-09-03,September,Wednesday,329.0,329.0,-4.048632218844984,-10.0,12.199999999999989,392.0,8.814589665653495,3.7386018237082066,9.075987841945288,0.0,0.0,3.5775075987841944,0.3799392097264438,0.6474164133738601,0.0,1.6990881458966565
MCO,Orlando,2025-09-04,September,Thursday,384.0,383.0,2.2140992167101827,-10.0,38.60000000000002,449.0,17.232375979112273,7.261096605744125,9.451697127937337,0.26041666666666663,0.0,3.9348958333333335,0.6276041666666666,3.8671875,0.0,4.1640625
MCO,Orlando,2025-09-05,September,Friday,400.0,398.0,-1.600502512562814,-10.0,17.30000000000001,889.0,11.306532663316583,6.831658291457287,9.50251256281407,0.5,0.0,6.4075,0.0375,0.66,0.0,1.8525
MCO,Orlando,2025-09-06,September,Saturday,367.0,359.0,14.027855153203342,-6.0,75.19999999999999,500.0,22.00557103064067,14.395543175487465,11.2033426183844,1.6348773841961852,0.544959128065395,2.6403269754768393,3.035422343324251,9.39509536784741,0.0,6.1961852861035425
MCO,Orlando,2025-09-07,September,Sunday,404.0,403.0,9.714640198511166,-2.0,50.0,338.0,29.528535980148884,10.739454094292803,11.702233250620347,0.24752475247524752,0.0,5.551980198019802,0.05693069306930693,4.556930693069307,0.0,5.603960396039604
MCO,Orlando,2025-09-08,September,Monday,400.0,398.0,8.402010050251256,-3.0,33.30000000000001,396.0,19.09547738693467,9.924623115577889,11.238693467336683,0.5,0.0,4.2875,1.2525,2.725,0.0,4.73
MCO,Orlando,2025-09-09,September,Tuesday,316.0,314.0,4.2165605095541405,-5.0,30.69999999999999,395.0,20.70063694267516,2.977707006369427,9.222929936305732,0.31645569620253167,0.31645569620253167,1.8765822784810127,0.189873417721519,5.4335443037974684,0.0,3.180379746835443
MCO,Orlando,2025-09-10,September,Wednesday,320.0,320.0,-2.453125,-9.0,14.0,536.0,9.6875,2.853125,9.25,0.0,0.0,3.6,0.1125,1.24375,0.04375,1.084375
MCO,Orlando,2025-09-11,September,Thursday,397.0,397.0,3.536523929471033,-7.0,36.0,458.0,18.89168765743073,7.93198992443325,10.146095717884132,0.0,0.0,2.5994962216624686,0.5516372795969773,4.508816120906801,0.13350125944584382,3.4987405541561714
MCO,Orlando,2025-09-12,September,Friday,406.0,406.0,1.3571428571428572,-7.0,22.5,545.0,14.039408866995073,7.142857142857143,9.657635467980295,0.0,0.0,2.9482758620689653,0.16009852216748768,0.8448275862068966,0.0,4.674876847290641
MCO,Orlando,2025-09-13,September,Saturday,372.0,372.0,-3.75,-10.0,19.900000000000034,326.0,12.634408602150538,5.024193548387097,9.623655913978494,0.0,0.0,1.9650537634408602,0.49193548387096775,0.7150537634408602,0.0,3.803763440860215
MCO,Orlando,2025-09-14,September,Sunday,412.0,410.0,0.26097560975609757,-10.0,20.0,681.0,12.682926829268293,9.558536585365854,10.051219512195122,0.0,0.48543689320388345,4.08252427184466,0.05339805825242718,2.4514563106796117,0.05339805825242718,3.337378640776699
MCO,Orlando,2025-09-15,September,Monday,403.0,402.0,-4.537313432835821,-10.0,16.900000000000034,343.0,11.442786069651742,5.169154228855722,9.54726368159204,0.0,0.24813895781637718,2.771712158808933,0.0,0.38957816377171217,0.0,2.5483870967741935
MCO,Orlando,2025-09-16,September,Tuesday,317.0,316.0,-6.246835443037975,-11.0,16.0,118.0,10.443037974683545,0.08227848101265822,9.310126582278482,0.0,0.31545741324921134,2.1009463722397475,0.0,1.0946372239747635,0.0,0.9085173501577287
MCO,Orlando,2025-09-17,September,Wednesday,323.0,323.0,-1.284829721362229,-8.0,17.0,258.0,12.074303405572756,2.325077399380805,9.65015479876161,0.0,0.0,2.7925696594427243,0.0,2.170278637770898,0.0,1.4922600619195046
MCO,Orlando,2025-09-18,September,Thursday,397.0,397.0,2.027707808564232,-8.0,23.0,421.0,15.113350125944585,9.589420654911839,9.125944584382871,0.0,0.0,3.2141057934508814,0.04785894206549118,2.2443324937027707,0.04030226700251889,4.3602015113350125
MCO,Orlando,2025-09-19,September,Friday,404.0,401.0,-0.17955112219451372,-9.0,24.0,373.0,12.967581047381547,9.107231920199501,9.613466334164588,0.7425742574257426,0.0,3.3069306930693068,0.0,1.1064356435643565,0.0,4.938118811881188
MCO,Orlando,2025-09-20,September,Saturday,372.0,372.0,-5.327956989247312,-10.5,13.0,461.0,9.13978494623656,4.021505376344086,9.959677419354838,0.0,0.0,3.4811827956989245,0.0,0.4946236559139785,0.0,1.381720430107527
MCO,Orlando,2025-09-21,September,Sunday,410.0,410.0,0.47560975609756095,-9.0,23.300000000000068,493.0,13.170731707317074,8.104878048780488,9.9,0.0,0.0,3.573170731707317,0.6341463414634146,0.573170731707317,0.0,4.4609756097560975
MCO,Orlando,2025-09-22,September,Monday,402.0,401.0,1.6084788029925188,-9.0,28.0,666.0,15.211970074812967,8.99002493765586,9.224438902743142,0.24875621890547264,0.0,3.1766169154228856,0.10945273631840796,1.6194029850746268,0.0945273631840796,6.0049751243781095
MCO,Orlando,2025-09-23,September,Tuesday,319.0,318.0,-4.235849056603773,-12.0,19.0,349.0,12.264150943396226,4.735849056603773,8.91194968553459,0.0,0.3134796238244514,4.347962382445141,0.0,0.9184952978056427,0.0,2.1504702194357366
MCO,Orlando,2025-09-24,September,Wednesday,325.0,324.0,5.441358024691358,-9.0,56.39999999999998,218.0,23.14814814814815,10.055555555555555,9.564814814814815,0.0,0.3076923076923077,5.32,0.046153846153846156,3.270769230769231,0.1076923076923077,6.150769230769231
MCO,Orlando,2025-09-25,September,Thursday,398.0,392.0,14.331632653061224,-1.0,57.50000000000017,1000.0,29.336734693877553,15.512755102040817,10.262755102040817,0.5025125628140703,1.0050251256281406,3.6834170854271355,0.0,5.351758793969849,0.0,10.419597989949748
MCO,Orlando,2025-09-26,September,Friday,407.0,406.0,5.155172413793103,-2.0,32.5,313.0,21.921182266009854,8.637931034482758,9.049261083743842,0.2457002457002457,0.0,3.742014742014742,0.0,2.0687960687960687,0.0,4.378378378378378
MCO,Orlando,2025-09-27,September,Saturday,376.0,376.0,-1.1808510638297873,-7.0,17.5,224.0,10.638297872340425,4.86968085106383,9.752659574468085,0.0,0.0,3.726063829787234,0.0,1.1675531914893618,0.0,1.8085106382978724
MCO,Orlando,2025-09-28,September,Sunday,414.0,412.0,2.3009708737864076,-4.0,20.900000000000034,452.0,14.805825242718445,5.575242718446602,9.907766990291263,0.24154589371980675,0.24154589371980675,2.4565217391304346,0.0,2.236714975845411,0.0,3.417874396135266
MCO,Orlando,2025-09-29,September,Monday,404.0,404.0,-1.8985148514851484,-7.5,18.69999999999999,396.0,13.118811881188119,2.400990099009901,8.5,0.0,0.0,1.745049504950495,0.09653465346534654,1.7920792079207921,0.0,2.2524752475247523
MCO,Orlando,2025-09-30,September,Tuesday,321.0,321.0,-9.261682242990654,-13.0,7.0,139.0,6.230529595015576,-0.5638629283489096,8.672897196261681,0.0,0.0,1.395638629283489,0.0,0.8037383177570093,0.0,0.7009345794392523
MCO,Orlando,2025-10-01,October,Wednesday,329.0,329.0,-9.319148936170214,-13.0,5.0,159.0,6.079027355623101,1.0243161094224924,9.46808510638298,0.0,0.0,1.4133738601823709,0.0,0.364741641337386,0.0,1.3799392097264438
MCO,Orlando,2025-10-02,October,Thursday,440.0,439.0,0.6036446469248291,-8.0,23.19999999999999,524.0,15.489749430523919,7.79498861047836,9.785876993166287,0.22727272727272727,0.0,5.302272727272728,0.0,0.9431818181818182,0.0,3.4272727272727272
MCO,Orlando,2025-10-03,October,Friday,447.0,446.0,-2.1434977578475336,-7.0,17.0,322.0,11.659192825112108,4.677130044843049,10.082959641255606,0.0,0.22371364653243847,1.6532438478747205,0.10514541387024609,0.6062639821029083,0.0,2.829977628635347
MCO,Orlando,2025-10-04,October,Saturday,416.0,414.0,-0.3115942028985507,-5.0,20.0,269.0,15.70048309178744,1.9082125603864735,11.05072463768116,0.0,0.4807692307692308,1.5168269230769231,0.038461538461538464,2.110576923076923,0.0,2.3677884615384617
MCO,Orlando,2025-10-05,October,Sunday,442.0,441.0,3.9115646258503403,-5.0,26.0,288.0,16.55328798185941,9.82766439909297,10.342403628117914,0.0,0.22624434389140274,3.6990950226244346,0.0,0.9660633484162896,0.10407239819004525,4.850678733031674
MCO,Orlando,2025-10-06,October,Monday,457.0,457.0,21.669584245076585,3.0,75.40000000000003,553.0,37.199124726477024,23.448577680525165,11.982494529540482,0.0,0.0,5.048140043763676,0.6170678336980306,11.269146608315099,0.0,9.62363238512035
MCO,Orlando,2025-10-07,October,Tuesday,376.0,375.0,-6.301333333333333,-11.0,16.600000000000023,188.0,11.466666666666667,2.8533333333333335,9.042666666666667,0.0,0.26595744680851063,2.5319148936170213,0.0,0.3776595744680851,0.0,2.4175531914893615
MCO,Orlando,2025-10-08,October,Wednesday,382.0,382.0,3.769633507853403,-7.0,35.0,533.0,15.44502617801047,10.057591623036648,9.476439790575917,0.0,0.0,5.599476439790576,0.0,1.8167539267015707,0.049738219895287955,3.7094240837696337
MCO,Orlando,2025-10-09,October,Thursday,456.0,455.0,10.90989010989011,0.0,50.60000000000002,225.0,28.57142857142857,11.978021978021978,10.118681318681318,0.0,0.21929824561403508,5.162280701754386,0.041666666666666664,4.8201754385964914,0.0,4.982456140350878
MCO,Orlando,2025-10-10,October,Friday,460.0,460.0,16.452173913043477,5.0,56.40000000000009,473.0,33.26086956521739,15.165217391304347,10.197826086956521,0.0,0.0,5.680434782608696,0.3978260869565217,5.276086956521739,0.0,7.039130434782609
MCO,Orlando,2025-10-11,October,Saturday,448.0,448.0,6.524553571428571,-1.0,33.30000000000001,223.0,24.553571428571427,7.207589285714286,10.323660714285714,0.0,0.0,3.8861607142857144,0.04241071428571429,3.314732142857143,0.0,3.544642857142857
MCO,Orlando,2025-10-12,October,Sunday,457.0,457.0,6.739606126914661,-5.0,38.400000000000034,439.0,19.474835886214443,12.262582056892779,10.094091903719912,0.0,0.0,4.680525164113786,0.212253829321663,1.7964989059080962,0.0,6.706783369803063
MCO,Orlando,2025-10-13,October,Monday,462.0,459.0,7.076252723311547,-5.0,48.39999999999998,920.0,21.78649237472767,15.137254901960784,11.200435729847495,0.6493506493506493,0.0,7.380952380952381,0.012987012987012988,1.6147186147186148,0.0,5.945887445887446
MCO,Orlando,2025-10-14,October,Tuesday,376.0,374.0,-0.9598930481283422,-8.0,30.69999999999999,284.0,14.705882352941178,8.093582887700535,9.27807486631016,0.5319148936170213,0.0,3.140957446808511,0.0,1.0372340425531914,0.0,4.11968085106383
MCO,Orlando,2025-10-15,October,Wednesday,382.0,382.0,-6.026178010471204,-11.0,16.0,219.0,11.518324607329843,4.015706806282722,8.680628272251308,0.0,0.0,2.342931937172775,0.0,0.6701570680628273,0.0,1.780104712041885
MCO,Orlando,2025-10-16,October,Thursday,457.0,457.0,0.9102844638949672,-7.0,29.400000000000034,450.0,17.286652078774615,10.474835886214443,10.109409190371991,0.0,0.0,5.043763676148797,0.0,0.737417943107221,0.0,4.074398249452954
MCO,Orlando,2025-10-17,October,Friday,461.0,461.0,-4.709327548806941,-9.0,13.0,271.0,9.544468546637743,4.399132321041215,10.3058568329718,0.0,0.0,2.6898047722342735,0.0,0.23210412147505424,0.0,1.9739696312364425
MCO,Orlando,2025-10-18,October,Saturday,448.0,445.0,1.4202247191011237,-8.0,33.60000000000002,185.0,15.505617977528091,8.191011235955056,10.752808988764045,0.4464285714285714,0.2232142857142857,3.5513392857142856,0.6450892857142857,1.3147321428571428,0.05357142857142857,4.25
MCO,Orlando,2025-10-19,October,Sunday,461.0,459.0,20.984749455337692,3.0,71.0,621.0,35.294117647058826,20.886710239651418,10.989106753812637,0.21691973969631237,0.21691973969631237,7.27114967462039,0.23644251626898047,7.292841648590022,0.0,10.084598698481562
MCO,Orlando,2025-10-20,October,Monday,464.0,463.0,9.02159827213823,-3.0,37.80000000000001,845.0,18.790496760259177,16.50107991360691,10.235421166306695,0.21551724137931033,0.0,4.362068965517241,0.0,0.8017241379310345,0.0,10.008620689655173
MCO,Orlando,2025-10-21,October,Tuesday,376.0,376.0,-8.215425531914894,-10.0,8.5,80.0,6.117021276595745,0.05851063829787234,9.013297872340425,0.0,0.0,1.0372340425531914,0.0,0.26063829787234044,0.0,0.7659574468085106
MCO,Orlando,2025-10-22,October,Wednesday,382.0,382.0,0.31413612565445026,-7.0,14.0,1167.0,9.947643979057592,6.9109947643979055,9.963350785340314,0.0,0.0,2.277486910994764,0.04450261780104712,0.6413612565445026,0.02617801047120419,5.442408376963351
MCO,Orlando,2025-10-23,October,Thursday,458.0,456.0,0.7521929824561403,-7.0,23.5,327.0,15.131578947368421,6.25,10.210526315789474,0.43668122270742354,0.0,2.2729257641921397,0.0,1.3362445414847162,0.0,4.379912663755459
MCO,Orlando,2025-10-24,October,Friday,461.0,457.0,3.2231947483588623,-4.0,31.0,389.0,19.912472647702405,9.859956236323852,9.824945295404815,0.8676789587852495,0.0,3.2537960954446854,0.12364425162689804,1.0780911062906724,0.0,5.2841648590021695
MCO,Orlando,2025-10-25,October,Saturday,452.0,451.0,4.658536585365853,-6.0,32.0,454.0,18.403547671840354,9.23059866962306,10.995565410199557,0.22123893805309736,0.0,3.579646017699115,0.7212389380530974,1.9358407079646018,0.004424778761061947,5.893805309734513
MCO,Orlando,2025-10-26,October,Sunday,469.0,464.0,30.96551724137931,11.0,93.69999999999999,535.0,46.55172413793103,19.939655172413794,12.827586206896552,0.21321961620469082,0.8528784648187633,5.646055437100213,0.1044776119402985,14.77185501066098,0.0,12.25586353944563
MCO,Orlando,2025-10-27,October,Monday,468.0,430.0,71.95813953488373,24.0,199.10000000000002,1106.0,56.97674418604651,65.04883720930232,12.888372093023255,1.7094017094017095,6.41025641025641,9.893162393162394,2.9358974358974357,34.74145299145299,0.029914529914529916,20.087606837606838
MCO,Orlando,2025-10-28,October,Tuesday,365.0,365.0,2.1041095890410957,-5.0,33.0,150.0,18.904109589041095,5.123287671232877,9.312328767123288,0.0,0.0,3.23013698630137,0.06027397260273973,2.0876712328767124,0.0,3.106849315068493
MCO,Orlando,2025-10-29,October,Wednesday,372.0,372.0,3.5618279569892475,-1.0,25.0,197.0,17.741935483870968,3.317204301075269,9.494623655913978,0.0,0.0,2.0618279569892475,0.0,2.174731182795699,0.0,2.9596774193548385
MCO,Orlando,2025-10-30,October,Thursday,441.0,398.0,53.778894472361806,11.0,173.3,1001.0,43.71859296482412,51.62562814070352,9.56281407035176,9.750566893424036,0.0,5.852607709750567,3.879818594104308,28.104308390022677,0.0,13.201814058956916
MCO,Orlando,2025-10-31,October,Friday,379.0,370.0,13.186486486486487,-1.0,62.600000000000136,613.0,27.027027027027028,14.745945945945946,9.908108108108108,2.3746701846965697,0.0,6.6068601583113455,0.0,3.559366754617414,0.0,7.490765171503957
MCO,Orlando,2025-11-01,November,Saturday,431.0,429.0,8.815850815850816,-1.0,32.39999999999998,323.0,20.745920745920746,9.018648018648019,10.356643356643357,0.46403712296983757,0.0,5.890951276102088,0.0,2.8468677494199537,0.02088167053364269,3.874709976798144
MCO,Orlando,2025-11-02,November,Sunday,446.0,445.0,17.51011235955056,6.0,53.200000000000045,717.0,33.93258426966292,14.5438202247191,10.575280898876404,0.2242152466367713,0.0,5.051569506726457,0.9596412556053812,5.105381165919282,0.11883408071748879,8.65695067264574
MCO,Orlando,2025-11-03,November,Monday,439.0,438.0,1.04337899543379,-7.5,30.30000000000001,275.0,14.383561643835616,7.066210045662101,10.32420091324201,0.22779043280182232,0.0,3.2004555808656034,0.0,1.3644646924829158,0.0,4.596810933940774
MCO,Orlando,2025-11-04,November,Tuesday,380.0,379.0,1.7678100263852243,-11.0,28.19999999999999,862.0,13.192612137203167,10.343007915567282,9.514511873350923,0.2631578947368421,0.0,6.868421052631579,0.0,0.718421052631579,0.4473684210526316,3.7
MCO,Orlando,2025-11-05,November,Wednesday,385.0,384.0,-3.1979166666666665,-9.0,15.0,164.0,10.416666666666668,3.4973958333333335,9.9375,0.2597402597402597,0.0,2.3064935064935064,0.0,0.6571428571428571,0.07792207792207792,2.0103896103896104
MCO,Orlando,2025-11-06,November,Thursday,448.0,447.0,9.818791946308725,-3.0,54.80000000000007,439.0,25.727069351230426,13.604026845637584,10.062639821029082,0.2232142857142857,0.0,3.1517857142857144,0.13839285714285715,2.734375,0.0,9.267857142857142
MCO,Orlando,2025-11-07,November,Friday,454.0,437.0,9.327231121281464,0.0,47.0,249.0,29.061784897025174,11.109839816933638,10.464530892448513,3.7444933920704844,0.0,3.7400881057268722,0.18061674008810572,3.60352422907489,0.0,5.887665198237886
MCO,Orlando,2025-11-08,November,Saturday,440.0,411.0,40.67883211678832,17.0,128.0,410.0,52.06812652068127,34.73479318734793,11.450121654501217,6.59090909090909,0.0,5.1886363636363635,0.2840909090909091,24.87727272727273,0.0,10.745454545454546
MCO,Orlando,2025-11-09,November,Sunday,464.0,405.0,73.39753086419753,44.0,181.20000000000027,1430.0,68.88888888888889,53.97283950617284,14.014814814814814,10.991379310344827,1.7241379310344827,12.737068965517242,0.18318965517241378,28.26939655172414,0.0,23.74353448275862
MCO,Orlando,2025-11-10,November,Monday,461.0,426.0,41.636150234741784,20.0,108.0,1044.0,55.86854460093896,33.65492957746479,10.352112676056338,7.592190889370933,0.0,7.956616052060737,0.175704989154013,16.468546637744033,0.0,15.963123644251628
MCO,Orlando,2025-11-11,November,Tuesday,392.0,370.0,-4.175675675675675,-11.0,18.0,488.0,12.162162162162163,3.924324324324324,10.71081081081081,5.612244897959184,0.0,2.0994897959183674,0.0,2.545918367346939,0.0,1.5255102040816326
MCO,Orlando,2025-11-12,November,Wednesday,392.0,375.0,-4.64,-12.0,11.600000000000023,482.0,8.533333333333333,3.584,9.290666666666667,4.336734693877551,0.0,2.1122448979591835,0.0,2.0510204081632653,0.0,2.038265306122449
MCO,Orlando,2025-11-13,November,Thursday,453.0,434.0,-4.26036866359447,-12.0,14.699999999999989,421.0,10.138248847926267,5.9631336405529956,9.815668202764977,4.194260485651214,0.0,1.6004415011037527,0.0,0.31788079470198677,0.0,4.704194260485651
MCO,Orlando,2025-11-14,November,Friday,461.0,451.0,-7.223946784922394,-13.0,10.0,513.0,7.095343680709535,4.656319290465632,9.80931263858093,2.1691973969631237,0.0,4.2841648590021695,0.019522776572668113,0.47071583514099785,0.0,0.9522776572668112
MCO,Orlando,2025-11-15,November,Saturday,445.0,436.0,-12.628440366972477,-17.0,8.0,170.0,6.8807339449541285,0.8165137614678899,10.704128440366972,2.0224719101123596,0.0,1.4224719101123595,0.0,0.23146067415730337,0.0,1.3168539325842696
MCO,Orlando,2025-11-16,November,Sunday,463.0,462.0,-0.8701298701298701,-10.0,23.900000000000034,489.0,13.41991341991342,7.638528138528138,10.896103896103897,0.21598272138228944,0.0,3.412526997840173,0.017278617710583154,0.6911447084233261,0.0,5.105831533477322
MCO,Orlando,2025-11-17,November,Monday,445.0,444.0,-2.990990990990991,-12.0,21.0,200.0,12.837837837837837,5.887387387387387,10.362612612612613,0.22471910112359553,0.0,3.0112359550561796,0.0,0.6674157303370787,0.0,4.346067415730337
MCO,Orlando,2025-11-18,November,Tuesday,383.0,383.0,-10.101827676240209,-14.0,8.800000000000011,154.0,9.138381201044385,0.43342036553524804,10.195822454308095,0.0,0.0,1.4804177545691906,0.06527415143603134,0.2845953002610966,0.028720626631853787,2.0026109660574414
MCO,Orlando,2025-11-19,November,Wednesday,392.0,391.0,-13.787723785166241,-17.0,2.0,265.0,4.3478260869565215,-1.1892583120204603,9.21994884910486,0.25510204081632654,0.0,1.528061224489796,0.0,0.07653061224489796,0.0,0.4642857142857143
MCO,Orlando,2025-11-20,November,Thursday,441.0,433.0,-0.7136258660508084,-11.0,27.0,510.0,14.087759815242496,7.990762124711316,10.189376443418015,1.8140589569160999,0.0,3.145124716553288,0.6507936507936508,1.4648526077097506,0.0,4.81859410430839
MCO,Orlando,2025-11-21,November,Friday,487.0,486.0,2.271604938271605,-8.0,35.5,856.0,18.72427983539095,12.574074074074074,9.993827160493828,0.20533880903490762,0.0,4.895277207392197,0.03285420944558522,0.7166324435318275,0.04106776180698152,6.780287474332649
MCO,Orlando,2025-11-22,November,Saturday,481.0,479.0,-3.4112734864300625,-10.0,21.0,238.0,12.943632567849686,4.95615866388309,10.066805845511482,0.2079002079002079,0.2079002079002079,2.6091476091476093,0.0,0.7900207900207901,0.10187110187110188,3.0727650727650726
MCO,Orlando,2025-11-23,November,Sunday,478.0,474.0,-3.9367088607594938,-10.0,16.0,815.0,10.548523206751055,6.537974683544304,10.525316455696203,0.6276150627615062,0.20920502092050208,3.5209205020920504,0.0,0.3138075313807531,0.0,3.6673640167364017
MCO,Orlando,2025-11-24,November,Monday,466.0,463.0,3.4427645788336934,-10.0,39.00000000000006,310.0,16.414686825053995,10.874730021598273,10.101511879049676,0.4291845493562232,0.2145922746781116,3.6609442060085837,1.1244635193133048,1.4549356223175967,0.0,6.834763948497854
MCO,Orlando,2025-11-25,November,Tuesday,476.0,475.0,0.5284210526315789,-7.0,29.0,378.0,15.789473684210526,7.307368421052631,9.810526315789474,0.21008403361344538,0.0,3.258403361344538,0.06092436974789916,1.3508403361344539,0.0,4.428571428571429
MCO,Orlando,2025-11-26,November,Wednesday,478.0,478.0,8.435146443514645,-6.0,50.0,662.0,19.665271966527197,11.527196652719665,9.797071129707113,0.0,0.0,5.617154811715481,0.27615062761506276,2.3661087866108788,0.0,7.092050209205021
MCO,Orlando,2025-11-27,November,Thursday,301.0,301.0,-3.870431893687708,-9.0,14.0,215.0,9.966777408637874,-0.43521594684385384,9.617940199335548,0.0,0.0,2.5880398671096345,0.036544850498338874,1.5116279069767442,0.0,1.2691029900332227
MCO,Orlando,2025-11-28,November,Friday,446.0,445.0,3.81123595505618,-8.0,36.60000000000002,482.0,16.179775280898877,9.910112359550562,10.948314606741572,0.2242152466367713,0.0,6.192825112107624,0.5134529147982063,1.65695067264574,0.0,4.266816143497758
MCO,Orlando,2025-11-29,November,Saturday,489.0,472.0,16.46186440677966,-3.0,73.7000000000001,880.0,29.66101694915254,21.72669491525424,10.396186440677965,3.2719836400818,0.2044989775051125,5.014314928425358,2.9897750511247443,3.6462167689161555,0.0,11.040899795501023
MCO,Orlando,2025-11-30,November,Sunday,481.0,469.0,23.923240938166312,7.0,85.0,308.0,43.71002132196162,29.102345415778252,9.982942430703625,2.494802494802495,0.0,8.097713097713097,0.079002079002079,4.3118503118503115,0.058212058212058215,15.191268191268192
MCO,Orlando,2025-12-01,December,Monday,490.0,489.0,15.036809815950921,1.0,58.0,668.0,29.65235173824131,18.971370143149283,10.662576687116564,0.20408163265306123,0.0,5.424489795918367,0.37142857142857144,3.7183673469387757,0.0,9.56326530612245
MCO,Orlando,2025-12-02,December,Tuesday,399.0,398.0,11.492462311557789,3.0,51.30000000000001,205.0,33.41708542713568,11.899497487437186,9.452261306532664,0.2506265664160401,0.0,4.854636591478696,0.2531328320802005,6.020050125313284,0.0,5.052631578947368
MCO,Orlando,2025-12-03,December,Wednesday,397.0,397.0,2.181360201511335,-5.0,32.80000000000007,266.0,18.639798488664987,7.27455919395466,9.493702770780857,0.0,0.0,2.632241813602015,0.19395465994962216,3.136020151133501,0.16120906801007556,2.6624685138539044
MCO,Orlando,2025-12-04,December,Thursday,445.0,445.0,11.523595505617978,-2.0,42.60000000000002,783.0,27.191011235955052,14.676404494382023,9.986516853932585,0.0,0.0,6.384269662921349,0.4651685393258427,2.595505617977528,0.0,7.240449438202247
MCO,Orlando,2025-12-05,December,Friday,454.0,452.0,16.949115044247787,1.0,58.0,601.0,29.867256637168143,19.08407079646018,9.86504424778761,0.4405286343612335,0.0,7.409691629955947,0.6079295154185022,3.859030837004405,0.09691629955947137,9.363436123348018
MCO,Orlando,2025-12-06,December,Saturday,446.0,446.0,4.858744394618834,0.0,35.0,225.0,22.6457399103139,5.365470852017937,11.195067264573991,0.0,0.0,3.085201793721973,0.0,4.367713004484305,0.1412556053811659,2.6345291479820627
MCO,Orlando,2025-12-07,December,Sunday,470.0,443.0,57.46726862302483,18.0,178.20000000000005,832.0,53.95033860045147,45.011286681715575,13.948081264108351,1.702127659574468,4.042553191489362,7.54468085106383,4.376595744680851,28.546808510638296,0.0,15.87872340425532
MCO,Orlando,2025-12-08,December,Monday,453.0,443.0,12.300225733634312,0.0,39.80000000000001,853.0,25.733634311512414,13.381489841986456,11.591422121896162,2.207505518763797,0.0,6.013245033112582,0.23399558498896247,4.50551876379691,0.0,6.101545253863135
MCO,Orlando,2025-12-09,December,Tuesday,382.0,382.0,-0.14921465968586387,-7.0,21.0,226.0,13.612565445026178,4.670157068062827,10.065445026178011,0.0,0.0,3.020942408376963,0.1544502617801047,1.568062827225131,0.0,2.5654450261780104
MCO,Orlando,2025-12-10,December,Wednesday,381.0,381.0,2.711286089238845,-3.0,28.0,231.0,20.47244094488189,5.858267716535433,9.94750656167979,0.0,0.0,3.921259842519685,0.02099737532808399,2.2178477690288716,0.0,2.406824146981627
MCO,Orlando,2025-12-11,December,Thursday,450.0,450.0,2.151111111111111,-7.0,37.0,390.0,18.88888888888889,9.833333333333334,10.446666666666667,0.0,0.0,3.8755555555555556,0.011111111111111112,1.48,0.0,4.875555555555556
MCO,Orlando,2025-12-12,December,Friday,464.0,463.0,3.794816414686825,-5.0,31.0,334.0,21.814254859611232,9.544276457883369,10.879049676025918,0.21551724137931033,0.0,4.181034482758621,0.3081896551724138,1.543103448275862,0.0,4.7780172413793105
MCO,Orlando,2025-12-13,December,Saturday,444.0,443.0,6.187358916478555,-5.0,30.80000000000001,959.0,18.510158013544018,10.878103837471784,10.408577878103838,0.22522522522522523,0.0,5.88963963963964,0.11711711711711711,2.1666666666666665,0.0,4.65990990990991
MCO,Orlando,2025-12-14,December,Sunday,471.0,447.0,47.79642058165548,13.0,153.40000000000003,689.0,49.44071588366891,44.98434004474273,11.496644295302014,5.095541401273886,0.0,9.343949044585987,7.2717622080679405,11.24416135881104,0.0,21.063694267515924
MCO,Orlando,2025-12-15,December,Monday,452.0,444.0,9.943693693693694,-6.0,48.69999999999999,692.0,20.495495495495494,19.25225225225225,10.783783783783784,1.5486725663716814,0.22123893805309736,6.610619469026549,0.08185840707964602,2.25,0.0,8.530973451327434
MCO,Orlando,2025-12-16,December,Tuesday,378.0,378.0,-1.3915343915343916,-11.0,14.0,980.0,9.25925925925926,9.666666666666666,10.314814814814815,0.0,0.0,7.6534391534391535,0.0,0.15873015873015872,0.0,1.880952380952381
MCO,Orlando,2025-12-17,December,Wednesday,379.0,378.0,-2.513227513227513,-8.0,19.30000000000001,287.0,11.904761904761903,5.558201058201059,9.915343915343914,0.0,0.2638522427440633,2.7229551451187337,0.0,0.47493403693931396,0.023746701846965697,2.4934036939313984
MCO,Orlando,2025-12-18,December,Thursday,477.0,476.0,9.67436974789916,0.0,44.0,556.0,26.47058823529412,10.676470588235293,10.006302521008404,0.20964360587002098,0.0,3.0251572327044025,0.0,3.3752620545073375,0.1949685534591195,6.687631027253669
MCO,Orlando,2025-12-19,December,Friday,503.0,498.0,26.186746987951807,7.0,73.30000000000001,956.0,39.1566265060241,30.64859437751004,10.85140562248996,0.9940357852882704,0.0,10.546719681908549,0.32803180914512925,4.459244532803181,0.0,13.882703777335983
MCO,Orlando,2025-12-20,December,Saturday,509.0,502.0,12.836653386454183,0.0,51.80000000000007,808.0,28.48605577689243,20.49601593625498,11.342629482071713,1.37524557956778,0.0,5.724950884086444,0.0,4.0216110019646365,0.13163064833005894,7.836935166994106
MCO,Orlando,2025-12-21,December,Sunday,518.0,508.0,8.984251968503937,-4.0,48.0,1050.0,23.4251968503937,17.97244094488189,11.035433070866143,1.7374517374517375,0.19305019305019305,8.18918918918919,0.0,1.640926640926641,0.0,5.525096525096525
MCO,Orlando,2025-12-22,December,Monday,522.0,516.0,-0.31589147286821706,-8.0,23.5,330.0,14.728682170542637,11.443798449612403,11.965116279069768,1.1494252873563218,0.0,3.053639846743295,0.27586206896551724,0.7950191570881227,0.017241379310344827,4.059386973180077
MCO,Orlando,2025-12-23,December,Tuesday,513.0,511.0,11.534246575342467,-4.0,48.0,897.0,26.027397260273972,21.587084148727985,11.847358121330725,0.1949317738791423,0.1949317738791423,7.076023391812866,0.1793372319688109,2.4853801169590644,0.0,9.664717348927875
MCO,Orlando,2025-12-24,December,Wednesday,425.0,421.0,-6.0831353919239906,-13.0,15.0,1065.0,10.451306413301662,9.646080760095012,9.961995249406176,0.9411764705882352,0.0,5.910588235294117,0.06823529411764706,0.3270588235294118,0.0,1.5482352941176472
MCO,Orlando,2025-12-25,December,Thursday,425.0,423.0,-8.88888888888889,-16.0,13.0,589.0,9.456264775413711,8.063829787234043,11.087470449172576,0.4705882352941176,0.0,3.04,0.0,0.6611764705882353,0.05647058823529412,3.548235294117647
MCO,Orlando,2025-12-26,December,Friday,524.0,499.0,55.88176352705411,27.0,167.0,991.0,58.91783567134269,57.35871743486974,14.016032064128256,4.770992366412214,0.0,8.603053435114504,1.9541984732824427,30.778625954198475,0.011450381679389313,14.629770992366412
MCO,Orlando,2025-12-27,December,Saturday,516.0,480.0,54.610416666666666,32.5,159.30000000000007,410.0,64.79166666666667,56.2375,13.472916666666666,6.976744186046512,0.0,8.699612403100776,1.2073643410852712,21.302325581395348,0.0755813953488372,20.53488372093023
MCO,Orlando,2025-12-28,December,Sunday,519.0,504.0,29.13888888888889,9.0,97.0,1212.0,42.857142857142854,35.23412698412698,12.84920634920635,2.8901734104046244,0.0,11.919075144508671,0.08863198458574181,4.606936416184971,0.08863198458574181,15.672447013487476
MCO,Orlando,2025-12-29,December,Monday,519.0,503.0,24.749502982107355,7.0,84.0,386.0,43.33996023856859,26.50099403578529,11.79324055666004,3.0828516377649327,0.0,9.556840077071291,0.2543352601156069,5.6859344894026975,0.028901734104046242,12.315992292870906
MCO,Orlando,2025-12-30,December,Tuesday,518.0,514.0,20.359922178988327,7.0,62.0,996.0,39.10505836575876,24.715953307392997,11.608949416342412,0.7722007722007722,0.0,8.268339768339768,0.3088803088803089,3.2162162162162162,0.03861003861003861,11.35135135135135
MCO,Orlando,2025-12-31,December,Wednesday,438.0,436.0,4.26605504587156,-8.0,37.5,1133.0,20.412844036697248,15.378440366972477,11.073394495412844,0.45662100456621,0.0,5.029680365296803,0.0,2.0525114155251143,0.0,7.3744292237442925
MIA,Miami,2025-01-01,January,Wednesday,337.0,337.0,-1.5875370919881306,-8.0,24.400000000000034,320.0,15.133531157270031,4.287833827893175,12.347181008902076,0.0,0.0,1.5341246290801187,0.11869436201780416,2.335311572700297,0.08902077151335312,3.7863501483679527
MIA,Miami,2025-01-02,January,Thursday,348.0,348.0,4.0344827586206895,-6.0,29.0,842.0,18.96551724137931,9.683908045977011,11.772988505747126,0.0,0.0,4.505747126436781,0.020114942528735632,1.8908045977011494,0.0,5.022988505747127
MIA,Miami,2025-01-03,January,Friday,349.0,349.0,11.111747851002866,-4.0,48.0,921.0,23.49570200573066,17.707736389684815,12.770773638968482,0.0,0.0,7.214899713467049,0.2148997134670487,2.1977077363896846,0.03151862464183381,8.527220630372494
MIA,Miami,2025-01-04,January,Saturday,367.0,366.0,22.117486338797814,1.0,86.0,1503.0,37.15846994535519,27.740437158469945,15.325136612021858,0.2724795640326975,0.0,9.689373297002724,0.9809264305177112,7.539509536784741,0.10626702997275204,10.602179836512262
MIA,Miami,2025-01-05,January,Sunday,345.0,335.0,13.677611940298508,-4.0,62.800000000000296,460.0,28.65671641791045,20.2,11.15223880597015,2.898550724637681,0.0,8.179710144927537,0.7652173913043478,4.544927536231884,0.19130434782608696,6.886956521739131
MIA,Miami,2025-01-06,January,Monday,337.0,308.0,31.551948051948052,11.5,102.90000000000003,1294.0,47.4025974025974,25.175324675324674,12.21103896103896,8.605341246290802,0.0,9.973293768545995,2.320474777448071,10.207715133531158,0.0,9.732937685459941
MIA,Miami,2025-01-07,January,Tuesday,312.0,304.0,4.4605263157894735,-8.0,35.69999999999999,557.0,21.38157894736842,11.391447368421053,11.256578947368421,2.2435897435897436,0.3205128205128205,5.887820512820513,0.24358974358974358,2.217948717948718,0.0,4.461538461538462
MIA,Miami,2025-01-08,January,Wednesday,313.0,313.0,-2.4313099041533546,-9.0,26.400000000000034,117.0,15.974440894568689,4.440894568690096,12.62300319488818,0.0,0.0,2.5463258785942493,0.10862619808306709,2.0447284345047922,0.0,1.6006389776357828
MIA,Miami,2025-01-09,January,Thursday,329.0,318.0,-2.2955974842767297,-11.0,26.0,479.0,16.037735849056602,8.081761006289309,12.29559748427673,3.343465045592705,0.0,2.2796352583586628,2.3009118541033433,1.6534954407294833,0.0,2.5501519756838906
MIA,Miami,2025-01-10,January,Friday,335.0,306.0,19.88562091503268,-3.0,60.5,1334.0,22.54901960784314,24.905228758169933,10.905228758169935,8.656716417910449,0.0,8.997014925373135,8.188059701492538,3.719402985074627,0.050746268656716415,4.3014925373134325
MIA,Miami,2025-01-11,January,Saturday,333.0,318.0,18.12264150943396,3.0,67.30000000000001,435.0,35.53459119496855,18.32704402515723,13.40251572327044,4.504504504504505,0.0,10.123123123123124,0.7147147147147147,6.5225225225225225,0.057057057057057055,5.72972972972973
MIA,Miami,2025-01-12,January,Sunday,336.0,336.0,8.080357142857142,-7.0,53.0,535.0,23.809523809523807,14.431547619047619,11.431547619047619,0.0,0.0,4.854166666666667,0.19940476190476192,3.2023809523809526,0.13095238095238096,8.583333333333334
MIA,Miami,2025-01-13,January,Monday,326.0,326.0,-3.7024539877300615,-12.0,12.0,1230.0,9.202453987730062,4.395705521472393,9.785276073619633,0.0,0.0,1.8251533742331287,0.0,0.8773006134969326,0.30368098159509205,4.966257668711656
MIA,Miami,2025-01-14,January,Tuesday,303.0,303.0,-4.346534653465347,-10.0,18.80000000000001,444.0,11.221122112211221,-0.3234323432343234,10.752475247524753,0.0,0.0,2.792079207920792,0.6072607260726073,1.8844884488448845,0.0,0.27722772277227725
MIA,Miami,2025-01-15,January,Wednesday,305.0,305.0,-6.672131147540983,-12.0,9.0,263.0,7.868852459016394,3.278688524590164,9.38032786885246,0.0,0.0,3.0098360655737704,0.0,0.5606557377049181,0.0,1.839344262295082
MIA,Miami,2025-01-16,January,Thursday,333.0,332.0,-1.7891566265060241,-14.0,15.900000000000034,1011.0,10.843373493975903,9.015060240963855,10.174698795180722,0.0,0.3003003003003003,4.4924924924924925,0.036036036036036036,5.435435435435435,0.0,1.3933933933933933
MIA,Miami,2025-01-17,January,Friday,335.0,335.0,2.191044776119403,-9.0,24.800000000000068,571.0,14.626865671641792,11.402985074626866,11.397014925373135,0.0,0.0,3.671641791044776,0.04776119402985075,1.4268656716417911,0.0,6.268656716417911
MIA,Miami,2025-01-18,January,Saturday,333.0,332.0,-1.9397590361445782,-8.0,19.0,683.0,12.349397590361445,4.86144578313253,11.099397590361447,0.0,0.3003003003003003,3.3873873873873874,0.0,1.8288288288288288,0.0,2.3843843843843846
MIA,Miami,2025-01-19,January,Sunday,330.0,321.0,21.22429906542056,9.0,67.0,820.0,42.679127725856695,13.822429906542055,12.485981308411215,2.727272727272727,0.0,5.909090909090909,0.6,10.736363636363636,0.024242424242424242,7.512121212121212
MIA,Miami,2025-01-20,January,Monday,336.0,331.0,18.350453172205437,2.0,59.0,656.0,34.13897280966767,17.930513595166165,11.380664652567976,1.488095238095238,0.0,6.991071428571429,0.7976190476190477,5.651785714285714,0.19642857142857142,8.895833333333334
MIA,Miami,2025-01-21,January,Tuesday,305.0,280.0,15.153571428571428,1.0,40.099999999999994,1330.0,27.142857142857142,14.67142857142857,9.6,8.19672131147541,0.0,8.249180327868853,1.977049180327869,4.383606557377049,0.0,3.685245901639344
MIA,Miami,2025-01-22,January,Wednesday,306.0,274.0,16.343065693430656,1.0,44.0,849.0,28.832116788321166,14.927007299270073,13.178832116788321,10.457516339869281,0.0,8.88888888888889,0.32679738562091504,4.549019607843137,0.0,4.96078431372549
MIA,Miami,2025-01-23,January,Thursday,331.0,303.0,65.3069306930693,24.0,188.20000000000005,1023.0,59.07590759075908,55.943894389438945,13.603960396039604,6.948640483383686,1.5105740181268883,4.619335347432024,2.120845921450151,40.65256797583081,0.0,13.634441087613293
MIA,Miami,2025-01-24,January,Friday,333.0,321.0,13.470404984423675,6.0,52.0,319.0,35.202492211838006,10.22429906542056,13.445482866043614,3.6036036036036037,0.0,3.5855855855855854,0.4864864864864865,6.8108108108108105,0.003003003003003003,5.798798798798799
MIA,Miami,2025-01-25,January,Saturday,333.0,328.0,-0.9359756097560976,-10.0,35.30000000000001,253.0,17.378048780487802,4.7317073170731705,12.579268292682928,0.0,1.5015015015015014,3.2972972972972974,0.0,4.039039039039039,0.04804804804804805,2.33033033033033
MIA,Miami,2025-01-26,January,Sunday,339.0,338.0,-8.035502958579881,-13.0,14.0,233.0,9.467455621301776,0.878698224852071,13.014792899408285,0.0,0.2949852507374631,0.8849557522123894,0.0,0.8259587020648967,0.0,2.4277286135693217
MIA,Miami,2025-01-27,January,Monday,327.0,327.0,-7.82262996941896,-14.0,15.800000000000068,368.0,10.397553516819572,3.3700305810397553,13.027522935779816,0.0,0.0,4.617737003058104,0.0,1.379204892966361,0.0,1.2599388379204892
MIA,Miami,2025-01-28,January,Tuesday,304.0,304.0,-18.286184210526315,-22.0,-1.0,213.0,4.276315789473684,-2.710526315789474,11.256578947368421,0.0,0.0,0.8519736842105263,0.0,0.2598684210526316,0.0,0.8388157894736842
MIA,Miami,2025-01-29,January,Wednesday,306.0,305.0,-9.901639344262295,-15.0,10.600000000000023,257.0,8.524590163934425,1.6032786885245902,11.750819672131147,0.32679738562091504,0.0,2.19281045751634,0.28104575163398693,0.8137254901960784,0.0,1.1993464052287581
MIA,Miami,2025-01-30,January,Thursday,330.0,322.0,-2.3385093167701863,-12.0,24.900000000000034,343.0,13.354037267080745,8.627329192546584,10.5,2.4242424242424243,0.0,4.0181818181818185,0.16363636363636364,1.4303030303030304,0.0,4.3090909090909095
MIA,Miami,2025-01-31,January,Friday,332.0,332.0,-1.0662650602409638,-7.5,16.900000000000034,672.0,12.951807228915662,5.63855421686747,9.216867469879517,0.0,0.0,2.1144578313253013,0.04819277108433735,0.9879518072289156,0.0,3.9066265060240966
MIA,Miami,2025-02-01,February,Saturday,333.0,333.0,-3.4954954954954953,-10.0,15.0,381.0,10.51051051051051,3.126126126126126,10.324324324324325,0.0,0.0,3.159159159159159,0.13813813813813813,1.3723723723723724,0.0,1.966966966966967
MIA,Miami,2025-02-02,February,Sunday,339.0,339.0,1.0707964601769913,-13.0,15.0,1210.0,10.32448377581121,9.943952802359883,10.56047197640118,0.0,0.0,4.946902654867257,0.02359882005899705,0.8141592920353983,0.0,6.584070796460177
MIA,Miami,2025-02-03,February,Monday,328.0,328.0,-0.006097560975609756,-16.0,14.300000000000011,1889.0,10.060975609756099,10.487804878048781,11.50609756097561,0.0,0.0,9.701219512195122,0.04878048780487805,1.1615853658536586,0.0,3.524390243902439
MIA,Miami,2025-02-04,February,Tuesday,304.0,304.0,-13.983552631578947,-17.0,1.0,187.0,4.276315789473684,-1.105263157894737,9.546052631578947,0.0,0.0,1.9342105263157894,0.6151315789473685,0.11842105263157894,0.0,0.45723684210526316
MIA,Miami,2025-02-05,February,Wednesday,306.0,305.0,-0.819672131147541,-16.0,12.0,2086.0,8.852459016393443,10.331147540983606,11.298360655737705,0.0,0.32679738562091504,10.702614379084967,0.1111111111111111,0.869281045751634,0.0,2.3529411764705883
MIA,Miami,2025-02-06,February,Thursday,335.0,329.0,3.474164133738602,-12.0,39.0,827.0,22.188449848024316,14.872340425531915,8.717325227963526,1.791044776119403,0.0,5.020895522388059,0.8626865671641791,2.611940298507463,0.0,7.370149253731343
MIA,Miami,2025-02-07,February,Friday,337.0,335.0,-13.217910447761193,-17.0,6.600000000000023,96.0,6.26865671641791,2.208955223880597,9.674626865671641,0.2967359050445104,0.2967359050445104,1.1899109792284865,0.0,0.2997032640949555,0.14836795252225518,0.8813056379821959
MIA,Miami,2025-02-08,February,Saturday,334.0,330.0,1.293939393939394,-14.0,19.100000000000023,851.0,12.424242424242424,11.712121212121213,11.89090909090909,0.5988023952095809,0.5988023952095809,5.032934131736527,6.775449101796407,1.844311377245509,0.11676646706586827,0.8203592814371258
MIA,Miami,2025-02-09,February,Sunday,334.0,319.0,1.5799373040752351,-10.0,45.39999999999998,234.0,18.808777429467085,10.369905956112852,10.373040752351097,4.491017964071856,0.0,3.9820359281437128,0.10479041916167664,2.143712574850299,0.4550898203592814,5.179640718562874
MIA,Miami,2025-02-10,February,Monday,332.0,332.0,-5.8343373493975905,-15.0,13.900000000000034,436.0,8.734939759036145,5.852409638554217,10.457831325301205,0.0,0.0,2.7590361445783134,0.0,1.180722891566265,0.0,3.6927710843373496
MIA,Miami,2025-02-11,February,Tuesday,305.0,304.0,-5.967105263157895,-14.0,17.399999999999977,251.0,10.526315789473683,2.4835526315789473,8.963815789473685,0.32786885245901637,0.0,2.216393442622951,1.3245901639344262,1.8918032786885246,0.0,2.177049180327869
MIA,Miami,2025-02-12,February,Wednesday,322.0,320.0,7.115625,-4.0,34.10000000000002,386.0,24.6875,7.91875,9.240625,0.6211180124223602,0.0,4.25776397515528,1.0217391304347827,5.090062111801243,0.0,3.3167701863354035
MIA,Miami,2025-02-13,February,Thursday,350.0,349.0,39.5243553008596,15.0,95.39999999999998,1398.0,50.1432664756447,31.263610315186245,10.722063037249283,0.2857142857142857,0.0,13.125714285714286,0.13428571428571429,14.928571428571429,0.0,12.114285714285714
MIA,Miami,2025-02-14,February,Friday,348.0,345.0,7.388405797101449,-6.0,40.0,606.0,20.579710144927535,12.773913043478261,9.4,0.8620689655172413,0.0,5.959770114942529,1.6379310344827587,2.0,0.0,4.172413793103448
MIA,Miami,2025-02-15,February,Saturday,367.0,365.0,19.221917808219178,1.0,61.0,919.0,32.602739726027394,19.545205479452054,11.24931506849315,0.544959128065395,0.0,11.907356948228882,1.3160762942779292,6.155313351498638,0.02452316076294278,5.520435967302452
MIA,Miami,2025-02-16,February,Sunday,350.0,323.0,60.39318885448916,26.0,194.80000000000007,637.0,59.75232198142415,51.575851393188856,14.263157894736842,7.7142857142857135,0.0,13.337142857142856,5.774285714285714,22.922857142857143,0.0,15.888571428571428
MIA,Miami,2025-02-17,February,Monday,347.0,331.0,35.3595166163142,10.0,100.0,1637.0,44.41087613293052,38.04833836858006,9.477341389728096,4.610951008645533,0.0,14.24207492795389,0.1988472622478386,10.250720461095101,0.0,12.0835734870317
MIA,Miami,2025-02-18,February,Tuesday,330.0,329.0,13.99696048632219,-3.0,47.39999999999998,670.0,24.620060790273556,15.27355623100304,10.285714285714286,0.30303030303030304,0.0,4.224242424242425,0.796969696969697,3.903030303030303,0.03333333333333333,10.242424242424242
MIA,Miami,2025-02-19,February,Wednesday,327.0,322.0,28.677018633540374,20.0,75.0,217.0,58.07453416149069,9.972049689440993,16.226708074534162,1.2232415902140672,0.3058103975535168,3.6636085626911314,0.38837920489296635,18.795107033639145,0.0,6.186544342507645
MIA,Miami,2025-02-20,February,Thursday,352.0,347.0,13.743515850144092,3.0,56.0,273.0,32.27665706051873,13.403458213256485,10.887608069164266,1.4204545454545454,0.0,5.3125,0.4005681818181818,5.4289772727272725,0.0,6.346590909090909
MIA,Miami,2025-02-21,February,Friday,349.0,348.0,7.169540229885057,-5.0,38.0,898.0,18.96551724137931,13.508620689655173,10.14080459770115,0.0,0.28653295128939826,7.808022922636103,0.0,1.3123209169054442,0.022922636103151862,4.997134670487106
MIA,Miami,2025-02-22,February,Saturday,368.0,368.0,-1.4755434782608696,-9.0,22.30000000000001,644.0,13.586956521739129,6.010869565217392,9.839673913043478,0.0,0.0,3.1684782608695654,0.26902173913043476,0.9619565217391305,0.0,3.6222826086956523
MIA,Miami,2025-02-23,February,Sunday,353.0,353.0,-2.6175637393767706,-8.0,21.0,235.0,15.864022662889518,3.4589235127478752,10.441926345609065,0.0,0.0,2.0254957507082154,0.07365439093484419,1.6373937677053825,0.031161473087818695,2.971671388101983
MIA,Miami,2025-02-24,February,Monday,349.0,348.0,5.094827586206897,-5.0,27.0,777.0,19.82758620689655,7.353448275862069,10.683908045977011,0.28653295128939826,0.0,4.830945558739255,0.022922636103151862,1.859598853868195,0.0,5.143266475644699
MIA,Miami,2025-02-25,February,Tuesday,327.0,327.0,-0.17737003058103976,-9.0,22.0,659.0,14.067278287461773,4.740061162079511,14.437308868501528,0.0,0.0,2.764525993883792,0.0,1.6269113149847094,0.0,5.767584097859327
MIA,Miami,2025-02-26,February,Wednesday,325.0,325.0,-2.6615384615384614,-18.0,9.0,1756.0,8.923076923076923,11.070769230769232,10.772307692307692,0.0,0.0,10.338461538461539,0.0,0.44,0.14153846153846153,2.8030769230769232
MIA,Miami,2025-02-27,February,Thursday,350.0,350.0,-4.022857142857143,-10.0,14.0,612.0,9.142857142857142,4.808571428571429,10.56,0.0,0.0,2.902857142857143,0.0,1.1914285714285715,0.0,2.854285714285714
MIA,Miami,2025-02-28,February,Friday,347.0,347.0,1.2536023054755043,-11.0,17.400000000000034,1826.0,11.527377521613833,10.103746397694524,11.354466858789625,0.0,0.0,1.8731988472622478,0.0,0.7435158501440923,0.0,9.184438040345821
MIA,Miami,2025-03-01,March,Saturday,367.0,367.0,3.11716621253406,-6.0,23.800000000000068,615.0,16.348773841961854,6.008174386920981,11.80108991825613,0.0,0.0,3.885558583106267,0.0,3.7465940054495914,0.0,2.7029972752043596
MIA,Miami,2025-03-02,March,Sunday,352.0,352.0,-1.3977272727272727,-9.0,26.900000000000034,180.0,17.329545454545457,6.130681818181818,14.414772727272727,0.0,0.0,2.059659090909091,0.048295454545454544,2.0738636363636362,0.0,4.042613636363637
MIA,Miami,2025-03-03,March,Monday,346.0,345.0,-5.292753623188406,-17.0,12.0,1469.0,9.855072463768117,8.669565217391304,11.446376811594202,0.2890173410404624,0.0,2.6560693641618496,0.0,0.7456647398843931,0.0,7.7485549132947975
MIA,Miami,2025-03-04,March,Tuesday,322.0,318.0,2.0251572327044025,-12.0,25.600000000000023,1314.0,13.522012578616351,11.770440251572326,11.669811320754716,1.2422360248447204,0.0,4.273291925465839,1.3074534161490683,0.8416149068322981,0.037267080745341616,8.161490683229813
MIA,Miami,2025-03-05,March,Wednesday,326.0,317.0,11.334384858044164,-2.0,40.0,450.0,29.652996845425868,10.343848580441641,11.886435331230285,2.7607361963190185,0.0,4.4079754601226995,1.1595092024539877,6.404907975460123,0.0,4.622699386503068
MIA,Miami,2025-03-06,March,Thursday,351.0,344.0,0.4011627906976744,-13.5,30.0,701.0,16.569767441860463,12.25,12.741279069767442,0.2849002849002849,1.7094017094017095,4.9914529914529915,0.09686609686609686,2.50997150997151,0.0,5.507122507122507
MIA,Miami,2025-03-07,March,Friday,349.0,349.0,-4.32378223495702,-11.0,26.19999999999999,413.0,12.893982808022923,7.36676217765043,11.446991404011461,0.0,0.0,3.7048710601719197,0.05730659025787966,1.2779369627507164,0.0,2.650429799426934
MIA,Miami,2025-03-08,March,Saturday,375.0,373.0,1.032171581769437,-7.0,30.0,235.0,20.37533512064343,6.664879356568365,12.471849865951743,0.26666666666666666,0.26666666666666666,3.712,0.31466666666666665,1.8906666666666667,0.0,3.501333333333333
MIA,Miami,2025-03-09,March,Sunday,359.0,358.0,16.48324022346369,1.0,63.0,828.0,30.16759776536313,18.43016759776536,13.80167597765363,0.2785515320334262,0.0,7.072423398328691,1.6713091922005572,5.401114206128134,0.3593314763231198,7.181058495821727
MIA,Miami,2025-03-10,March,Monday,348.0,346.0,15.294797687861271,6.0,67.0,255.0,37.57225433526011,10.205202312138729,11.901734104046243,0.28735632183908044,0.28735632183908044,4.313218390804598,0.2413793103448276,10.862068965517242,0.0,4.594827586206897
MIA,Miami,2025-03-11,March,Tuesday,342.0,342.0,-14.719298245614034,-22.0,1.900000000000034,277.0,6.725146198830409,2.7076023391812867,11.464912280701755,0.0,0.0,2.745614035087719,0.0,0.23684210526315788,0.0,2.7514619883040936
MIA,Miami,2025-03-12,March,Wednesday,338.0,338.0,-13.745562130177515,-19.0,7.0,345.0,6.508875739644971,2.1153846153846154,10.837278106508876,0.0,0.0,1.8846153846153846,0.0,0.5502958579881657,0.0650887573964497,2.2514792899408285
MIA,Miami,2025-03-13,March,Thursday,352.0,352.0,-6.761363636363637,-15.0,23.900000000000034,375.0,13.068181818181818,6.846590909090909,10.954545454545455,0.0,0.0,2.133522727272727,0.0,1.7471590909090908,0.0,3.625
MIA,Miami,2025-03-14,March,Friday,349.0,348.0,-9.744252873563218,-17.0,13.300000000000011,357.0,9.482758620689655,6.649425287356322,10.24712643678161,0.28653295128939826,0.0,4.326647564469914,0.054441260744985676,0.40974212034383956,0.0,1.6504297994269341
MIA,Miami,2025-03-15,March,Saturday,378.0,375.0,11.52,-3.0,56.60000000000002,377.0,28.26666666666667,16.536,10.738666666666667,0.7936507936507936,0.0,5.386243386243386,0.5158730158730159,4.560846560846561,0.0,8.447089947089948
MIA,Miami,2025-03-16,March,Sunday,360.0,342.0,81.47076023391813,48.0,211.60000000000014,874.0,69.88304093567251,70.58187134502924,12.74561403508772,5.0,0.0,9.8,7.911111111111111,38.172222222222224,0.0,23.741666666666667
MIA,Miami,2025-03-17,March,Monday,347.0,333.0,15.915915915915916,-2.0,65.60000000000002,687.0,30.33033033033033,21.67267267267267,12.423423423423424,4.034582132564841,0.0,7.008645533141211,0.0,3.118155619596542,0.0,11.976945244956772
MIA,Miami,2025-03-18,March,Tuesday,342.0,342.0,-11.850877192982455,-18.0,13.900000000000034,772.0,9.064327485380117,5.9035087719298245,11.555555555555555,0.0,0.0,3.9064327485380117,0.0,0.6111111111111112,0.0,1.8596491228070176
MIA,Miami,2025-03-19,March,Wednesday,340.0,339.0,-4.710914454277286,-18.0,20.19999999999999,1435.0,12.094395280235988,13.672566371681416,9.752212389380531,0.29411764705882354,0.0,8.708823529411765,0.09411764705882353,0.1323529411764706,0.0,4.5852941176470585
MIA,Miami,2025-03-20,March,Thursday,354.0,353.0,5.050991501416431,-7.0,37.0,506.0,20.679886685552407,10.297450424929178,12.090651558073654,0.2824858757062147,0.0,4.887005649717514,0.2570621468926554,2.8757062146892656,0.04519774011299435,5.3192090395480225
MIA,Miami,2025-03-21,March,Friday,351.0,351.0,-1.4102564102564104,-10.0,32.0,238.0,18.233618233618234,8.603988603988604,10.863247863247864,0.0,0.0,4.022792022792022,0.09116809116809117,1.225071225071225,0.08547008547008547,3.9287749287749287
MIA,Miami,2025-03-22,March,Saturday,380.0,379.0,-3.6807387862796834,-12.0,23.399999999999977,206.0,14.511873350923482,5.179419525065963,11.387862796833772,0.2631578947368421,0.0,2.85,0.0,0.8078947368421052,0.0,3.863157894736842
MIA,Miami,2025-03-23,March,Sunday,362.0,362.0,0.19889502762430938,-6.0,25.900000000000034,488.0,15.745856353591158,5.4088397790055245,10.839779005524862,0.0,0.0,3.0773480662983426,0.0856353591160221,1.2955801104972375,0.0,3.903314917127072
MIA,Miami,2025-03-24,March,Monday,349.0,349.0,6.289398280802292,-3.0,36.0,495.0,22.636103151862464,6.954154727793696,10.103151862464184,0.0,0.0,2.35243553008596,0.15759312320916904,3.825214899713467,0.09455587392550144,5.939828080229226
MIA,Miami,2025-03-25,March,Tuesday,343.0,342.0,9.084795321637428,-4.0,59.0,276.0,23.976608187134502,7.321637426900585,14.257309941520468,0.2915451895043732,0.0,2.3498542274052476,0.5072886297376094,5.988338192419825,0.0,6.685131195335277
MIA,Miami,2025-03-26,March,Wednesday,341.0,340.0,-5.276470588235294,-13.0,17.100000000000023,663.0,12.058823529411764,5.132352941176471,10.320588235294117,0.0,0.2932551319648094,4.838709677419355,0.02346041055718475,0.6422287390029325,0.03812316715542522,1.5219941348973607
MIA,Miami,2025-03-27,March,Thursday,355.0,355.0,-4.0647887323943666,-15.0,20.0,752.0,12.676056338028168,9.743661971830987,9.002816901408451,0.0,0.0,2.3830985915492957,0.0,0.476056338028169,0.10985915492957747,7.630985915492958
MIA,Miami,2025-03-28,March,Friday,351.0,351.0,-3.091168091168091,-10.0,21.0,528.0,15.954415954415953,7.0,9.732193732193732,0.0,0.0,3.3276353276353277,0.05982905982905983,1.7578347578347577,0.13105413105413105,2.9857549857549857
MIA,Miami,2025-03-29,March,Saturday,378.0,375.0,5.392,-5.0,32.0,578.0,22.400000000000002,9.477333333333334,11.786666666666667,0.0,0.7936507936507936,5.277777777777778,0.09259259259259259,2.9126984126984126,0.0,5.21957671957672
MIA,Miami,2025-03-30,March,Sunday,359.0,295.0,55.56271186440678,18.0,171.0,1080.0,51.186440677966104,43.0,18.9864406779661,9.749303621169917,8.07799442896936,7.423398328690808,4.908077994428969,25.671309192200557,0.002785515320334262,12.557103064066853
MIA,Miami,2025-03-31,March,Monday,346.0,312.0,70.91666666666667,40.0,191.90000000000003,683.0,62.82051282051282,69.27884615384616,10.804487179487179,9.826589595375722,0.0,8.50578034682081,6.1473988439306355,26.03179190751445,0.0,26.352601156069365
MIA,Miami,2025-04-01,April,Tuesday,345.0,336.0,8.744047619047619,-10.0,51.0,692.0,19.940476190476193,18.839285714285715,10.491071428571429,2.608695652173913,0.0,9.063768115942029,0.06086956521739131,0.8463768115942029,0.0,9.09855072463768
MIA,Miami,2025-04-02,April,Wednesday,342.0,338.0,12.7396449704142,-10.0,54.60000000000002,793.0,20.414201183431953,19.671597633136095,9.644970414201184,1.1695906432748537,0.0,5.9678362573099415,3.482456140350877,4.152046783625731,0.0,9.748538011695906
MIA,Miami,2025-04-03,April,Thursday,354.0,344.0,19.593023255813954,-2.0,78.39999999999998,464.0,35.174418604651166,21.75,12.738372093023257,2.2598870056497176,0.5649717514124294,6.686440677966102,0.9152542372881356,5.771186440677966,0.0,12.728813559322035
MIA,Miami,2025-04-04,April,Friday,333.0,328.0,19.472560975609756,5.0,64.60000000000002,349.0,38.109756097560975,16.551829268292682,9.472560975609756,1.2012012012012012,0.3003003003003003,3.774774774774775,0.6726726726726727,7.468468468468468,0.15615615615615616,10.912912912912914
MIA,Miami,2025-04-05,April,Saturday,347.0,342.0,22.146198830409357,1.0,89.0,975.0,34.50292397660819,20.046783625730995,10.201754385964913,1.440922190201729,0.0,8.919308357348703,3.164265129682997,5.717579250720461,0.06340057636887608,8.587896253602306
MIA,Miami,2025-04-06,April,Sunday,352.0,349.0,14.412607449856733,0.0,49.599999999999966,688.0,28.36676217765043,13.724928366762178,9.12893982808023,0.8522727272727272,0.0,6.488636363636363,0.6363636363636364,3.6704545454545454,0.24147727272727273,7.238636363636363
MIA,Miami,2025-04-07,April,Monday,339.0,334.0,14.970059880239521,1.0,68.39999999999998,456.0,29.94011976047904,13.176646706586826,9.254491017964073,1.4749262536873156,0.0,6.873156342182891,0.16519174041297935,3.75811209439528,0.0,7.887905604719764
MIA,Miami,2025-04-08,April,Tuesday,326.0,268.0,54.76865671641791,20.0,173.3,815.0,54.850746268656714,35.82835820895522,13.906716417910447,9.509202453987731,8.282208588957054,5.733128834355829,1.8496932515337423,28.60122699386503,0.0,10.315950920245399
MIA,Miami,2025-04-09,April,Wednesday,319.0,314.0,10.76751592356688,-3.0,24.399999999999977,1543.0,17.51592356687898,13.952229299363058,9.401273885350319,1.5673981191222568,0.0,11.084639498432601,0.0,1.188087774294671,0.0,3.865203761755486
MIA,Miami,2025-04-10,April,Thursday,334.0,333.0,12.93093093093093,-6.0,38.60000000000002,1736.0,19.81981981981982,17.87987987987988,9.375375375375375,0.29940119760479045,0.0,8.880239520958083,0.12574850299401197,1.8922155688622755,0.0,8.419161676646707
MIA,Miami,2025-04-11,April,Friday,329.0,329.0,16.914893617021278,2.0,48.39999999999998,1722.0,28.87537993920973,16.829787234042552,10.404255319148936,0.0,0.0,9.127659574468085,0.24012158054711247,2.987841945288754,0.00303951367781155,7.781155015197569
MIA,Miami,2025-04-12,April,Saturday,329.0,328.0,3.7408536585365852,-3.0,30.30000000000001,314.0,19.20731707317073,5.100609756097561,12.042682926829269,0.0,0.303951367781155,2.1003039513677813,0.20972644376899696,3.045592705167173,0.0,3.7142857142857144
MIA,Miami,2025-04-13,April,Sunday,340.0,340.0,-0.5058823529411764,-6.5,26.100000000000023,245.0,15.0,8.235294117647058,10.223529411764705,0.0,0.0,3.5558823529411763,0.0,1.2705882352941176,0.0,3.511764705882353
MIA,Miami,2025-04-14,April,Monday,329.0,329.0,-2.851063829787234,-11.0,16.19999999999999,424.0,11.55015197568389,4.866261398176292,8.796352583586627,0.0,0.0,3.243161094224924,0.04559270516717325,0.5075987841945289,0.0,3.9027355623100304
MIA,Miami,2025-04-15,April,Tuesday,320.0,320.0,-5.66875,-11.0,14.100000000000023,239.0,10.0,0.84375,9.503125,0.0,0.0,1.9875,0.0,1.109375,0.0,2.10625
MIA,Miami,2025-04-16,April,Wednesday,318.0,318.0,-7.1415094339622645,-13.0,13.0,238.0,9.119496855345911,4.921383647798742,9.226415094339623,0.0,0.0,1.4779874213836477,0.006289308176100629,0.6918238993710691,0.0,3.911949685534591
MIA,Miami,2025-04-17,April,Thursday,334.0,334.0,-2.8263473053892216,-12.0,26.69999999999999,211.0,16.16766467065868,7.796407185628743,9.949101796407186,0.0,0.0,3.604790419161677,0.0748502994011976,1.6017964071856288,0.0,3.7395209580838324
MIA,Miami,2025-04-18,April,Friday,330.0,330.0,-3.5424242424242425,-12.0,16.100000000000023,364.0,10.909090909090908,6.054545454545455,9.175757575757576,0.0,0.0,2.9060606060606062,0.021212121212121213,0.9757575757575757,0.0,3.584848484848485
MIA,Miami,2025-04-19,April,Saturday,332.0,332.0,-4.593373493975903,-11.5,25.900000000000034,259.0,13.855421686746988,3.4457831325301207,9.313253012048193,0.0,0.0,2.7981927710843375,0.24096385542168675,0.9819277108433735,0.0,3.1716867469879517
MIA,Miami,2025-04-20,April,Sunday,341.0,341.0,8.87683284457478,-6.0,37.0,1267.0,15.835777126099707,12.803519061583577,9.313782991202347,0.0,0.0,8.331378299120235,0.31671554252199413,2.372434017595308,0.0,4.979472140762463
MIA,Miami,2025-04-21,April,Monday,328.0,328.0,7.396341463414634,-5.0,41.0,365.0,19.20731707317073,11.286585365853659,8.78048780487805,0.0,0.0,4.466463414634147,1.3689024390243902,1.7439024390243902,0.0,7.0426829268292686
MIA,Miami,2025-04-22,April,Tuesday,309.0,309.0,-3.2750809061488675,-10.0,12.0,1022.0,7.443365695792881,3.5436893203883497,9.216828478964402,0.0,0.0,5.666666666666667,0.0,0.19741100323624594,0.0,1.1488673139158576
MIA,Miami,2025-04-23,April,Wednesday,314.0,314.0,1.805732484076433,-8.0,36.69999999999999,232.0,17.8343949044586,6.385350318471337,9.273885350318471,0.0,0.0,3.159235668789809,0.7165605095541401,1.5477707006369428,0.054140127388535034,4.630573248407643
MIA,Miami,2025-04-24,April,Thursday,325.0,325.0,7.627692307692308,-9.0,27.600000000000023,965.0,13.538461538461538,15.50153846153846,8.723076923076922,0.0,0.0,3.16,0.40307692307692305,1.2123076923076923,0.0,11.824615384615385
MIA,Miami,2025-04-25,April,Friday,326.0,326.0,-0.6809815950920245,-9.5,27.5,255.0,15.950920245398773,6.3496932515337425,9.220858895705522,0.0,0.0,2.3006134969325154,0.17177914110429449,1.4417177914110428,0.15030674846625766,4.257668711656442
MIA,Miami,2025-04-26,April,Saturday,318.0,316.0,0.0949367088607595,-9.5,23.0,527.0,12.658227848101266,6.724683544303797,9.04746835443038,0.628930817610063,0.0,5.314465408805032,0.13522012578616352,1.6226415094339623,0.02830188679245283,2.6666666666666665
MIA,Miami,2025-04-27,April,Sunday,332.0,332.0,4.430722891566265,-9.0,30.900000000000034,1002.0,15.963855421686745,12.171686746987952,7.930722891566265,0.0,0.0,6.231927710843373,0.06927710843373494,1.0783132530120483,0.0,6.141566265060241
MIA,Miami,2025-04-28,April,Monday,325.0,324.0,0.8765432098765432,-11.0,23.69999999999999,777.0,13.88888888888889,8.302469135802468,8.864197530864198,0.3076923076923077,0.0,1.2215384615384615,0.0,2.206153846153846,0.0,7.2615384615384615
MIA,Miami,2025-04-29,April,Tuesday,309.0,309.0,-10.809061488673139,-13.0,8.0,242.0,5.825242718446602,-1.3689320388349515,8.802588996763754,0.0,0.0,0.48220064724919093,0.05501618122977346,0.35275080906148865,0.0,2.0
MIA,Miami,2025-04-30,April,Wednesday,310.0,307.0,1.0684039087947883,-8.0,24.0,369.0,14.006514657980457,6.729641693811075,8.644951140065146,0.967741935483871,0.0,2.1774193548387095,0.6096774193548387,3.138709677419355,0.0,4.009677419354839
MIA,Miami,2025-05-01,May,Thursday,324.0,323.0,17.34984520123839,-5.0,52.60000000000002,1253.0,22.910216718266255,23.126934984520123,8.368421052631579,0.30864197530864196,0.0,12.296296296296296,0.09876543209876543,1.3950617283950617,0.0,10.50925925925926
MIA,Miami,2025-05-02,May,Friday,324.0,323.0,17.36532507739938,-3.0,62.400000000000034,1064.0,25.696594427244584,18.325077399380806,7.928792569659443,0.0,0.30864197530864196,5.067901234567901,6.8734567901234565,4.320987654320987,0.05246913580246913,6.944444444444445
MIA,Miami,2025-05-03,May,Saturday,317.0,314.0,7.808917197452229,-3.0,36.39999999999998,482.0,24.203821656050955,9.222929936305732,9.490445859872612,0.9463722397476341,0.0,5.110410094637224,0.8706624605678234,3.413249211356467,0.006309148264984227,4.492113564668769
MIA,Miami,2025-05-04,May,Sunday,329.0,319.0,42.059561128526646,19.0,106.59999999999997,667.0,52.97805642633229,31.846394984326018,13.68652037617555,2.43161094224924,0.60790273556231,8.537993920972644,1.3677811550151975,17.45288753799392,0.13069908814589665,15.957446808510639
MIA,Miami,2025-05-05,May,Monday,311.0,304.0,29.75657894736842,3.0,100.69999999999999,910.0,36.84210526315789,30.12171052631579,9.210526315789474,2.2508038585209005,0.0,4.064308681672026,4.160771704180064,8.12540192926045,0.09003215434083602,17.639871382636656
MIA,Miami,2025-05-06,May,Tuesday,290.0,286.0,19.003496503496503,-7.0,72.0,1772.0,22.377622377622377,23.37062937062937,9.566433566433567,1.3793103448275863,0.0,9.565517241379311,2.1862068965517243,4.227586206896552,0.0,10.889655172413793
MIA,Miami,2025-05-07,May,Wednesday,286.0,284.0,6.323943661971831,-8.0,27.700000000000017,769.0,17.6056338028169,12.528169014084508,7.957746478873239,0.34965034965034963,0.34965034965034963,3.36013986013986,0.0,1.2832167832167831,0.0,10.37062937062937
MIA,Miami,2025-05-08,May,Thursday,311.0,310.0,13.80967741935484,-4.0,46.0,955.0,24.516129032258064,15.82258064516129,8.516129032258064,0.3215434083601286,0.0,9.569131832797428,0.4790996784565916,3.581993569131833,0.0,6.266881028938907
MIA,Miami,2025-05-09,May,Friday,311.0,310.0,15.477419354838709,1.0,48.0,532.0,28.70967741935484,13.745161290322581,8.187096774193549,0.3215434083601286,0.0,7.273311897106109,1.8167202572347267,4.771704180064309,0.06430868167202572,5.729903536977492
MIA,Miami,2025-05-10,May,Saturday,303.0,303.0,6.993399339933993,0.0,40.80000000000001,188.0,22.442244224422442,6.5049504950495045,7.986798679867987,0.0,0.0,4.069306930693069,0.9042904290429042,2.871287128712871,0.0,3.5874587458745872
MIA,Miami,2025-05-11,May,Sunday,319.0,318.0,12.081761006289309,4.0,48.30000000000001,196.0,33.64779874213836,7.377358490566038,7.971698113207547,0.3134796238244514,0.0,3.0344827586206895,0.7429467084639498,6.38871473354232,0.0219435736677116,4.846394984326019
MIA,Miami,2025-05-12,May,Monday,309.0,283.0,32.32508833922262,18.0,95.80000000000001,423.0,56.18374558303887,24.946996466431095,9.57243816254417,8.414239482200648,0.0,4.58252427184466,2.6828478964401294,15.88673139158576,0.0,8.035598705501618
MIA,Miami,2025-05-13,May,Tuesday,284.0,284.0,-2.1690140845070425,-8.0,16.700000000000017,254.0,11.971830985915492,1.6830985915492958,8.82394366197183,0.0,0.0,4.823943661971831,0.1056338028169014,1.4154929577464788,0.0,1.0950704225352113
MIA,Miami,2025-05-14,May,Wednesday,285.0,283.0,10.848056537102474,-9.0,69.60000000000002,543.0,20.49469964664311,16.279151943462896,9.650176678445229,0.3508771929824561,0.3508771929824561,5.350877192982456,0.6526315789473685,3.680701754385965,0.0,10.473684210526315
MIA,Miami,2025-05-15,May,Thursday,310.0,309.0,5.737864077669903,-12.0,55.39999999999998,382.0,18.446601941747574,16.398058252427184,8.54368932038835,0.3225806451612903,0.0,5.790322580645161,0.3903225806451613,2.638709677419355,0.0,7.941935483870968
MIA,Miami,2025-05-16,May,Friday,311.0,304.0,20.69736842105263,-8.0,109.79999999999995,1002.0,25.0,29.5,8.657894736842104,2.2508038585209005,0.0,10.665594855305466,1.090032154340836,4.363344051446945,0.0,14.517684887459808
MIA,Miami,2025-05-17,May,Saturday,302.0,298.0,1.389261744966443,-8.0,40.30000000000001,270.0,18.79194630872483,11.312080536912752,8.057046979865772,1.3245033112582782,0.0,4.427152317880795,0.17218543046357615,1.4834437086092715,0.0,4.8907284768211925
MIA,Miami,2025-05-18,May,Sunday,318.0,316.0,1.1075949367088607,-10.0,40.0,226.0,19.936708860759495,11.708860759493671,8.477848101265822,0.628930817610063,0.0,4.084905660377358,0.8427672955974843,1.1886792452830188,0.0,5.0754716981132075
MIA,Miami,2025-05-19,May,Monday,307.0,307.0,-0.25732899022801303,-14.0,31.0,558.0,16.612377850162865,12.553745928338762,8.374592833876221,0.0,0.0,7.752442996742671,0.09120521172638436,1.4462540716612378,0.0,3.977198697068404
MIA,Miami,2025-05-20,May,Tuesday,282.0,281.0,-0.4234875444839858,-14.0,18.0,953.0,10.320284697508896,11.345195729537366,8.800711743772242,0.3546099290780142,0.0,6.138297872340425,0.425531914893617,0.8865248226950354,0.0,6.166666666666667
MIA,Miami,2025-05-21,May,Wednesday,283.0,282.0,-4.5638297872340425,-8.0,14.0,144.0,9.574468085106384,3.382978723404255,8.97872340425532,0.35335689045936397,0.0,2.2685512367491167,0.0,1.028268551236749,0.0,1.314487632508834
MIA,Miami,2025-05-22,May,Thursday,307.0,291.0,13.879725085910653,-2.0,71.0,416.0,28.1786941580756,14.185567010309278,11.487972508591065,1.3029315960912053,3.908794788273615,3.550488599348534,0.9804560260586319,6.143322475570033,0.0,8.136807817589576
MIA,Miami,2025-05-23,May,Friday,305.0,299.0,9.959866220735785,-5.0,46.19999999999999,1322.0,21.070234113712374,17.618729096989966,9.107023411371237,1.9672131147540985,0.0,3.422950819672131,1.7311475409836066,1.3672131147540985,0.1377049180327869,10.144262295081967
MIA,Miami,2025-05-24,May,Saturday,305.0,305.0,3.281967213114754,-9.0,21.600000000000023,705.0,14.754098360655737,11.321311475409836,8.777049180327868,0.0,0.0,4.60327868852459,1.8327868852459017,1.839344262295082,0.0,3.80327868852459
MIA,Miami,2025-05-25,May,Sunday,313.0,313.0,-0.7891373801916933,-10.0,23.0,294.0,15.015974440894569,7.884984025559105,8.258785942492013,0.0,0.0,2.450479233226837,0.6230031948881789,1.1437699680511182,0.0,5.968051118210862
MIA,Miami,2025-05-26,May,Monday,306.0,303.0,10.996699669966997,-7.0,52.60000000000002,1010.0,23.432343234323433,16.607260726072607,7.67986798679868,0.9803921568627451,0.0,5.738562091503268,1.7679738562091503,2.1993464052287583,0.0,9.444444444444445
MIA,Miami,2025-05-27,May,Tuesday,285.0,285.0,10.912280701754385,-9.0,20.599999999999994,3241.0,12.982456140350877,16.645614035087718,7.7894736842105265,0.0,0.0,13.982456140350877,1.1719298245614036,1.119298245614035,0.0,3.7087719298245614
MIA,Miami,2025-05-28,May,Wednesday,284.0,283.0,6.169611307420495,-6.0,30.80000000000001,484.0,15.19434628975265,10.180212014134275,7.759717314487633,0.0,0.35211267605633806,5.274647887323944,1.1830985915492958,1.4507042253521127,0.0,5.024647887323944
MIA,Miami,2025-05-29,May,Thursday,309.0,309.0,5.203883495145631,-7.0,25.399999999999977,1205.0,15.210355987055015,10.398058252427184,8.161812297734627,0.0,0.0,6.009708737864078,0.012944983818770227,2.1132686084142396,0.0,4.226537216828479
MIA,Miami,2025-05-30,May,Friday,305.0,304.0,11.924342105263158,-4.0,50.799999999999955,700.0,21.052631578947366,16.651315789473685,9.174342105263158,0.32786885245901637,0.0,4.472131147540984,4.321311475409836,2.085245901639344,0.0,7.8
MIA,Miami,2025-05-31,May,Saturday,305.0,301.0,20.953488372093023,3.0,67.0,722.0,36.544850498338874,23.169435215946844,9.920265780730897,0.9836065573770493,0.32786885245901637,4.285245901639344,2.763934426229508,4.0688524590163935,0.0,14.255737704918033
MIA,Miami,2025-06-01,June,Sunday,318.0,316.0,11.594936708860759,3.5,52.5,135.0,32.91139240506329,10.889240506329115,11.563291139240507,0.3144654088050315,0.3144654088050315,2.5849056603773586,0.559748427672956,4.619496855345912,0.0,7.383647798742138
MIA,Miami,2025-06-02,June,Monday,307.0,227.0,65.40088105726872,18.0,176.60000000000005,1227.0,53.30396475770925,56.01762114537445,13.480176211453745,15.309446254071663,10.749185667752444,9.892508143322475,6.517915309446254,22.684039087947884,0.0,12.1628664495114
MIA,Miami,2025-06-03,June,Tuesday,278.0,266.0,11.142857142857142,-3.0,36.0,1090.0,18.421052631578945,15.703007518796992,9.75187969924812,4.316546762589928,0.0,8.856115107913668,0.050359712230215826,1.2877697841726619,0.0,6.442446043165468
MIA,Miami,2025-06-04,June,Wednesday,281.0,281.0,7.93950177935943,0.0,41.0,160.0,26.334519572953734,6.170818505338079,7.683274021352313,0.0,0.0,4.195729537366548,0.15658362989323843,4.02491103202847,0.0,3.786476868327402
MIA,Miami,2025-06-05,June,Thursday,301.0,300.0,-0.14666666666666667,-9.0,35.200000000000045,186.0,17.0,8.44,8.14,0.33222591362126247,0.0,3.46843853820598,0.0,2.0166112956810633,0.0,4.086378737541528
MIA,Miami,2025-06-06,June,Friday,298.0,298.0,5.379194630872483,-10.0,51.60000000000002,575.0,19.12751677852349,13.832214765100671,8.788590604026846,0.0,0.0,6.540268456375839,0.3624161073825503,2.795302013422819,0.0,6.516778523489933
MIA,Miami,2025-06-07,June,Saturday,308.0,308.0,7.561688311688312,-11.5,48.80000000000007,860.0,20.12987012987013,16.607142857142858,7.970779220779221,0.0,0.0,7.853896103896104,1.5129870129870129,3.2045454545454546,0.03896103896103896,6.5811688311688314
MIA,Miami,2025-06-08,June,Sunday,309.0,309.0,5.663430420711974,-7.0,50.0,334.0,23.948220064724918,14.579288025889968,8.533980582524272,0.0,0.0,5.6537216828478964,0.6828478964401294,2.074433656957929,0.04854368932038835,6.650485436893204
MIA,Miami,2025-06-09,June,Monday,298.0,296.0,4.212837837837838,-8.0,42.0,465.0,18.91891891891892,11.702702702702704,9.469594594594595,0.6711409395973155,0.0,3.164429530201342,1.7416107382550337,1.5570469798657718,0.050335570469798654,6.043624161073826
MIA,Miami,2025-06-10,June,Tuesday,272.0,271.0,19.623616236162363,-2.0,62.0,1550.0,30.627306273062732,21.33210332103321,7.845018450184502,0.0,0.3676470588235294,9.889705882352942,1.650735294117647,5.102941176470588,0.15441176470588236,8.143382352941176
MIA,Miami,2025-06-11,June,Wednesday,271.0,269.0,6.617100371747212,-5.0,44.400000000000034,215.0,25.650557620817843,10.672862453531598,8.962825278810408,0.7380073800738007,0.0,3.3505535055350553,1.3357933579335792,3.6494464944649447,0.0,5.756457564575646
MIA,Miami,2025-06-12,June,Thursday,296.0,292.0,12.006849315068493,-6.0,56.0,740.0,23.972602739726025,18.48972602739726,7.976027397260274,1.3513513513513513,0.0,6.641891891891892,2.2972972972972974,2.418918918918919,0.0,7.929054054054054
MIA,Miami,2025-06-13,June,Friday,294.0,292.0,25.527397260273972,1.0,93.90000000000003,977.0,32.87671232876712,26.36986301369863,8.57876712328767,0.6802721088435374,0.0,10.751700680272108,3.0850340136054424,5.625850340136054,0.0,10.649659863945578
MIA,Miami,2025-06-14,June,Saturday,308.0,307.0,24.49185667752443,2.0,91.40000000000003,979.0,33.876221498371336,26.97068403908795,8.055374592833877,0.3246753246753247,0.0,8.698051948051948,2.0324675324675323,5.5941558441558445,0.0,12.821428571428571
MIA,Miami,2025-06-15,June,Sunday,303.0,298.0,26.11744966442953,-1.5,98.90000000000003,1016.0,33.557046979865774,28.483221476510067,8.912751677852349,1.3201320132013201,0.33003300330033003,5.551155115511551,4.412541254125412,5.749174917491749,0.49834983498349833,15.158415841584159
MIA,Miami,2025-06-16,June,Monday,293.0,291.0,8.185567010309278,-5.0,45.0,256.0,24.742268041237114,13.845360824742269,8.395189003436426,0.6825938566552902,0.0,4.129692832764505,2.3924914675767917,2.21160409556314,0.0,5.467576791808874
MIA,Miami,2025-06-17,June,Tuesday,276.0,275.0,4.661818181818182,-8.0,48.0,287.0,22.181818181818183,13.309090909090909,8.814545454545454,0.0,0.36231884057971014,3.1449275362318843,0.5362318840579711,0.9746376811594203,0.0,8.93840579710145
MIA,Miami,2025-06-18,June,Wednesday,274.0,272.0,18.709558823529413,-5.0,61.70000000000002,1530.0,27.573529411764707,23.955882352941178,8.297794117647058,0.7299270072992701,0.0,11.700729927007298,0.9014598540145985,3.6423357664233578,0.145985401459854,9.441605839416058
MIA,Miami,2025-06-19,June,Thursday,300.0,291.0,17.347079037800686,-5.0,81.0,889.0,27.147766323024054,23.302405498281786,8.618556701030927,3.0,0.0,8.0,1.7733333333333334,2.453333333333333,0.0,12.27
MIA,Miami,2025-06-20,June,Friday,296.0,294.0,17.88095238095238,-1.5,75.79999999999995,776.0,33.6734693877551,24.540816326530614,8.401360544217686,0.6756756756756757,0.0,9.702702702702704,0.42905405405405406,1.7364864864864864,0.0,11.746621621621621
MIA,Miami,2025-06-21,June,Saturday,310.0,308.0,7.9058441558441555,-8.0,36.60000000000002,603.0,18.181818181818183,16.983766233766232,9.25974025974026,0.3225806451612903,0.3225806451612903,4.696774193548387,0.1774193548387097,0.5741935483870968,0.05806451612903226,10.6
MIA,Miami,2025-06-22,June,Sunday,305.0,304.0,13.720394736842104,-4.5,51.69999999999999,1377.0,26.644736842105267,20.039473684210527,8.634868421052632,0.32786885245901637,0.0,10.573770491803279,0.0,3.265573770491803,0.0,7.2918032786885245
MIA,Miami,2025-06-23,June,Monday,294.0,292.0,2.73972602739726,-7.0,32.900000000000034,393.0,19.52054794520548,11.13013698630137,8.70890410958904,0.6802721088435374,0.0,4.295918367346939,0.03741496598639456,1.3571428571428572,0.0,5.877551020408164
MIA,Miami,2025-06-24,June,Tuesday,276.0,275.0,4.214545454545455,-9.0,29.19999999999999,629.0,16.0,12.64,9.018181818181818,0.36231884057971014,0.0,5.003623188405797,0.0,1.1485507246376812,0.0,8.347826086956522
MIA,Miami,2025-06-25,June,Wednesday,274.0,271.0,18.723247232472325,3.0,70.0,330.0,33.210332103321036,17.985239852398525,8.96309963099631,0.7299270072992701,0.36496350364963503,5.613138686131387,3.3394160583941606,4.9963503649635035,0.0,8.598540145985401
MIA,Miami,2025-06-26,June,Thursday,300.0,292.0,33.98287671232877,2.5,97.0,1621.0,35.61643835616438,33.76712328767123,8.551369863013699,2.666666666666667,0.0,13.82,2.94,7.243333333333333,0.0,12.756666666666666
MIA,Miami,2025-06-27,June,Friday,296.0,281.0,43.071174377224196,5.0,97.0,2794.0,39.14590747330961,45.51601423487544,8.274021352313166,5.0675675675675675,0.0,18.20608108108108,4.5641891891891895,4.5574324324324325,0.013513513513513514,17.55743243243243
MIA,Miami,2025-06-28,June,Saturday,309.0,288.0,36.71875,3.0,141.0,687.0,40.625,41.05902777777778,8.770833333333334,6.148867313915858,0.6472491909385114,16.41747572815534,0.9967637540453075,3.466019417475728,0.0,17.702265372168284
MIA,Miami,2025-06-29,June,Sunday,302.0,297.0,27.61952861952862,4.0,91.40000000000003,902.0,40.74074074074074,30.95286195286195,8.693602693602694,1.6556291390728477,0.0,7.824503311258278,2.6258278145695364,9.496688741721854,0.0,12.599337748344372
MIA,Miami,2025-06-30,June,Monday,288.0,279.0,26.799283154121863,0.0,80.40000000000003,854.0,34.76702508960574,31.74910394265233,7.874551971326165,3.125,0.0,7.076388888888889,4.618055555555555,4.197916666666667,0.12152777777777778,15.996527777777779
MIA,Miami,2025-07-01,July,Tuesday,274.0,262.0,22.954198473282442,2.5,82.0,698.0,31.297709923664126,26.427480916030536,9.221374045801527,4.37956204379562,0.0,9.0,2.394160583941606,5.018248175182482,0.0,10.083941605839415
MIA,Miami,2025-07-02,July,Wednesday,273.0,265.0,45.21509433962264,15.0,126.0,859.0,52.075471698113205,42.4,9.241509433962264,2.564102564102564,0.3663003663003663,14.827838827838828,1.3626373626373627,7.787545787545787,0.029304029304029304,22.13919413919414
MIA,Miami,2025-07-03,July,Thursday,296.0,279.0,54.505376344086024,17.0,133.40000000000012,1168.0,53.04659498207885,48.483870967741936,12.42652329749104,0.6756756756756757,5.0675675675675675,12.797297297297296,5.418918918918919,12.503378378378379,0.0,23.27364864864865
MIA,Miami,2025-07-04,July,Friday,244.0,242.0,6.276859504132231,-0.5,45.0,210.0,26.033057851239672,6.545454545454546,12.03305785123967,0.0,0.819672131147541,3.2418032786885247,0.36475409836065575,4.426229508196721,0.028688524590163935,3.180327868852459
MIA,Miami,2025-07-05,July,Saturday,308.0,302.0,12.003311258278146,0.0,51.900000000000034,573.0,29.47019867549669,11.652317880794701,11.142384105960264,0.0,1.948051948051948,6.678571428571429,0.1461038961038961,5.5,0.10064935064935066,4.305194805194805
MIA,Miami,2025-07-06,July,Sunday,307.0,289.0,45.58477508650519,19.0,119.79999999999995,931.0,53.979238754325266,36.86159169550173,13.332179930795848,0.9771986970684038,4.88599348534202,6.641693811074918,1.3420195439739413,13.576547231270359,0.048859934853420196,23.286644951140065
MIA,Miami,2025-07-07,July,Monday,298.0,298.0,12.583892617449665,-5.0,65.60000000000002,510.0,27.181208053691275,18.40268456375839,8.560402684563758,0.0,0.0,5.1375838926174495,0.31208053691275167,2.8523489932885906,0.0,12.211409395973154
MIA,Miami,2025-07-08,July,Tuesday,278.0,269.0,15.825278810408921,-5.0,72.40000000000003,537.0,24.53531598513011,22.609665427509295,8.230483271375464,3.237410071942446,0.0,8.543165467625899,2.0719424460431655,2.776978417266187,0.0,9.201438848920864
MIA,Miami,2025-07-09,July,Wednesday,276.0,271.0,20.977859778597786,-4.0,77.0,895.0,26.199261992619927,25.361623616236162,9.07011070110701,1.8115942028985508,0.0,4.909420289855072,1.9456521739130435,6.681159420289855,0.0,13.659420289855072
MIA,Miami,2025-07-10,July,Thursday,302.0,298.0,26.15771812080537,0.0,82.30000000000001,575.0,35.90604026845637,26.788590604026847,8.664429530201343,1.3245033112582782,0.0,8.052980132450331,0.5794701986754967,6.0198675496688745,0.0,16.20860927152318
MIA,Miami,2025-07-11,July,Friday,299.0,288.0,35.4375,0.5,95.60000000000002,936.0,34.02777777777778,38.55902777777778,9.864583333333334,2.6755852842809364,1.0033444816053512,16.05685618729097,1.8026755852842808,2.9933110367892977,0.023411371237458192,17.68896321070234
MIA,Miami,2025-07-12,July,Saturday,313.0,305.0,27.839344262295082,3.0,113.0,604.0,36.721311475409834,29.81639344262295,8.868852459016393,2.5559105431309903,0.0,6.523961661341853,2.7859424920127798,4.779552715654952,0.0,17.45367412140575
MIA,Miami,2025-07-13,July,Sunday,306.0,294.0,36.88775510204081,9.5,114.0,774.0,45.57823129251701,34.79251700680272,12.534013605442176,3.9215686274509802,0.0,11.656862745098039,1.2745098039215685,6.571895424836601,0.0784313725490196,18.437908496732025
MIA,Miami,2025-07-14,July,Monday,298.0,221.0,64.710407239819,26.0,210.0,440.0,57.01357466063348,58.914027149321264,10.71945701357466,23.154362416107382,2.684563758389262,9.355704697986576,10.687919463087248,17.946308724832214,0.0,11.536912751677852
MIA,Miami,2025-07-15,July,Tuesday,278.0,262.0,34.38549618320611,7.0,93.60000000000002,1451.0,41.603053435114504,35.270992366412216,10.038167938931299,5.755395683453238,0.0,15.532374100719425,2.960431654676259,4.9352517985611515,0.0,11.974820143884893
MIA,Miami,2025-07-16,July,Wednesday,277.0,266.0,37.150375939849624,12.0,81.0,1316.0,45.86466165413533,34.203007518796994,10.390977443609023,2.527075812274368,1.444043321299639,16.84115523465704,2.92057761732852,8.256317689530686,0.0,10.350180505415162
MIA,Miami,2025-07-17,July,Thursday,302.0,291.0,12.278350515463918,2.0,50.0,401.0,30.584192439862544,17.017182130584192,8.72508591065292,3.642384105960265,0.0,4.218543046357616,0.19536423841059603,2.0397350993377485,0.013245033112582781,9.652317880794701
MIA,Miami,2025-07-18,July,Friday,299.0,298.0,7.895973154362416,-7.0,45.30000000000001,503.0,20.13422818791946,13.124161073825503,8.167785234899329,0.33444816053511706,0.0,5.120401337792642,0.44816053511705684,4.193979933110368,0.030100334448160536,6.3076923076923075
MIA,Miami,2025-07-19,July,Saturday,313.0,311.0,5.578778135048232,-7.0,45.0,302.0,18.006430868167204,12.353697749196142,8.77491961414791,0.6389776357827476,0.0,5.268370607028754,0.9137380191693291,1.156549520766773,0.0,6.830670926517572
MIA,Miami,2025-07-20,July,Sunday,307.0,306.0,13.660130718954248,-4.5,42.0,988.0,24.18300653594771,20.794117647058822,8.160130718954248,0.32573289902280134,0.0,8.429967426710098,2.429967426710098,1.719869706840391,0.0,8.156351791530945
MIA,Miami,2025-07-21,July,Monday,298.0,297.0,20.08080808080808,-5.0,55.2000000000001,1304.0,24.915824915824917,24.996632996632997,8.797979797979798,0.33557046979865773,0.0,8.983221476510067,0.4597315436241611,2.835570469798658,0.053691275167785234,14.520134228187919
MIA,Miami,2025-07-22,July,Tuesday,278.0,270.0,24.066666666666666,2.0,96.69999999999996,540.0,38.88888888888889,23.933333333333334,10.733333333333333,0.3597122302158274,2.5179856115107913,5.766187050359712,2.514388489208633,10.856115107913668,0.14028776978417265,10.136690647482014
MIA,Miami,2025-07-23,July,Wednesday,277.0,269.0,18.349442379182157,3.0,65.0,923.0,34.94423791821561,22.059479553903344,9.144981412639405,1.444043321299639,1.444043321299639,9.483754512635379,0.26714801444043323,4.342960288808665,0.0,9.032490974729242
MIA,Miami,2025-07-24,July,Thursday,302.0,302.0,10.728476821192054,-4.0,50.50000000000017,1245.0,25.165562913907287,17.97682119205298,8.370860927152318,0.0,0.0,8.827814569536423,0.5231788079470199,1.2847682119205297,0.3443708609271523,7.5927152317880795
MIA,Miami,2025-07-25,July,Friday,297.0,294.0,20.081632653061224,-6.5,79.0,783.0,26.87074829931973,25.506802721088434,7.880952380952381,1.0101010101010102,0.0,6.774410774410774,6.397306397306397,3.175084175084175,0.0,11.363636363636363
MIA,Miami,2025-07-26,July,Saturday,313.0,309.0,4.932038834951456,-7.0,41.0,302.0,17.15210355987055,12.660194174757281,8.446601941747574,1.2779552715654952,0.0,6.6900958466453675,0.43769968051118213,0.48881789137380194,0.0,5.424920127795527
MIA,Miami,2025-07-27,July,Sunday,307.0,292.0,23.65068493150685,-5.0,81.7000000000001,1240.0,23.63013698630137,27.674657534246574,8.763698630136986,4.88599348534202,0.0,11.355048859934854,3.6547231270358305,3.042345276872964,0.0,11.104234527687296
MIA,Miami,2025-07-28,July,Monday,298.0,285.0,14.04561403508772,-6.0,62.599999999999994,1051.0,23.157894736842106,24.08421052631579,8.16842105263158,4.3624161073825505,0.0,8.308724832214764,0.28859060402684567,0.8791946308724832,0.0,12.090604026845638
MIA,Miami,2025-07-29,July,Tuesday,278.0,278.0,1.8093525179856116,-8.0,30.200000000000045,719.0,16.906474820143885,9.183453237410072,8.618705035971223,0.0,0.0,2.320143884892086,0.658273381294964,0.8669064748201439,0.0,7.381294964028777
MIA,Miami,2025-07-30,July,Wednesday,277.0,276.0,7.072463768115942,-5.0,41.0,440.0,19.202898550724637,14.101449275362318,8.626811594202898,0.36101083032490977,0.0,6.76173285198556,1.1046931407942238,0.924187725631769,0.0,5.913357400722021
MIA,Miami,2025-07-31,July,Thursday,302.0,289.0,29.771626297577853,-5.0,122.79999999999984,1617.0,26.989619377162633,34.16262975778547,8.124567474048442,4.304635761589404,0.0,11.834437086092715,6.013245033112582,4.201986754966887,0.0,13.473509933774835
MIA,Miami,2025-08-01,August,Friday,298.0,293.0,30.7679180887372,-1.0,100.40000000000003,1140.0,31.74061433447099,36.88054607508533,7.8668941979522184,1.6778523489932886,0.0,13.248322147651006,1.1845637583892616,2.1073825503355703,0.0,19.268456375838927
MIA,Miami,2025-08-02,August,Saturday,313.0,309.0,20.148867313915858,-3.0,77.99999999999994,966.0,27.831715210355988,27.601941747572816,7.893203883495145,1.2779552715654952,0.0,13.76038338658147,0.34824281150159747,1.4472843450479234,0.15335463258785942,10.188498402555911
MIA,Miami,2025-08-03,August,Sunday,305.0,301.0,19.611295681063122,1.0,61.0,640.0,29.2358803986711,24.033222591362126,8.764119601328904,1.3114754098360655,0.0,10.927868852459016,1.1540983606557378,3.059016393442623,0.06557377049180328,8.636065573770491
MIA,Miami,2025-08-04,August,Monday,297.0,296.0,9.587837837837839,-4.0,47.5,354.0,25.675675675675674,14.199324324324325,9.10135135135135,0.33670033670033667,0.0,3.377104377104377,2.4175084175084174,1.9932659932659933,0.0,8.441077441077441
MIA,Miami,2025-08-05,August,Tuesday,276.0,274.0,4.248175182481752,-6.0,38.80000000000007,322.0,21.532846715328464,11.244525547445255,8.667883211678832,0.7246376811594203,0.0,4.818840579710145,0.8478260869565217,1.0108695652173914,0.0,5.739130434782608
MIA,Miami,2025-08-06,August,Wednesday,259.0,257.0,4.21011673151751,-5.0,30.600000000000023,457.0,15.56420233463035,9.894941634241246,8.070038910505836,0.7722007722007722,0.0,6.293436293436294,0.09266409266409266,0.9498069498069498,0.0,3.888030888030888
MIA,Miami,2025-08-07,August,Thursday,291.0,284.0,23.848591549295776,4.0,61.70000000000002,1788.0,38.38028169014084,24.007042253521128,9.20774647887324,0.3436426116838488,2.0618556701030926,10.97938144329897,0.35051546391752575,5.398625429553265,0.013745704467353952,9.97594501718213
MIA,Miami,2025-08-08,August,Friday,287.0,286.0,16.265734265734267,0.0,66.0,822.0,28.321678321678323,18.47902097902098,8.73076923076923,0.0,0.34843205574912894,5.393728222996516,0.04529616724738676,3.0452961672473866,0.0,11.961672473867596
MIA,Miami,2025-08-09,August,Saturday,289.0,274.0,62.59489051094891,31.0,189.40000000000003,1063.0,63.868613138686136,51.324817518248175,10.492700729927007,0.6920415224913495,4.498269896193772,11.051903114186851,7.937716262975779,28.096885813148788,0.0,13.290657439446367
MIA,Miami,2025-08-10,August,Sunday,293.0,288.0,14.305555555555555,1.0,51.60000000000002,366.0,31.944444444444443,15.993055555555555,9.29861111111111,1.023890784982935,0.6825938566552902,5.474402730375426,0.46075085324232085,3.2389078498293515,0.006825938566552901,8.720136518771332
MIA,Miami,2025-08-11,August,Monday,282.0,280.0,10.3,-4.0,43.099999999999994,704.0,21.785714285714285,14.917857142857143,8.739285714285714,0.3546099290780142,0.3546099290780142,3.4609929078014185,0.1950354609929078,1.5460992907801419,0.0,11.50709219858156
MIA,Miami,2025-08-12,August,Tuesday,259.0,259.0,4.945945945945946,-9.0,44.60000000000005,263.0,20.463320463320464,9.200772200772201,8.057915057915057,0.0,0.0,2.9498069498069497,0.5096525096525096,2.841698841698842,0.0,7.478764478764479
MIA,Miami,2025-08-13,August,Wednesday,261.0,257.0,9.988326848249027,-8.0,58.00000000000003,491.0,23.346303501945524,16.972762645914397,8.85603112840467,1.532567049808429,0.0,6.287356321839081,1.318007662835249,3.992337164750958,0.11877394636015326,7.333333333333333
MIA,Miami,2025-08-14,August,Thursday,291.0,287.0,36.69686411149826,-5.0,117.80000000000007,1088.0,32.40418118466899,41.045296167247386,7.7665505226480835,1.3745704467353952,0.0,10.93127147766323,2.7079037800687287,7.525773195876289,0.0,22.144329896907216
MIA,Miami,2025-08-15,August,Friday,285.0,284.0,5.214788732394366,-7.0,43.70000000000002,307.0,19.366197183098592,13.637323943661972,7.971830985915493,0.3508771929824561,0.0,4.294736842105263,0.30526315789473685,0.3894736842105263,0.0,8.835087719298246
MIA,Miami,2025-08-16,August,Saturday,290.0,286.0,2.800699300699301,-8.0,41.0,187.0,22.727272727272727,11.58041958041958,9.283216783216783,1.3793103448275863,0.0,5.537931034482758,0.8103448275862069,1.3413793103448275,0.0,4.075862068965518
MIA,Miami,2025-08-17,August,Sunday,294.0,291.0,22.367697594501717,-2.0,77.0,708.0,31.615120274914087,26.11340206185567,9.515463917525773,0.6802721088435374,0.3401360544217687,9.564625850340136,1.7959183673469388,3.4523809523809526,0.0,12.97278911564626
MIA,Miami,2025-08-18,August,Monday,281.0,280.0,9.42142857142857,-6.0,51.0,962.0,23.57142857142857,16.05,8.339285714285714,0.3558718861209964,0.0,5.156583629893238,2.6868327402135233,1.8896797153024911,0.05338078291814947,7.629893238434164
MIA,Miami,2025-08-19,August,Tuesday,253.0,248.0,3.9516129032258065,-7.5,39.200000000000045,417.0,22.58064516129032,8.97983870967742,9.383064516129032,1.5810276679841897,0.3952569169960474,3.2015810276679844,1.1778656126482214,2.5098814229249014,0.0,6.320158102766799
MIA,Miami,2025-08-20,August,Wednesday,254.0,254.0,15.759842519685039,-4.5,55.80000000000007,514.0,26.37795275590551,20.724409448818896,9.149606299212598,0.0,0.0,8.791338582677165,0.9330708661417323,1.437007874015748,0.0,11.98031496062992
MIA,Miami,2025-08-21,August,Thursday,287.0,282.0,18.77304964539007,2.0,75.0,364.0,36.87943262411347,19.53191489361702,11.450354609929079,0.34843205574912894,1.3937282229965158,7.219512195121951,1.6411149825783973,5.888501742160279,0.0,9.128919860627178
MIA,Miami,2025-08-22,August,Friday,283.0,280.0,24.560714285714287,3.0,79.39999999999998,420.0,38.57142857142858,19.057142857142857,16.460714285714285,0.0,1.0600706713780919,3.618374558303887,1.0565371024734982,10.480565371024735,0.0,14.010600706713781
MIA,Miami,2025-08-23,August,Saturday,290.0,289.0,54.13840830449827,14.0,169.0,3147.0,49.48096885813148,52.5916955017301,9.95847750865052,0.3448275862068966,0.0,18.46206896551724,3.6413793103448278,22.079310344827586,0.06206896551724138,12.972413793103449
MIA,Miami,2025-08-24,August,Sunday,290.0,288.0,14.53125,1.0,50.900000000000034,729.0,32.63888888888889,14.76736111111111,10.274305555555555,0.6896551724137931,0.0,5.324137931034483,0.05172413793103448,4.117241379310345,0.0,9.810344827586206
MIA,Miami,2025-08-25,August,Monday,281.0,280.0,7.714285714285714,-8.0,34.0,523.0,18.571428571428573,13.957142857142857,8.589285714285714,0.3558718861209964,0.0,5.3736654804270465,0.19217081850533807,1.1352313167259787,0.09608540925266904,9.220640569395018
MIA,Miami,2025-08-26,August,Tuesday,252.0,252.0,-0.7023809523809523,-12.0,13.0,1604.0,9.523809523809524,6.317460317460317,8.412698412698413,0.0,0.0,7.98015873015873,0.0,0.6825396825396826,0.0,2.2063492063492065
MIA,Miami,2025-08-27,August,Wednesday,254.0,254.0,-3.5669291338582676,-11.0,19.0,376.0,12.992125984251967,5.590551181102362,9.539370078740157,0.0,0.0,1.7086614173228347,0.2755905511811024,0.8307086614173228,0.0,4.389763779527559
MIA,Miami,2025-08-28,August,Thursday,285.0,281.0,2.800711743772242,-11.0,39.0,554.0,17.793594306049823,14.206405693950177,7.690391459074733,1.0526315789473684,0.3508771929824561,4.150877192982456,1.1298245614035087,0.8701754385964913,0.0,7.5017543859649125
MIA,Miami,2025-08-29,August,Friday,282.0,275.0,10.741818181818182,-1.0,42.599999999999994,307.0,28.363636363636363,16.345454545454544,9.618181818181819,2.4822695035460995,0.0,4.709219858156028,1.570921985815603,2.0425531914893615,0.0035460992907801418,7.276595744680851
MIA,Miami,2025-08-30,August,Saturday,285.0,282.0,10.301418439716311,-4.0,39.900000000000006,549.0,21.631205673758867,14.049645390070921,10.797872340425531,1.0526315789473684,0.0,6.782456140350877,0.7157894736842105,2.543859649122807,0.0,6.557894736842106
MIA,Miami,2025-08-31,August,Sunday,278.0,268.0,24.488805970149254,-1.0,98.60000000000002,876.0,36.19402985074627,29.138059701492537,12.332089552238806,1.7985611510791366,1.7985611510791366,11.496402877697841,1.816546762589928,7.255395683453237,0.0,10.327338129496402
MIA,Miami,2025-09-01,September,Monday,284.0,279.0,-2.3548387096774195,-12.0,20.400000000000034,314.0,14.336917562724013,8.684587813620071,8.616487455197133,1.7605633802816902,0.0,3.341549295774648,0.08098591549295775,0.602112676056338,0.0,4.612676056338028
MIA,Miami,2025-09-02,September,Tuesday,252.0,250.0,-2.08,-11.0,28.099999999999994,494.0,14.799999999999999,4.812,8.2,0.0,0.7936507936507936,1.8650793650793651,0.027777777777777776,2.1904761904761907,0.05952380952380952,4.7936507936507935
MIA,Miami,2025-09-03,September,Wednesday,221.0,221.0,-3.9049773755656108,-8.0,26.0,132.0,14.93212669683258,0.5203619909502263,10.334841628959277,0.0,0.0,1.2760180995475112,0.20361990950226244,2.0497737556561084,0.0,2.475113122171946
MIA,Miami,2025-09-04,September,Thursday,258.0,256.0,6.55078125,-9.0,23.5,826.0,14.0625,9.390625,8.71875,0.3875968992248062,0.3875968992248062,1.7868217054263567,3.74031007751938,6.6395348837209305,0.0,3.0387596899224807
MIA,Miami,2025-09-05,September,Friday,265.0,265.0,12.418867924528302,-5.0,55.79999999999998,707.0,23.39622641509434,17.350943396226416,9.20754716981132,0.0,0.0,6.286792452830189,2.1849056603773587,1.939622641509434,0.007547169811320755,9.181132075471698
MIA,Miami,2025-09-06,September,Saturday,245.0,243.0,16.753086419753085,-7.0,64.80000000000001,840.0,20.5761316872428,22.123456790123456,8.707818930041153,0.8163265306122449,0.0,7.387755102040816,1.236734693877551,5.257142857142857,0.0,11.004081632653062
MIA,Miami,2025-09-07,September,Sunday,264.0,263.0,1.9961977186311788,-3.0,29.80000000000001,183.0,16.730038022813687,6.171102661596958,9.482889733840304,0.3787878787878788,0.0,2.9053030303030303,0.25,1.4431818181818181,0.2196969696969697,3.4507575757575757
MIA,Miami,2025-09-08,September,Monday,264.0,243.0,39.123456790123456,8.0,139.60000000000002,872.0,43.62139917695473,24.23045267489712,22.275720164609055,3.4090909090909087,4.545454545454546,6.003787878787879,0.16666666666666666,17.643939393939394,0.0,16.00378787878788
MIA,Miami,2025-09-09,September,Tuesday,227.0,225.0,5.862222222222222,-4.0,44.0,457.0,23.555555555555554,4.484444444444445,9.391111111111112,0.881057268722467,0.0,3.0837004405286343,1.0176211453744493,4.436123348017621,0.0,3.3788546255506606
MIA,Miami,2025-09-10,September,Wednesday,231.0,222.0,5.225225225225225,-5.0,43.0,145.0,24.324324324324326,4.0225225225225225,10.144144144144144,0.0,3.896103896103896,1.4415584415584415,0.31601731601731603,4.978354978354979,0.0,4.337662337662338
MIA,Miami,2025-09-11,September,Thursday,261.0,250.0,11.056,-2.0,55.49999999999997,298.0,27.200000000000003,8.74,11.0,0.0,4.21455938697318,2.7624521072796937,0.4559386973180077,6.099616858237548,0.01532567049808429,5.773946360153257
MIA,Miami,2025-09-12,September,Friday,266.0,261.0,9.172413793103448,-2.0,52.0,202.0,26.436781609195403,9.808429118773946,10.586206896551724,0.0,1.8796992481203008,3.3233082706766917,0.0,4.503759398496241,0.0,6.488721804511278
MIA,Miami,2025-09-13,September,Saturday,245.0,245.0,1.9142857142857144,-9.0,32.599999999999994,312.0,17.142857142857142,6.081632653061225,11.738775510204082,0.0,0.0,2.0408163265306123,0.24897959183673468,4.281632653061225,0.0,4.844897959183673
MIA,Miami,2025-09-14,September,Sunday,265.0,264.0,-3.4204545454545454,-11.5,17.700000000000017,259.0,11.363636363636363,4.700757575757576,9.178030303030303,0.0,0.37735849056603776,3.2037735849056603,0.0,1.3245283018867924,0.08679245283018867,2.2641509433962264
MIA,Miami,2025-09-15,September,Monday,265.0,265.0,0.6037735849056604,-12.0,24.599999999999994,812.0,12.830188679245284,10.969811320754717,8.222641509433963,0.0,0.0,9.033962264150944,0.0,0.7811320754716982,0.0,3.3660377358490567
MIA,Miami,2025-09-16,September,Tuesday,227.0,227.0,12.158590308370044,-10.0,26.0,2131.0,14.096916299559473,18.65638766519824,8.039647577092511,0.0,0.0,8.158590308370044,0.09691629955947137,1.2907488986784141,0.0,12.43612334801762
MIA,Miami,2025-09-17,September,Wednesday,230.0,230.0,0.7739130434782608,-8.0,25.19999999999999,627.0,14.347826086956522,4.717391304347826,7.417391304347826,0.0,0.0,1.3391304347826087,0.0,2.8130434782608695,0.0,5.104347826086957
MIA,Miami,2025-09-18,September,Thursday,261.0,261.0,1.1111111111111112,-6.0,19.0,617.0,11.877394636015326,5.6130268199233715,8.275862068965518,0.0,0.0,2.8697318007662833,0.10727969348659004,1.6245210727969348,0.210727969348659,3.2337164750957856
MIA,Miami,2025-09-19,September,Friday,265.0,258.0,-4.744186046511628,-12.0,22.600000000000023,189.0,11.627906976744185,6.1976744186046515,8.054263565891473,2.2641509433962264,0.37735849056603776,2.6792452830188678,0.007547169811320755,1.2490566037735849,0.0,2.539622641509434
MIA,Miami,2025-09-20,September,Saturday,245.0,241.0,-2.2531120331950207,-11.0,21.0,283.0,11.618257261410788,8.464730290456432,7.535269709543568,1.6326530612244898,0.0,5.408163265306122,0.0,1.4857142857142858,0.0,1.1795918367346938
MIA,Miami,2025-09-21,September,Sunday,265.0,262.0,9.938931297709924,-0.5,51.60000000000002,229.0,29.00763358778626,12.011450381679388,11.17175572519084,0.0,1.1320754716981132,5.513207547169811,0.3132075471698113,4.664150943396226,0.10566037735849057,5.588679245283019
MIA,Miami,2025-09-22,September,Monday,265.0,264.0,1.9583333333333333,-8.0,31.400000000000034,271.0,19.318181818181817,9.265151515151516,8.454545454545455,0.37735849056603776,0.0,4.252830188679245,0.24150943396226415,0.9962264150943396,0.0,5.8943396226415095
MIA,Miami,2025-09-23,September,Tuesday,227.0,227.0,-3.2202643171806167,-10.0,23.400000000000006,270.0,12.77533039647577,2.8237885462555066,9.51101321585903,0.0,0.0,3.0837004405286343,0.32599118942731276,1.475770925110132,0.0,2.3303964757709252
MIA,Miami,2025-09-24,September,Wednesday,231.0,230.0,24.169565217391305,-4.0,114.59999999999997,325.0,34.78260869565217,32.15217391304348,8.504347826086956,0.4329004329004329,0.0,14.7012987012987,0.021645021645021644,1.8051948051948052,0.0,15.16017316017316
MIA,Miami,2025-09-25,September,Thursday,262.0,262.0,11.209923664122137,-2.0,43.900000000000006,865.0,24.427480916030532,13.835877862595419,7.690839694656488,0.0,0.0,6.4465648854961835,0.04580152671755725,4.129770992366412,0.0,5.984732824427481
MIA,Miami,2025-09-26,September,Friday,267.0,267.0,1.7078651685393258,-6.0,33.0,212.0,16.853932584269664,6.558052434456929,7.599250936329588,0.0,0.0,3.51310861423221,0.9250936329588015,2.254681647940075,0.0,2.48689138576779
MIA,Miami,2025-09-27,September,Saturday,247.0,247.0,2.7975708502024292,-9.0,14.400000000000006,1165.0,10.121457489878543,8.789473684210526,7.076923076923077,0.0,0.0,6.502024291497976,0.145748987854251,0.97165991902834,0.0,4.919028340080971
MIA,Miami,2025-09-28,September,Sunday,265.0,265.0,4.343396226415094,-5.0,28.399999999999977,223.0,22.641509433962266,8.041509433962265,7.950943396226415,0.0,0.0,5.173584905660378,0.06792452830188679,2.9169811320754717,0.0,3.2264150943396226
MIA,Miami,2025-09-29,September,Monday,266.0,266.0,-3.169172932330827,-8.5,11.5,500.0,8.646616541353383,4.19172932330827,9.142857142857142,0.0,0.0,1.7593984962406015,0.0,0.5676691729323309,0.0,3.5338345864661656
MIA,Miami,2025-09-30,September,Tuesday,228.0,228.0,-4.657894736842105,-14.0,8.0,907.0,7.017543859649122,5.008771929824562,7.833333333333333,0.0,0.0,4.535087719298246,0.0,0.47368421052631576,0.0,3.763157894736842
MIA,Miami,2025-10-01,October,Wednesday,231.0,231.0,-12.70995670995671,-15.0,2.0,97.0,4.329004329004329,-0.8874458874458875,7.627705627705628,0.0,0.0,1.2337662337662338,0.0,0.09523809523809523,0.0,0.6103896103896104
MIA,Miami,2025-10-02,October,Thursday,261.0,260.0,-1.9076923076923078,-12.0,21.0,916.0,13.076923076923078,7.773076923076923,7.246153846153846,0.38314176245210724,0.0,6.969348659003831,0.022988505747126436,1.582375478927203,0.0,1.2988505747126438
MIA,Miami,2025-10-03,October,Friday,266.0,266.0,-1.943609022556391,-13.5,21.5,450.0,12.030075187969924,8.706766917293233,7.56015037593985,0.0,0.0,3.4849624060150375,0.0,0.7706766917293233,0.0,5.928571428571429
MIA,Miami,2025-10-04,October,Saturday,247.0,247.0,-7.866396761133603,-13.0,10.400000000000006,208.0,6.882591093117409,2.591093117408907,8.02834008097166,0.0,0.0,2.1052631578947367,0.0,0.23076923076923078,0.0,2.51417004048583
MIA,Miami,2025-10-05,October,Sunday,266.0,266.0,-2.9285714285714284,-9.0,24.0,143.0,13.909774436090224,4.086466165413534,8.071428571428571,0.0,0.0,1.7932330827067668,0.018796992481203006,1.3345864661654134,0.0,3.2030075187969924
MIA,Miami,2025-10-06,October,Monday,289.0,289.0,5.930795847750865,-8.0,34.19999999999999,836.0,21.10726643598616,12.667820069204152,7.899653979238754,0.0,0.0,3.121107266435986,0.09688581314878893,4.740484429065744,0.05190311418685121,6.795847750865052
MIA,Miami,2025-10-07,October,Tuesday,252.0,252.0,-8.44047619047619,-13.0,11.800000000000011,135.0,8.333333333333332,0.873015873015873,7.678571428571429,0.0,0.0,1.3134920634920635,0.0,0.40476190476190477,0.0,2.1746031746031744
MIA,Miami,2025-10-08,October,Wednesday,251.0,251.0,0.07171314741035857,-8.0,27.0,247.0,16.733067729083665,5.446215139442231,8.123505976095618,0.0,0.0,3.1713147410358564,0.0,2.362549800796813,0.0,3.768924302788845
MIA,Miami,2025-10-09,October,Thursday,288.0,288.0,10.79861111111111,0.5,47.30000000000001,192.0,30.90277777777778,12.211805555555555,7.854166666666667,0.0,0.0,3.8472222222222223,0.2326388888888889,3.9097222222222223,0.10069444444444445,7.180555555555555
MIA,Miami,2025-10-10,October,Friday,292.0,292.0,25.84931506849315,10.0,76.90000000000003,667.0,47.6027397260274,19.106164383561644,9.773972602739725,0.0,0.0,7.02054794520548,0.4828767123287671,9.150684931506849,0.2328767123287671,11.280821917808218
MIA,Miami,2025-10-11,October,Saturday,280.0,279.0,9.634408602150538,0.0,41.60000000000005,329.0,23.297491039426525,10.010752688172044,8.78494623655914,0.35714285714285715,0.0,5.271428571428571,0.0,2.914285714285714,0.0,4.882142857142857
MIA,Miami,2025-10-12,October,Sunday,293.0,291.0,19.15807560137457,1.0,62.0,1448.0,24.742268041237114,21.621993127147768,8.63573883161512,0.6825938566552902,0.0,9.53924914675768,0.17747440273037543,2.3071672354948807,0.0,10.781569965870307
MIA,Miami,2025-10-13,October,Monday,292.0,289.0,19.515570934256054,-7.0,71.19999999999999,1508.0,22.491349480968857,26.027681660899653,8.152249134948097,1.0273972602739725,0.0,5.178082191780822,0.0684931506849315,2.671232876712329,0.0,19.11986301369863
MIA,Miami,2025-10-14,October,Tuesday,253.0,253.0,2.782608695652174,-9.0,44.0,362.0,17.391304347826086,10.719367588932807,7.66798418972332,0.0,0.0,4.213438735177865,0.20553359683794467,1.33201581027668,0.0,6.877470355731226
MIA,Miami,2025-10-15,October,Wednesday,252.0,252.0,-7.785714285714286,-11.0,11.0,217.0,9.126984126984127,1.7142857142857142,8.226190476190476,0.0,0.0,1.4285714285714286,0.0,0.6547619047619048,0.0,2.0436507936507935
MIA,Miami,2025-10-16,October,Thursday,288.0,287.0,-6.097560975609756,-11.0,18.0,108.0,13.240418118466899,3.9198606271777003,8.076655052264808,0.0,0.3472222222222222,1.7256944444444444,0.059027777777777776,1.0798611111111112,0.0,2.1319444444444446
MIA,Miami,2025-10-17,October,Friday,291.0,291.0,-2.3127147766323026,-11.0,10.0,821.0,8.59106529209622,8.048109965635739,8.120274914089347,0.0,0.0,2.5670103092783507,0.06872852233676977,0.436426116838488,0.0,6.061855670103093
MIA,Miami,2025-10-18,October,Saturday,277.0,276.0,1.4456521739130435,-9.0,39.5,232.0,17.391304347826086,10.855072463768115,7.471014492753623,0.36101083032490977,0.0,3.0252707581227436,1.7003610108303249,0.6859205776173285,0.0,6.263537906137184
MIA,Miami,2025-10-19,October,Sunday,292.0,291.0,8.20274914089347,-4.0,51.0,241.0,26.804123711340207,13.15807560137457,7.285223367697594,0.3424657534246575,0.0,4.986301369863014,0.023972602739726026,2.26027397260274,0.02054794520547945,7.455479452054795
MIA,Miami,2025-10-20,October,Monday,289.0,289.0,4.197231833910035,-7.0,31.999999999999943,303.0,17.99307958477509,10.66089965397924,7.882352941176471,0.0,0.0,3.301038062283737,0.02422145328719723,1.4429065743944636,0.0,6.8166089965397925
MIA,Miami,2025-10-21,October,Tuesday,253.0,253.0,-10.134387351778656,-15.0,10.200000000000045,164.0,8.300395256916996,0.691699604743083,7.33201581027668,0.0,0.0,1.6758893280632412,0.0,0.05138339920948617,0.22924901185770752,2.0
MIA,Miami,2025-10-22,October,Wednesday,252.0,251.0,-6.430278884462151,-11.0,13.0,127.0,9.56175298804781,2.537848605577689,7.219123505976095,0.0,0.3968253968253968,2.630952380952381,0.0992063492063492,0.373015873015873,0.0,1.25
MIA,Miami,2025-10-23,October,Thursday,286.0,285.0,-3.4947368421052634,-9.0,18.0,337.0,12.631578947368421,5.2596491228070175,7.905263157894737,0.34965034965034963,0.0,1.8776223776223777,0.0,0.8951048951048951,0.0,3.5874125874125875
MIA,Miami,2025-10-24,October,Friday,288.0,287.0,3.35191637630662,-8.0,33.400000000000034,446.0,13.937282229965156,10.693379790940767,7.933797909407666,0.3472222222222222,0.0,3.2222222222222223,0.4618055555555556,0.9305555555555556,0.0,6.826388888888889
MIA,Miami,2025-10-25,October,Saturday,280.0,279.0,9.021505376344086,-3.0,43.0,406.0,20.43010752688172,12.401433691756273,7.752688172043011,0.35714285714285715,0.0,5.785714285714286,1.6321428571428571,2.7857142857142856,0.0,4.878571428571429
MIA,Miami,2025-10-26,October,Sunday,294.0,292.0,15.691780821917808,3.5,60.900000000000034,316.0,35.61643835616438,13.407534246575343,8.61986301369863,0.6802721088435374,0.0,4.217687074829932,0.6598639455782312,4.8061224489795915,0.023809523809523808,9.20748299319728
MIA,Miami,2025-10-27,October,Monday,296.0,295.0,28.271186440677965,8.0,84.20000000000005,1139.0,41.35593220338983,25.82033898305085,8.745762711864407,0.33783783783783783,0.0,7.638513513513513,1.2060810810810811,5.611486486486487,0.0,17.611486486486488
MIA,Miami,2025-10-28,October,Tuesday,251.0,250.0,0.216,-6.0,19.0,369.0,15.2,3.492,9.072,0.0,0.398406374501992,1.2868525896414342,0.450199203187251,1.4223107569721116,0.0,4.083665338645418
MIA,Miami,2025-10-29,October,Wednesday,255.0,255.0,2.8,-5.0,33.599999999999994,296.0,19.607843137254903,3.6823529411764704,7.803921568627451,0.0,0.0,2.835294117647059,0.0,3.5843137254901962,0.0,3.1254901960784314
MIA,Miami,2025-10-30,October,Thursday,289.0,282.0,24.358156028368793,1.0,83.70000000000002,505.0,31.560283687943265,21.27304964539007,8.890070921985815,2.422145328719723,0.0,5.955017301038063,3.685121107266436,6.653979238754325,0.0,11.190311418685122
MIA,Miami,2025-10-31,October,Friday,273.0,262.0,11.748091603053435,-2.0,49.900000000000006,677.0,24.80916030534351,11.423664122137405,8.992366412213741,4.029304029304029,0.0,9.553113553113553,0.0,4.102564102564102,0.014652014652014652,2.241758241758242
MIA,Miami,2025-11-01,November,Saturday,274.0,273.0,9.853479853479854,-2.0,45.0,408.0,28.93772893772894,12.153846153846153,8.578754578754578,0.36496350364963503,0.0,6.872262773722627,0.0,2.5364963503649633,0.0,5.116788321167883
MIA,Miami,2025-11-02,November,Sunday,315.0,313.0,17.463258785942493,6.0,43.0,1181.0,34.185303514377,13.284345047923322,8.485623003194888,0.31746031746031744,0.31746031746031744,4.517460317460317,0.0,4.866666666666666,0.13015873015873017,9.46984126984127
MIA,Miami,2025-11-03,November,Monday,310.0,310.0,10.625806451612902,-4.0,46.200000000000045,590.0,20.64516129032258,13.670967741935485,9.216129032258065,0.0,0.0,5.464516129032258,0.0,2.329032258064516,0.0,9.451612903225806
MIA,Miami,2025-11-04,November,Tuesday,285.0,284.0,-2.0492957746478875,-10.5,19.700000000000017,424.0,10.56338028169014,5.654929577464789,7.894366197183099,0.3508771929824561,0.0,3.5157894736842104,0.0,1.168421052631579,0.23859649122807017,3.3228070175438598
MIA,Miami,2025-11-05,November,Wednesday,288.0,286.0,1.93006993006993,-8.0,33.5,368.0,17.132867132867133,7.43006993006993,8.727272727272727,0.0,0.6944444444444444,4.399305555555555,0.0,1.9236111111111112,0.0,4.173611111111111
MIA,Miami,2025-11-06,November,Thursday,313.0,313.0,6.712460063897764,-6.0,46.60000000000002,314.0,21.72523961661342,10.680511182108626,8.284345047923322,0.0,0.0,2.9041533546325877,0.03514376996805112,3.428115015974441,0.0,7.50479233226837
MIA,Miami,2025-11-07,November,Friday,313.0,301.0,7.664451827242525,-5.0,35.0,399.0,22.259136212624583,11.890365448504983,8.249169435215947,3.8338658146964857,0.0,3.8338658146964857,0.003194888178913738,2.357827476038339,0.0,7.603833865814696
MIA,Miami,2025-11-08,November,Saturday,323.0,298.0,32.328859060402685,10.0,112.30000000000001,449.0,44.29530201342282,26.72818791946309,10.211409395973154,7.430340557275541,0.30959752321981426,4.591331269349845,0.47987616099071206,20.71517027863777,0.0,6.606811145510836
MIA,Miami,2025-11-09,November,Sunday,318.0,272.0,52.81617647058823,16.0,160.0,963.0,50.73529411764706,39.00735294117647,10.334558823529411,14.465408805031446,0.0,12.578616352201259,0.3742138364779874,23.242138364779873,0.0,11.037735849056604
MIA,Miami,2025-11-10,November,Monday,316.0,288.0,37.072916666666664,15.0,112.00000000000011,789.0,50.69444444444444,27.177083333333332,9.722222222222221,8.860759493670885,0.0,9.313291139240507,2.75,11.924050632911392,0.0031645569620253164,11.186708860759493
MIA,Miami,2025-11-11,November,Tuesday,289.0,272.0,-0.3492647058823529,-10.0,28.0,344.0,15.073529411764705,7.088235294117647,8.827205882352942,5.88235294117647,0.0,4.13840830449827,0.0,1.7647058823529411,0.0,3.2664359861591694
MIA,Miami,2025-11-12,November,Wednesday,290.0,280.0,-8.971428571428572,-15.0,9.0,435.0,7.857142857142857,1.0928571428571427,8.103571428571428,3.4482758620689653,0.0,3.2448275862068967,0.0,0.2206896551724138,0.0,0.6827586206896552
MIA,Miami,2025-11-13,November,Thursday,317.0,308.0,-3.7012987012987013,-10.5,23.30000000000001,230.0,13.311688311688311,6.571428571428571,8.0,2.8391167192429023,0.0,1.8580441640378549,0.0,0.7444794952681388,0.0,4.492113564668769
MIA,Miami,2025-11-14,November,Friday,316.0,309.0,2.896440129449838,-11.0,21.0,1354.0,12.62135922330097,15.20388349514563,8.003236245954692,1.89873417721519,0.31645569620253167,8.496835443037975,0.22784810126582278,0.37658227848101267,0.0,5.344936708860759
MIA,Miami,2025-11-15,November,Saturday,325.0,323.0,-2.6904024767801857,-14.0,15.800000000000011,1802.0,10.8359133126935,9.702786377708978,9.318885448916408,0.6153846153846154,0.0,8.510769230769231,0.0,0.9230769230769231,0.0,2.2984615384615386
MIA,Miami,2025-11-16,November,Sunday,320.0,320.0,12.5875,-9.0,34.10000000000002,1867.0,16.5625,20.484375,9.196875,0.0,0.0,13.921875,0.06875,1.20625,0.0,7.26875
MIA,Miami,2025-11-17,November,Monday,316.0,316.0,-6.620253164556962,-14.0,15.0,190.0,10.443037974683545,3.6645569620253164,9.022151898734178,0.0,0.0,2.1107594936708862,0.0,1.3227848101265822,0.0,3.569620253164557
MIA,Miami,2025-11-18,November,Tuesday,288.0,288.0,-10.927083333333334,-15.0,10.600000000000023,95.0,8.680555555555555,-0.04513888888888889,8.53125,0.0,0.0,1.9305555555555556,0.0,0.3194444444444444,0.0,1.2013888888888888
MIA,Miami,2025-11-19,November,Wednesday,290.0,290.0,-9.26551724137931,-15.0,13.0,345.0,9.655172413793103,3.3379310344827586,8.541379310344828,0.0,0.0,2.9379310344827587,0.0,0.6206896551724138,0.0,2.0344827586206895
MIA,Miami,2025-11-20,November,Thursday,316.0,312.0,5.038461538461538,-10.0,39.900000000000034,650.0,18.269230769230766,15.006410256410257,8.727564102564102,0.949367088607595,0.31645569620253167,3.2183544303797467,2.5063291139240507,1.0379746835443038,0.0,8.781645569620252
MIA,Miami,2025-11-21,November,Friday,323.0,319.0,5.244514106583072,-9.0,51.19999999999999,382.0,21.003134796238246,15.445141065830722,8.335423197492164,0.9287925696594427,0.30959752321981426,6.684210526315789,1.13312693498452,0.4241486068111455,0.0,6.164086687306502
MIA,Miami,2025-11-22,November,Saturday,332.0,332.0,-0.2710843373493976,-9.0,27.800000000000068,270.0,15.66265060240964,6.102409638554217,10.114457831325302,0.0,0.0,3.569277108433735,0.0,1.5451807228915662,0.0,4.11144578313253
MIA,Miami,2025-11-23,November,Sunday,327.0,326.0,-5.006134969325154,-13.0,20.0,488.0,11.96319018404908,4.736196319018405,8.748466257668712,0.3058103975535168,0.0,1.54434250764526,0.3669724770642202,1.2415902140672783,0.0,3.7217125382262997
MIA,Miami,2025-11-24,November,Monday,328.0,326.0,5.831288343558282,-9.5,55.0,461.0,19.018404907975462,13.085889570552148,8.828220858895705,0.3048780487804878,0.3048780487804878,2.817073170731707,1.8323170731707317,2.3292682926829267,0.0,9.704268292682928
MIA,Miami,2025-11-25,November,Tuesday,324.0,322.0,-1.0838509316770186,-8.0,19.900000000000034,841.0,13.975155279503104,5.863354037267081,8.341614906832298,0.6172839506172839,0.0,4.364197530864198,0.05246913580246913,0.7129629629629629,0.0,2.441358024691358
MIA,Miami,2025-11-26,November,Wednesday,328.0,326.0,8.144171779141104,-1.0,38.0,377.0,24.539877300613497,8.190184049079754,9.773006134969325,0.6097560975609756,0.0,2.048780487804878,0.027439024390243903,3.3201219512195124,0.0,7.621951219512195
MIA,Miami,2025-11-27,November,Thursday,203.0,200.0,3.34,-2.0,31.0,139.0,19.5,1.87,9.6,0.49261083743842365,0.9852216748768473,2.354679802955665,0.0,4.29064039408867,0.0,1.2463054187192117
MIA,Miami,2025-11-28,November,Friday,309.0,308.0,3.5584415584415585,-6.0,36.30000000000001,271.0,18.181818181818183,9.272727272727273,9.724025974025974,0.3236245954692557,0.0,4.391585760517799,0.012944983818770227,1.9288025889967637,0.13592233009708737,4.436893203883495
MIA,Miami,2025-11-29,November,Saturday,339.0,329.0,15.674772036474165,-1.0,49.19999999999999,1144.0,25.835866261398177,19.64437689969605,9.091185410334347,2.949852507374631,0.0,7.820058997050148,2.3805309734513274,2.926253687315634,0.0,7.150442477876106
MIA,Miami,2025-11-30,November,Sunday,337.0,334.0,36.296407185628745,8.0,108.69999999999999,1005.0,43.11377245508982,37.76946107784431,9.748502994011975,0.5934718100890208,0.2967359050445104,16.551928783382788,1.2344213649851632,6.637982195845697,0.04154302670623145,15.032640949554896
MIA,Miami,2025-12-01,December,Monday,330.0,328.0,12.103658536585366,1.0,47.30000000000001,472.0,30.79268292682927,16.838414634146343,8.835365853658537,0.6060606060606061,0.0,8.1,0.2787878787878788,2.3363636363636364,0.0,5.466666666666667
MIA,Miami,2025-12-02,December,Tuesday,307.0,307.0,22.123778501628664,3.0,61.80000000000007,1606.0,35.83061889250814,21.71986970684039,9.429967426710098,0.0,0.0,10.17915309446254,0.745928338762215,5.309446254071661,0.0,10.055374592833877
MIA,Miami,2025-12-03,December,Wednesday,299.0,298.0,0.053691275167785234,-6.0,26.500000000000057,193.0,16.778523489932887,7.318791946308725,9.14765100671141,0.0,0.33444816053511706,3.963210702341137,0.15719063545150502,2.1538461538461537,0.24749163879598662,1.374581939799331
MIA,Miami,2025-12-04,December,Thursday,318.0,317.0,9.561514195583596,-4.0,38.400000000000034,550.0,24.9211356466877,14.753943217665615,8.839116719242902,0.0,0.3144654088050315,6.927672955974843,0.11006289308176101,2.569182389937107,0.0,6.0
MIA,Miami,2025-12-05,December,Friday,321.0,319.0,8.150470219435737,-3.0,41.0,555.0,24.45141065830721,12.764890282131661,7.899686520376176,0.6230529595015576,0.0,4.570093457943925,0.19937694704049844,3.4143302180685358,0.024922118380062305,6.629283489096573
MIA,Miami,2025-12-06,December,Saturday,327.0,327.0,10.039755351681958,-6.0,37.400000000000034,789.0,22.018348623853214,15.678899082568808,9.363914373088685,0.0,0.0,7.519877675840979,0.11009174311926606,2.302752293577982,0.0,7.477064220183486
MIA,Miami,2025-12-07,December,Sunday,324.0,313.0,20.75399361022364,3.0,75.80000000000001,338.0,36.42172523961661,20.115015974440894,10.60702875399361,3.3950617283950617,0.0,4.6080246913580245,1.9598765432098766,6.2253086419753085,0.0,11.978395061728396
MIA,Miami,2025-12-08,December,Monday,321.0,317.0,12.470031545741325,0.0,56.400000000000034,344.0,27.760252365930597,15.056782334384858,9.798107255520504,1.2461059190031152,0.0,5.8286604361370715,0.006230529595015576,2.8068535825545173,0.06230529595015576,8.286604361370717
MIA,Miami,2025-12-09,December,Tuesday,296.0,296.0,-0.1858108108108108,-8.0,21.5,407.0,13.85135135135135,6.358108108108108,9.067567567567568,0.0,0.0,4.986486486486487,0.08108108108108109,1.0844594594594594,0.0,2.8513513513513513
MIA,Miami,2025-12-10,December,Wednesday,297.0,297.0,0.6565656565656566,-7.0,24.800000000000068,358.0,15.151515151515152,6.558922558922559,9.185185185185185,0.0,0.0,4.417508417508418,0.2828282828282828,1.5555555555555556,0.0,2.3501683501683504
MIA,Miami,2025-12-11,December,Thursday,318.0,316.0,5.901898734177215,-6.0,44.0,358.0,20.253164556962027,13.474683544303797,9.613924050632912,0.628930817610063,0.0,3.5534591194968552,0.025157232704402517,1.2767295597484276,0.0,8.248427672955975
MIA,Miami,2025-12-12,December,Friday,322.0,321.0,4.894080996884735,-7.0,32.0,1550.0,19.626168224299064,12.096573208722742,8.467289719626168,0.0,0.3105590062111801,7.649068322981367,0.0,2.232919254658385,0.012422360248447204,3.2267080745341614
MIA,Miami,2025-12-13,December,Saturday,326.0,326.0,8.196319018404909,-5.0,46.5,591.0,22.392638036809817,12.558282208588958,9.696319018404909,0.0,0.0,7.613496932515337,0.6073619631901841,2.7975460122699385,0.06134969325153374,3.7484662576687118
MIA,Miami,2025-12-14,December,Sunday,323.0,308.0,51.71103896103896,8.0,146.3,2846.0,43.506493506493506,49.88636363636363,10.045454545454545,4.643962848297214,0.0,21.653250773993808,8.439628482972136,8.390092879256965,0.0,14.157894736842104
MIA,Miami,2025-12-15,December,Monday,321.0,319.0,1.567398119122257,-9.0,36.0,863.0,17.86833855799373,12.288401253918495,9.658307210031348,0.6230529595015576,0.0,3.607476635514019,0.23052959501557632,1.1277258566978192,0.0,5.8566978193146415
MIA,Miami,2025-12-16,December,Tuesday,296.0,296.0,-9.787162162162161,-14.5,6.0,292.0,6.418918918918918,4.256756756756757,8.95945945945946,0.0,0.0,1.739864864864865,0.033783783783783786,0.25,0.0,2.1655405405405403
MIA,Miami,2025-12-17,December,Wednesday,305.0,305.0,-3.377049180327869,-11.0,22.0,264.0,14.426229508196723,6.914754098360656,9.173770491803278,0.0,0.0,4.839344262295082,0.11147540983606558,0.4721311475409836,0.0,1.5377049180327869
MIA,Miami,2025-12-18,December,Thursday,331.0,331.0,13.06344410876133,-5.0,40.0,692.0,23.26283987915408,18.770392749244714,8.555891238670695,0.0,0.0,9.34441087613293,0.03927492447129909,2.395770392749245,0.0,8.308157099697885
MIA,Miami,2025-12-19,December,Friday,346.0,343.0,24.58600583090379,4.0,61.80000000000001,1482.0,35.56851311953353,27.932944606413994,11.486880466472304,0.5780346820809248,0.2890173410404624,10.06936416184971,0.2861271676300578,4.53757225433526,0.0,13.81791907514451
MIA,Miami,2025-12-20,December,Saturday,370.0,368.0,3.358695652173913,-7.0,38.900000000000034,421.0,21.467391304347828,14.230978260869565,10.72554347826087,0.5405405405405406,0.0,3.7216216216216216,0.0,1.4324324324324325,0.05405405405405406,7.213513513513513
MIA,Miami,2025-12-21,December,Sunday,353.0,348.0,10.28448275862069,-9.0,43.0,1898.0,21.839080459770116,20.29022988505747,11.060344827586206,1.13314447592068,0.28328611898017,11.436260623229462,0.09915014164305949,1.3286118980169972,0.32011331444759206,6.252124645892351
MIA,Miami,2025-12-22,December,Monday,355.0,352.0,-5.775568181818182,-13.0,24.700000000000102,274.0,12.215909090909092,9.605113636363637,10.775568181818182,0.8450704225352111,0.0,4.0084507042253525,0.0,0.4,0.0,3.028169014084507
MIA,Miami,2025-12-23,December,Tuesday,344.0,343.0,2.2857142857142856,-9.0,36.0,734.0,18.950437317784257,14.85131195335277,11.204081632653061,0.29069767441860467,0.0,7.098837209302325,0.03488372093023256,1.2732558139534884,0.0,4.607558139534884
MIA,Miami,2025-12-24,December,Wednesday,272.0,271.0,-11.387453874538746,-18.0,13.0,363.0,9.96309963099631,8.191881918819188,9.51660516605166,0.3676470588235294,0.0,4.3161764705882355,1.3529411764705883,0.4264705882352941,0.0,2.025735294117647
MIA,Miami,2025-12-25,December,Thursday,241.0,241.0,-13.058091286307054,-19.0,7.0,481.0,7.883817427385892,6.6887966804979255,9.921161825726141,0.0,0.0,4.141078838174274,0.5435684647302904,0.3236514522821577,0.0,1.0912863070539418
MIA,Miami,2025-12-26,December,Friday,361.0,348.0,29.06896551724138,8.0,105.60000000000002,928.0,44.54022988505747,33.89942528735632,12.35632183908046,3.6011080332409975,0.0,7.121883656509695,0.39335180055401664,17.808864265927976,0.0,8.282548476454293
MIA,Miami,2025-12-27,December,Saturday,379.0,347.0,29.88472622478386,14.0,101.2000000000001,764.0,48.99135446685879,30.824207492795388,13.804034582132564,8.443271767810026,0.0,7.036939313984169,1.0633245382585752,13.340369393139841,0.15303430079155672,8.989445910290238
MIA,Miami,2025-12-28,December,Sunday,361.0,349.0,18.75358166189112,0.0,85.19999999999999,381.0,36.38968481375358,28.544412607449857,11.630372492836676,3.0470914127423825,0.2770083102493075,6.354570637119114,0.15789473684210525,7.3988919667590025,0.030470914127423823,11.044321329639889
MIA,Miami,2025-12-29,December,Monday,362.0,355.0,18.60281690140845,1.0,82.0,749.0,32.11267605633803,22.746478873239436,12.16619718309859,1.9337016574585635,0.0,9.168508287292818,0.6325966850828729,4.62707182320442,0.0,9.9060773480663
MIA,Miami,2025-12-30,December,Tuesday,363.0,359.0,14.437325905292479,-2.0,56.39999999999998,477.0,28.412256267409468,21.044568245125348,12.403899721448468,1.1019283746556474,0.0,9.15702479338843,0.9724517906336089,2.2148760330578514,0.0,7.909090909090909
MIA,Miami,2025-12-31,December,Wednesday,345.0,344.0,-2.2238372093023258,-10.0,24.0,289.0,17.732558139534884,7.7936046511627906,13.55232558139535,0.2898550724637681,0.0,4.84927536231884,0.4057971014492754,1.5333333333333334,0.0,1.7043478260869565
ORD,Chicago O'Hare,2025-01-01,January,Wednesday,791.0,787.0,1.1842439644218552,-10.0,36.0,758.0,18.55146124523507,10.083862770012706,14.479034307496823,0.2528445006321113,0.2528445006321113,3.4083438685208596,0.4134007585335019,1.6877370417193427,0.0,7.18204804045512
ORD,Chicago O'Hare,2025-01-02,January,Thursday,935.0,933.0,4.513397642015005,-8.0,35.400000000000205,778.0,17.89924973204716,9.635584137191854,15.2518756698821,0.10695187165775401,0.10695187165775401,6.441711229946524,0.20855614973262032,2.4844919786096256,0.0,4.870588235294117
ORD,Chicago O'Hare,2025-01-03,January,Friday,862.0,858.0,9.496503496503497,-5.5,36.0,1164.0,20.62937062937063,14.966200466200466,13.212121212121213,0.11600928074245939,0.34802784222737815,5.183294663573085,0.3990719257540603,2.5243619489559164,0.0,9.918793503480279
ORD,Chicago O'Hare,2025-01-04,January,Saturday,816.0,806.0,6.802729528535981,-5.5,44.0,346.0,23.82133995037221,12.733250620347395,13.09305210918114,1.2254901960784315,0.0,5.099264705882353,1.1151960784313726,2.659313725490196,0.02696078431372549,6.1875
ORD,Chicago O'Hare,2025-01-05,January,Sunday,924.0,845.0,13.693491124260355,-1.0,55.60000000000002,1164.0,26.272189349112423,15.598816568047337,15.461538461538462,7.792207792207792,0.7575757575757576,7.586580086580087,0.8376623376623377,3.604978354978355,0.031385281385281384,5.708874458874459
ORD,Chicago O'Hare,2025-01-06,January,Monday,867.0,704.0,76.14914772727273,47.5,202.70000000000005,1017.0,71.44886363636364,67.90625,19.366477272727273,18.108419838523645,0.6920415224913495,6.814302191464821,5.8166089965397925,26.470588235294116,0.0,23.769319492502884
ORD,Chicago O'Hare,2025-01-07,January,Tuesday,763.0,739.0,5.412719891745602,-8.0,36.0,721.0,17.050067658998646,12.933694181326116,13.851150202976996,3.1454783748361725,0.0,7.45478374836173,0.5425950196592398,1.311926605504587,0.0,4.83224115334207
ORD,Chicago O'Hare,2025-01-08,January,Wednesday,778.0,775.0,3.8929032258064518,-7.0,32.0,1119.0,18.580645161290324,8.343225806451613,13.441290322580645,0.3856041131105398,0.0,5.673521850899743,0.12467866323907455,2.467866323907455,0.021850899742930592,4.8573264781491
ORD,Chicago O'Hare,2025-01-09,January,Thursday,832.0,813.0,9.391143911439114,-6.0,38.0,2680.0,20.17220172201722,14.293972939729397,14.013530135301353,2.283653846153846,0.0,4.668269230769231,2.418269230769231,2.3641826923076925,0.0,8.544471153846153
ORD,Chicago O'Hare,2025-01-10,January,Friday,836.0,757.0,62.31439894319683,22.0,167.39999999999998,1326.0,57.59577278731837,50.65653896961691,22.047556142668427,8.971291866028707,0.4784688995215311,7.715311004784689,9.415071770334928,14.010765550239235,0.0011961722488038277,27.148325358851675
ORD,Chicago O'Hare,2025-01-11,January,Saturday,721.0,697.0,15.658536585365853,-6.0,72.39999999999998,1326.0,25.968436154949785,20.66571018651363,14.222381635581062,3.0513176144244105,0.27739251040221913,11.073509015256588,0.8044382801664355,3.0055478502080444,0.0,9.067961165048544
ORD,Chicago O'Hare,2025-01-12,January,Sunday,819.0,816.0,18.955882352941178,0.0,66.0,1607.0,30.88235294117647,19.63848039215686,16.938725490196077,0.1221001221001221,0.2442002442002442,7.4212454212454215,1.5763125763125763,4.94993894993895,0.02442002442002442,10.626373626373626
ORD,Chicago O'Hare,2025-01-13,January,Monday,831.0,827.0,-3.117291414752116,-13.0,20.399999999999977,854.0,12.93833131801693,4.785973397823458,13.326481257557436,0.24067388688327318,0.24067388688327318,5.024067388688327,0.6040914560770156,0.9578820697954272,0.0,3.235860409145608
ORD,Chicago O'Hare,2025-01-14,January,Tuesday,753.0,752.0,3.4481382978723403,-7.0,35.0,436.0,19.01595744680851,7.175531914893617,14.58909574468085,0.13280212483399734,0.0,5.952191235059761,0.27622841965471445,1.847277556440903,0.025232403718459494,4.758300132802125
ORD,Chicago O'Hare,2025-01-15,January,Wednesday,769.0,768.0,-7.875,-14.0,10.300000000000068,280.0,9.114583333333332,-0.484375,13.26953125,0.13003901170351106,0.0,2.1482444733420025,0.0,0.9206762028608583,0.0,2.3719115734720417
ORD,Chicago O'Hare,2025-01-16,January,Thursday,831.0,831.0,-0.09626955475330927,-8.0,27.0,286.0,16.48616125150421,2.050541516245487,14.250300842358604,0.0,0.0,3.6726835138387486,0.27918170878459686,2.37424789410349,0.0,2.7123947051744888
ORD,Chicago O'Hare,2025-01-17,January,Friday,835.0,834.0,-1.998800959232614,-12.0,14.700000000000045,879.0,10.071942446043165,5.14748201438849,14.522781774580336,0.11976047904191617,0.0,5.6023952095808385,0.019161676646706587,0.7317365269461078,0.0,3.258682634730539
ORD,Chicago O'Hare,2025-01-18,January,Saturday,690.0,690.0,-6.930434782608696,-16.0,16.100000000000023,1026.0,11.014492753623188,3.0188405797101447,15.766666666666667,0.0,0.0,4.205797101449275,0.0,1.2246376811594204,0.0,2.2028985507246377
ORD,Chicago O'Hare,2025-01-19,January,Sunday,774.0,755.0,5.8344370860927155,-11.0,40.0,1843.0,20.662251655629138,12.472847682119205,13.245033112582782,2.454780361757106,0.0,8.479328165374676,1.0232558139534884,2.7739018087855296,0.0,4.784237726098191
ORD,Chicago O'Hare,2025-01-20,January,Monday,838.0,822.0,12.420924574209245,-4.0,50.0,1766.0,25.304136253041364,16.472019464720194,14.31021897810219,1.6706443914081146,0.23866348448687352,9.994033412887829,0.5429594272076372,2.815035799522673,0.0,6.522673031026253
ORD,Chicago O'Hare,2025-01-21,January,Tuesday,764.0,735.0,5.131972789115646,-7.0,42.60000000000002,786.0,20.272108843537413,8.187755102040816,15.304761904761905,3.7958115183246073,0.0,4.674083769633508,1.7552356020942408,3.31282722513089,0.0,3.5170157068062826
ORD,Chicago O'Hare,2025-01-22,January,Wednesday,775.0,748.0,11.596256684491978,-5.0,71.60000000000014,503.0,26.336898395721924,14.13903743315508,17.745989304812834,3.483870967741935,0.0,6.76,0.5832258064516129,4.353548387096774,0.0,7.588387096774194
ORD,Chicago O'Hare,2025-01-23,January,Thursday,836.0,823.0,6.260024301336574,-7.0,35.80000000000007,892.0,18.347509113001216,11.247873633049817,15.245443499392467,1.555023923444976,0.0,6.980861244019139,1.0968899521531101,2.0083732057416266,0.0023923444976076554,5.4688995215311005
ORD,Chicago O'Hare,2025-01-24,January,Friday,841.0,839.0,-0.025029797377830752,-13.0,20.200000000000045,784.0,12.63408820023838,8.488676996424315,13.543504171632897,0.11890606420927466,0.11890606420927466,6.0,0.0,1.0392390011890607,0.0,5.529131985731272
ORD,Chicago O'Hare,2025-01-25,January,Saturday,721.0,721.0,-6.120665742024966,-13.0,15.0,685.0,10.263522884882107,1.8904299583911235,12.21636615811373,0.0,0.0,4.2413314840499305,0.12066574202496533,0.7420249653259362,0.0,1.3800277392510403
ORD,Chicago O'Hare,2025-01-26,January,Sunday,823.0,823.0,-6.793438639125152,-13.0,12.0,772.0,9.234507897934387,1.8517618469015795,13.596597812879708,0.0,0.0,2.9380315917375457,0.13730255164034022,0.8408262454434994,0.0,2.7120291616038883
ORD,Chicago O'Hare,2025-01-27,January,Monday,834.0,833.0,-4.175270108043217,-14.0,12.0,1764.0,8.883553421368548,3.0480192076830734,12.84153661464586,0.0,0.1199040767386091,5.792565947242206,0.01079136690647482,0.9124700239808153,0.001199040767386091,2.2553956834532376
ORD,Chicago O'Hare,2025-01-28,January,Tuesday,755.0,754.0,-9.644562334217506,-15.0,8.0,462.0,7.294429708222812,-2.189655172413793,11.76657824933687,0.0,0.13245033112582782,2.899337748344371,0.0,0.7059602649006622,0.0,1.1642384105960264
ORD,Chicago O'Hare,2025-01-29,January,Wednesday,771.0,771.0,-5.56420233463035,-13.0,13.0,608.0,9.46822308690013,0.9818417639429312,12.43709468223087,0.0,0.0,3.6796368352788584,0.14785992217898833,0.7159533073929961,0.04928664072632944,2.754863813229572
ORD,Chicago O'Hare,2025-01-30,January,Thursday,834.0,822.0,-5.384428223844282,-12.0,16.899999999999977,402.0,11.557177615571776,0.7785888077858881,14.055961070559611,1.4388489208633095,0.0,2.305755395683453,0.05515587529976019,1.2146282973621103,0.0,2.447242206235012
ORD,Chicago O'Hare,2025-01-31,January,Friday,838.0,831.0,11.173285198555957,-2.0,42.0,1596.0,22.743682310469314,11.855595667870036,18.012033694344165,0.11933174224343676,0.7159904534606205,3.992840095465394,1.1491646778042959,2.4916467780429596,0.00477326968973747,8.841288782816228
ORD,Chicago O'Hare,2025-02-01,February,Saturday,724.0,723.0,0.5297372060857538,-12.0,18.800000000000068,1355.0,12.309820193637622,6.250345781466113,16.65283540802213,0.0,0.13812154696132595,4.468232044198895,1.882596685082873,1.4392265193370166,0.0,4.288674033149171
ORD,Chicago O'Hare,2025-02-02,February,Sunday,824.0,820.0,-3.9743902439024392,-13.0,20.0,475.0,13.292682926829269,4.2926829268292686,13.064634146341463,0.3640776699029126,0.12135922330097086,4.266990291262136,0.0983009708737864,1.2682038834951457,0.0,2.8094660194174756
ORD,Chicago O'Hare,2025-02-03,February,Monday,837.0,834.0,1.552757793764988,-8.0,29.700000000000045,673.0,17.505995203836928,5.152278177458034,15.988009592326138,0.11947431302270012,0.23894862604540024,3.5292712066905616,0.2054958183990442,2.046594982078853,0.0,5.261648745519714
ORD,Chicago O'Hare,2025-02-04,February,Tuesday,757.0,756.0,-0.3637566137566138,-11.0,19.0,1001.0,12.433862433862434,5.26984126984127,15.461640211640212,0.0,0.13210039630118892,4.052840158520476,0.24570673712021135,1.1994715984147952,0.08850726552179657,6.080581241743725
ORD,Chicago O'Hare,2025-02-05,February,Wednesday,773.0,769.0,-2.942782834850455,-11.0,15.0,1119.0,10.143042912873861,3.318595578673602,15.585175552665799,0.258732212160414,0.258732212160414,3.1241914618369986,1.7645536869340233,1.4424320827943078,0.0,3.648124191461837
ORD,Chicago O'Hare,2025-02-06,February,Thursday,839.0,817.0,8.488372093023257,-3.0,55.0,562.0,26.682986536107713,10.9265605875153,14.0734394124847,2.622169249106079,0.0,4.177592371871276,0.7651966626936829,3.9177592371871275,0.0,7.568533969010727
ORD,Chicago O'Hare,2025-02-07,February,Friday,843.0,841.0,-9.75743162901308,-15.0,9.0,929.0,6.896551724137931,0.42568370986920334,12.833531510107015,0.2372479240806643,0.0,2.863582443653618,0.5124555160142349,0.5670225385527876,0.0,1.5148279952550414
ORD,Chicago O'Hare,2025-02-08,February,Saturday,723.0,716.0,7.825418994413408,-5.0,46.5,1065.0,25.139664804469277,9.09217877094972,18.150837988826815,0.8298755186721992,0.13831258644536654,7.955739972337483,0.4218533886583679,4.9695712309820195,0.04426002766251729,4.1562932226832645
ORD,Chicago O'Hare,2025-02-09,February,Sunday,817.0,799.0,5.360450563204005,-8.0,43.200000000000045,901.0,20.52565707133917,11.750938673341677,15.036295369211514,1.9583843329253363,0.24479804161566704,5.093023255813954,0.8164014687882497,2.3990208078335375,0.0,7.329253365973072
ORD,Chicago O'Hare,2025-02-10,February,Monday,844.0,843.0,-2.7141162514827997,-11.0,20.0,544.0,12.574139976275209,4.345195729537367,14.034400948991696,0.11848341232227488,0.0,4.061611374407583,0.28554502369668244,1.231042654028436,0.0,3.5414691943127963
ORD,Chicago O'Hare,2025-02-11,February,Tuesday,757.0,753.0,6.6387782204515275,-4.0,38.0,960.0,22.709163346613543,8.232403718459496,16.090305444887118,0.5284015852047557,0.0,5.7886393659180975,1.3645970937912815,3.5785997357992074,0.10700132100396301,4.095112285336856
ORD,Chicago O'Hare,2025-02-12,February,Wednesday,788.0,721.0,72.79889042995839,39.0,206.0,1248.0,64.77115117891817,57.98196948682386,22.042995839112344,8.248730964467004,0.25380710659898476,5.728426395939087,7.036802030456853,41.08629441624365,0.0,15.236040609137056
ORD,Chicago O'Hare,2025-02-13,February,Thursday,888.0,865.0,24.625433526011562,5.0,87.60000000000002,665.0,38.49710982658959,23.965317919075144,15.935260115606937,2.4774774774774775,0.11261261261261261,7.274774774774775,0.8175675675675675,4.849099099099099,0.05067567567567568,14.594594594594595
ORD,Chicago O'Hare,2025-02-14,February,Friday,909.0,902.0,20.855875831485587,2.0,73.89999999999998,1261.0,35.033259423503324,14.363636363636363,22.38248337028825,0.33003300330033003,0.44004400440044,9.012101210121012,0.7876787678767877,9.474147414741473,0.028602860286028604,6.841584158415841
ORD,Chicago O'Hare,2025-02-15,February,Saturday,766.0,747.0,37.4524765729585,9.0,112.39999999999998,1549.0,43.1057563587684,32.02275769745649,18.068273092369477,1.95822454308094,0.5221932114882507,11.56266318537859,3.804177545691906,8.328981723237598,0.0,16.48433420365535
ORD,Chicago O'Hare,2025-02-16,February,Sunday,881.0,836.0,53.09808612440192,17.0,169.5,1114.0,52.03349282296651,51.5622009569378,15.760765550239235,4.880817253121453,0.22701475595913734,16.233825198637913,5.997729852440409,7.855845629965947,0.018161180476730987,24.119182746878547
ORD,Chicago O'Hare,2025-02-17,February,Monday,907.0,880.0,33.00340909090909,5.0,101.20000000000005,1091.0,38.18181818181819,33.53636363636364,14.835227272727273,2.8665931642778393,0.11025358324145534,13.002205071664829,1.4355016538037486,4.950385887541345,0.0,17.148842337375964
ORD,Chicago O'Hare,2025-02-18,February,Tuesday,802.0,785.0,10.680254777070063,-5.0,46.0,529.0,21.78343949044586,13.312101910828025,13.061146496815287,2.119700748129676,0.0,7.1807980049875315,1.7169576059850373,2.9002493765586035,0.0,5.6458852867830425
ORD,Chicago O'Hare,2025-02-19,February,Wednesday,819.0,798.0,10.971177944862156,-8.0,51.600000000000136,1237.0,20.927318295739347,17.07017543859649,13.180451127819548,2.0757020757020754,0.4884004884004884,7.852258852258852,0.6398046398046398,2.3601953601953602,0.0,8.88034188034188
ORD,Chicago O'Hare,2025-02-20,February,Thursday,902.0,894.0,11.837807606263983,-2.0,59.0,1351.0,27.628635346756152,12.822147651006711,14.011185682326621,0.8869179600886918,0.0,6.896895787139689,0.746119733924612,4.364745011086474,0.0,6.888026607538802
ORD,Chicago O'Hare,2025-02-21,February,Friday,909.0,908.0,2.60352422907489,-8.0,31.300000000000068,626.0,18.3920704845815,7.759911894273127,14.092511013215859,0.11001100110011,0.0,4.633663366336633,0.1562156215621562,1.778877887788779,0.0011001100110011,5.267326732673268
ORD,Chicago O'Hare,2025-02-22,February,Saturday,766.0,766.0,0.9190600522193212,-9.0,24.0,1198.0,14.490861618798956,6.657963446475196,13.049608355091383,0.0,0.0,5.011749347258486,0.031331592689295036,1.7819843342036554,0.02741514360313316,4.077023498694517
ORD,Chicago O'Hare,2025-02-23,February,Sunday,889.0,888.0,-1.5743243243243243,-10.0,20.300000000000068,739.0,12.950450450450452,5.070945945945946,12.816441441441441,0.11248593925759282,0.0,3.8638920134983126,0.17997750281214847,1.1631046119235096,0.0,3.87289088863892
ORD,Chicago O'Hare,2025-02-24,February,Monday,907.0,906.0,-6.72075055187638,-13.5,10.5,570.0,9.050772626931568,2.4492273730684326,13.380794701986755,0.0,0.11025358324145534,2.6901874310915104,0.2701212789415656,0.5413450937155457,0.0,3.585446527012128
ORD,Chicago O'Hare,2025-02-25,February,Tuesday,801.0,800.0,-12.0925,-17.0,5.0,353.0,6.875000000000001,-0.34625,13.04875,0.12484394506866417,0.0,2.700374531835206,0.0749063670411985,0.25842696629213485,0.0,1.6991260923845193
ORD,Chicago O'Hare,2025-02-26,February,Wednesday,819.0,819.0,-3.78021978021978,-9.0,17.0,512.0,11.355311355311356,0.4249084249084249,16.998778998779,0.0,0.0,3.1819291819291817,0.007326007326007326,0.8107448107448108,0.0,2.2002442002442004
ORD,Chicago O'Hare,2025-02-27,February,Thursday,903.0,902.0,-1.6629711751662972,-9.0,23.899999999999977,326.0,15.077605321507761,2.8237250554323725,13.855875831485587,0.0,0.11074197120708748,2.796234772978959,0.25692137320044295,1.7906976744186047,0.0,3.356589147286822
ORD,Chicago O'Hare,2025-02-28,February,Friday,910.0,908.0,4.02863436123348,-9.0,22.0,1842.0,14.537444933920703,7.674008810572687,13.472466960352422,0.10989010989010989,0.10989010989010989,5.730769230769231,0.04285714285714286,1.3571428571428572,0.0,5.6
ORD,Chicago O'Hare,2025-03-01,March,Saturday,767.0,765.0,0.4562091503267974,-8.0,19.0,476.0,13.594771241830065,5.249673202614379,14.673202614379084,0.1303780964797914,0.1303780964797914,4.168187744458931,0.9765319426336375,1.3233376792698825,0.0,3.3585397653194264
ORD,Chicago O'Hare,2025-03-02,March,Sunday,889.0,887.0,-3.347237880496054,-10.0,21.0,420.0,12.62683201803833,3.0665163472378807,13.483652762119505,0.11248593925759282,0.11248593925759282,3.546681664791901,0.0,1.1383577052868392,0.0,2.9932508436445446
ORD,Chicago O'Hare,2025-03-03,March,Monday,908.0,906.0,-3.2847682119205297,-14.0,15.0,1077.0,10.154525386313466,6.232891832229581,12.945916114790286,0.22026431718061676,0.0,4.773127753303965,0.07158590308370044,0.683920704845815,0.0,4.86453744493392
ORD,Chicago O'Hare,2025-03-04,March,Tuesday,801.0,794.0,2.118387909319899,-9.5,31.700000000000045,573.0,16.24685138539043,6.664987405541562,14.42317380352645,0.7490636704119851,0.12484394506866417,3.5430711610486894,1.404494382022472,1.6679151061173534,0.0,5.885143570536829
ORD,Chicago O'Hare,2025-03-05,March,Wednesday,825.0,774.0,8.58656330749354,-8.0,50.700000000000045,756.0,24.289405684754524,15.138242894056848,16.285529715762273,5.9393939393939394,0.24242424242424243,4.5224242424242425,1.3793939393939394,3.576969696969697,0.09696969696969697,8.613333333333333
ORD,Chicago O'Hare,2025-03-06,March,Thursday,938.0,930.0,1.739784946236559,-9.0,29.100000000000023,495.0,15.913978494623656,8.787096774193548,13.712903225806452,0.8528784648187633,0.0,4.726012793176972,0.6396588486140725,1.1513859275053304,0.0010660980810234541,5.740938166311301
ORD,Chicago O'Hare,2025-03-07,March,Friday,954.0,949.0,19.523709167544784,2.0,70.0,1076.0,34.77344573234984,18.05163329820864,19.311907270811382,0.3144654088050315,0.20964360587002098,6.568134171907757,0.5052410901467506,5.118448637316562,0.0,12.89727463312369
ORD,Chicago O'Hare,2025-03-08,March,Saturday,851.0,850.0,2.111764705882353,-9.0,27.0,923.0,14.470588235294118,7.245882352941177,13.334117647058823,0.11750881316098707,0.0,4.877790834312574,0.46298472385428907,1.337250293772033,0.0,4.991774383078731
ORD,Chicago O'Hare,2025-03-09,March,Sunday,946.0,944.0,-1.4194915254237288,-9.0,21.0,579.0,13.135593220338984,4.094279661016949,13.757415254237289,0.10570824524312897,0.10570824524312897,3.6627906976744184,0.0507399577167019,1.2949260042283297,0.0,3.1775898520084565
ORD,Chicago O'Hare,2025-03-10,March,Monday,947.0,945.0,-7.522751322751323,-13.0,14.0,276.0,9.841269841269842,1.4264550264550264,14.250793650793652,0.21119324181626187,0.0,1.9208025343189017,0.042238648363252376,0.6916578669482577,0.0,2.850052798310454
ORD,Chicago O'Hare,2025-03-11,March,Tuesday,897.0,896.0,-2.2142857142857144,-10.0,18.0,779.0,11.495535714285714,3.5535714285714284,16.277901785714285,0.0,0.11148272017837235,4.882943143812709,0.0,0.907469342251951,0.0,3.0301003344481607
ORD,Chicago O'Hare,2025-03-12,March,Wednesday,922.0,918.0,-2.110021786492375,-9.0,18.0,503.0,11.546840958605664,1.9618736383442266,17.12636165577342,0.10845986984815618,0.32537960954446854,3.544468546637744,0.014099783080260303,1.146420824295011,0.013015184381778741,2.4446854663774404
ORD,Chicago O'Hare,2025-03-13,March,Thursday,949.0,949.0,-2.287671232876712,-10.0,19.0,616.0,12.012644889357219,4.493150684931507,16.637513171759746,0.0,0.0,3.161222339304531,0.05374077976817703,0.7112750263435195,0.0,4.104320337197049
ORD,Chicago O'Hare,2025-03-14,March,Friday,954.0,928.0,4.362068965517241,-8.0,33.0,994.0,17.45689655172414,8.189655172413794,17.862068965517242,2.7253668763102725,0.0,5.414046121593292,0.5482180293501048,2.30293501048218,0.0,4.682389937106918
ORD,Chicago O'Hare,2025-03-15,March,Saturday,841.0,810.0,74.47654320987654,59.0,182.10000000000002,1046.0,75.18518518518519,72.32592592592593,14.028395061728395,3.56718192627824,0.11890606420927466,5.143876337693222,7.988109393579072,38.94887039239001,0.0,21.860879904875148
ORD,Chicago O'Hare,2025-03-16,March,Sunday,944.0,927.0,43.84142394822006,9.0,130.0,1304.0,46.38619201725998,47.41100323624595,17.019417475728154,1.8008474576271187,0.0,10.244703389830509,4.432203389830509,8.39406779661017,0.0,25.502118644067796
ORD,Chicago O'Hare,2025-03-17,March,Monday,952.0,947.0,9.98416050686378,-7.0,47.0,890.0,21.119324181626187,17.729672650475184,14.49208025343189,0.42016806722689076,0.10504201680672269,8.169117647058824,0.3077731092436975,1.3876050420168067,0.007352941176470588,9.440126050420169
ORD,Chicago O'Hare,2025-03-18,March,Tuesday,901.0,895.0,-4.983240223463687,-14.0,18.0,713.0,11.955307262569832,3.764245810055866,14.326256983240224,0.6659267480577136,0.0,4.1476137624861265,0.10987791342952276,0.8501664816870145,0.0,3.2619311875693673
ORD,Chicago O'Hare,2025-03-19,March,Wednesday,937.0,825.0,56.78060606060606,7.0,185.0,1419.0,45.09090909090909,45.31272727272727,18.332121212121212,7.257203842049092,4.695837780149413,5.657417289220918,4.883671291355389,29.801494130202776,0.0,14.389541088580577
ORD,Chicago O'Hare,2025-03-20,March,Thursday,964.0,952.0,18.57563025210084,1.0,71.0,754.0,34.13865546218487,21.75,19.152310924369747,1.2448132780082988,0.0,7.4429460580912865,0.9564315352697096,3.745850622406639,0.0,12.498962655601659
ORD,Chicago O'Hare,2025-03-21,March,Friday,969.0,966.0,2.1956521739130435,-10.0,21.0,1599.0,13.043478260869565,8.469979296066253,15.166666666666666,0.0,0.30959752321981426,4.43343653250774,0.2951496388028896,1.1248710010319918,0.0,6.552115583075335
ORD,Chicago O'Hare,2025-03-22,March,Saturday,855.0,852.0,-3.48943661971831,-11.0,15.0,1072.0,10.56338028169014,1.8051643192488263,16.32511737089202,0.0,0.3508771929824561,3.3473684210526318,0.014035087719298246,1.6222222222222222,0.0,2.336842105263158
ORD,Chicago O'Hare,2025-03-23,March,Sunday,959.0,953.0,6.005246589716684,-4.0,32.0,1176.0,19.412381951731376,6.445960125918154,15.78174186778594,0.5213764337851928,0.10427528675703858,4.700729927007299,0.3816475495307612,2.3826903023983315,0.0,4.985401459854015
ORD,Chicago O'Hare,2025-03-24,March,Monday,962.0,957.0,3.283176593521421,-8.0,29.0,880.0,17.345872518286313,7.240334378265413,14.792058516196446,0.5197505197505198,0.0,5.946985446985447,0.4386694386694387,1.6153846153846154,0.0,4.3232848232848236
ORD,Chicago O'Hare,2025-03-25,March,Tuesday,913.0,910.0,-3.6648351648351647,-11.0,17.0,715.0,11.538461538461538,1.7362637362637363,16.068131868131868,0.10952902519167579,0.21905805038335158,2.5783132530120483,0.16429353778751368,1.5224534501642935,0.0,3.7316538882803942
ORD,Chicago O'Hare,2025-03-26,March,Wednesday,937.0,937.0,-0.25720384204909286,-8.0,18.0,1133.0,12.059765208110992,2.926360725720384,16.63607257203842,0.0,0.0,4.437566702241195,0.13980789754535752,1.3948772678762007,0.0,2.6915688367129134
ORD,Chicago O'Hare,2025-03-27,March,Thursday,964.0,962.0,0.5738045738045738,-8.0,23.0,464.0,13.825363825363826,5.245322245322245,13.41995841995842,0.0,0.2074688796680498,4.401452282157677,0.15352697095435686,1.1753112033195021,0.0,4.1462655601659755
ORD,Chicago O'Hare,2025-03-28,March,Friday,970.0,954.0,29.136268343815512,7.0,106.0,629.0,42.138364779874216,27.80607966457023,15.481132075471699,0.4123711340206186,1.2371134020618557,5.4628865979381445,5.7670103092783505,9.985567010309278,0.032989690721649485,11.650515463917525
ORD,Chicago O'Hare,2025-03-29,March,Saturday,853.0,849.0,0.46878680800942285,-12.0,26.0,1113.0,13.663133097762072,7.888103651354535,15.305064782096585,0.4689331770222743,0.0,5.0328253223915596,0.41617819460726846,1.7256740914419695,0.0,5.459554513481828
ORD,Chicago O'Hare,2025-03-30,March,Sunday,954.0,894.0,49.73937360178971,10.0,156.70000000000005,1307.0,46.75615212527964,43.51118568232662,16.09619686800895,4.40251572327044,1.8867924528301887,12.467505241090146,5.156184486373165,15.764150943396226,0.0010482180293501049,18.331236897274632
ORD,Chicago O'Hare,2025-03-31,March,Monday,964.0,937.0,22.246531483457844,-1.0,94.0,922.0,30.52294557097118,24.547491995731058,19.17502668089648,2.8008298755186725,0.0,8.658713692946058,2.9024896265560165,4.231327800829876,0.0,11.806016597510373
ORD,Chicago O'Hare,2025-04-01,April,Tuesday,921.0,913.0,9.248630887185104,-4.0,38.0,941.0,21.248630887185104,10.470974808324206,19.552026286966047,0.6514657980456027,0.21715526601520088,6.871878393051031,0.48642779587404994,2.566775244299674,0.0,5.798045602605863
ORD,Chicago O'Hare,2025-04-02,April,Wednesday,949.0,698.0,163.28796561604585,134.5,302.0,1346.0,90.11461318051576,134.63610315186247,26.898280802292263,24.341412012644888,2.107481559536354,6.229715489989463,22.973656480505795,69.92623814541622,0.0,21.209694415173868
ORD,Chicago O'Hare,2025-04-03,April,Thursday,970.0,866.0,26.47921478060046,5.0,96.5,697.0,38.4526558891455,28.175519630484988,17.75635103926097,10.721649484536082,0.0,8.704123711340205,1.9154639175257733,3.468041237113402,0.0,13.728865979381442
ORD,Chicago O'Hare,2025-04-04,April,Friday,1007.0,1002.0,15.818363273453095,3.0,51.0,1201.0,29.141716566866265,14.517964071856287,19.264471057884233,0.49652432969215493,0.0,7.922542204568024,0.5153922542204568,3.6583912611717975,0.0,7.538232373386296
ORD,Chicago O'Hare,2025-04-05,April,Saturday,900.0,893.0,10.456886898096304,-3.0,48.600000000000136,690.0,21.948488241881297,14.998880179171332,17.372900335946248,0.7777777777777778,0.0,6.23,2.068888888888889,1.7622222222222221,0.0,6.881111111111111
ORD,Chicago O'Hare,2025-04-06,April,Sunday,1000.0,994.0,14.29476861167002,1.0,50.0,690.0,27.16297786720322,14.3158953722334,18.138832997987926,0.5,0.1,6.183,1.726,3.427,0.0,7.495
ORD,Chicago O'Hare,2025-04-07,April,Monday,1006.0,1002.0,15.978043912175648,4.0,49.0,823.0,30.33932135728543,11.788423153692614,19.892215568862277,0.3976143141153081,0.0,6.557654075546719,0.040755467196819085,4.280318091451292,0.009940357852882704,7.981113320079523
ORD,Chicago O'Hare,2025-04-08,April,Tuesday,925.0,920.0,-0.35978260869565215,-8.0,23.200000000000045,444.0,14.347826086956522,2.5358695652173915,16.565217391304348,0.5405405405405406,0.0,3.3578378378378377,0.3762162162162162,1.815135135135135,0.034594594594594595,2.8886486486486485
ORD,Chicago O'Hare,2025-04-09,April,Wednesday,963.0,960.0,2.0364583333333335,-7.0,26.0,1045.0,16.041666666666668,4.432291666666667,18.878125,0.3115264797507788,0.0,3.249221183800623,0.0,1.6832814122533748,0.0,5.118380062305296
ORD,Chicago O'Hare,2025-04-10,April,Thursday,994.0,993.0,6.495468277945619,-4.0,31.0,758.0,18.026183282980863,7.066465256797583,19.206445115810673,0.1006036217303823,0.0,3.193158953722334,1.364185110663984,1.9637826961770624,0.0,5.740442655935614
ORD,Chicago O'Hare,2025-04-11,April,Friday,999.0,996.0,2.8855421686746987,-5.0,28.0,352.0,16.76706827309237,4.703815261044177,18.85140562248996,0.20020020020020018,0.10010010010010009,4.574574574574575,0.07407407407407407,1.5365365365365364,0.0,2.93993993993994
ORD,Chicago O'Hare,2025-04-12,April,Saturday,890.0,888.0,-5.043918918918919,-11.0,15.0,462.0,10.247747747747747,1.893018018018018,15.63963963963964,0.0,0.22471910112359553,3.5213483146067417,0.13258426966292136,0.9617977528089887,0.0,2.156179775280899
ORD,Chicago O'Hare,2025-04-13,April,Sunday,989.0,983.0,2.017293997965412,-8.0,20.800000000000068,1002.0,12.614445574771107,6.645981688708036,18.657171922685656,0.3033367037411527,0.3033367037411527,5.779575328614762,0.022244691607684528,1.0626895854398382,0.17492416582406473,4.135490394337715
ORD,Chicago O'Hare,2025-04-14,April,Monday,998.0,997.0,-4.002006018054162,-11.0,16.0,964.0,10.431293881644935,2.23370110330993,15.218655967903711,0.0,0.1002004008016032,2.966933867735471,0.06913827655310621,1.153306613226453,0.026052104208416832,2.8937875751503004
ORD,Chicago O'Hare,2025-04-15,April,Tuesday,910.0,910.0,-7.010989010989011,-11.0,8.100000000000023,334.0,7.362637362637363,-0.6318681318681318,14.286813186813188,0.0,0.0,1.8802197802197802,0.0,0.5439560439560439,0.03956043956043956,1.9384615384615385
ORD,Chicago O'Hare,2025-04-16,April,Wednesday,963.0,962.0,-1.4022869022869022,-7.0,18.0,582.0,12.37006237006237,1.7754677754677755,17.87733887733888,0.0,0.10384215991692627,3.9096573208722742,0.009345794392523364,0.9730010384215991,0.0,2.4402907580477673
ORD,Chicago O'Hare,2025-04-17,April,Thursday,1000.0,997.0,5.667001003009027,-2.0,34.39999999999998,809.0,24.172517552657975,5.607823470411233,17.99097291875627,0.1,0.2,3.786,0.122,2.898,0.0,4.566
ORD,Chicago O'Hare,2025-04-18,April,Friday,1002.0,1000.0,0.764,-8.0,25.100000000000023,862.0,15.299999999999999,5.656,16.248,0.19960079840319359,0.0,3.117764471057884,0.4411177644710579,1.6137724550898203,0.0,4.644710578842315
ORD,Chicago O'Hare,2025-04-19,April,Saturday,890.0,889.0,1.418447694038245,-7.0,25.0,1563.0,14.960629921259844,5.47244094488189,17.020247469066366,0.0,0.11235955056179776,5.250561797752809,0.10674157303370786,1.6842696629213483,0.0,3.1853932584269664
ORD,Chicago O'Hare,2025-04-20,April,Sunday,963.0,946.0,11.751585623678647,1.0,51.5,458.0,28.752642706131077,8.510570824524313,19.39429175475687,0.3115264797507788,1.453790238836968,5.443406022845275,1.129802699896158,5.046728971962617,0.0,5.038421599169263
ORD,Chicago O'Hare,2025-04-21,April,Monday,998.0,994.0,0.7545271629778671,-9.0,24.0,475.0,14.386317907444667,7.00804828973843,15.126760563380282,0.1002004008016032,0.30060120240480964,3.5370741482965933,0.6362725450901804,0.9438877755511023,0.0,5.336673346693387
ORD,Chicago O'Hare,2025-04-22,April,Tuesday,903.0,901.0,-6.862375138734739,-14.0,14.0,550.0,9.988901220865705,2.0310765815760266,14.944506104328523,0.0,0.22148394241417496,3.0,0.017718715393133997,0.5503875968992248,0.0,2.5171650055370987
ORD,Chicago O'Hare,2025-04-23,April,Wednesday,956.0,954.0,-6.360587002096436,-13.0,15.700000000000045,229.0,10.482180293501047,0.949685534591195,15.861635220125786,0.20920502092050208,0.0,1.7102510460251046,0.301255230125523,0.9403765690376569,0.0,2.6997907949790796
ORD,Chicago O'Hare,2025-04-24,April,Thursday,994.0,991.0,3.2936427850655905,-7.0,24.0,1661.0,15.842583249243189,7.731584258324924,18.262361251261353,0.2012072434607646,0.1006036217303823,5.2364185110663986,0.29577464788732394,1.2032193158953723,0.0,4.834004024144869
ORD,Chicago O'Hare,2025-04-25,April,Friday,1000.0,990.0,17.425252525252525,1.5,72.10000000000002,804.0,33.939393939393945,18.122222222222224,20.583838383838383,0.3,0.7000000000000001,5.12,3.053,5.139,0.011,9.597
ORD,Chicago O'Hare,2025-04-26,April,Saturday,886.0,886.0,4.334085778781039,-8.0,25.0,1645.0,15.011286681715575,8.118510158013544,18.20767494356659,0.0,0.0,6.890519187358916,0.1580135440180587,1.3690744920993227,0.0,4.520316027088036
ORD,Chicago O'Hare,2025-04-27,April,Sunday,993.0,992.0,1.6310483870967742,-8.0,26.0,924.0,15.423387096774194,5.772177419354839,17.94858870967742,0.10070493454179255,0.0,4.228600201409869,0.041289023162134945,1.6928499496475327,0.0,4.305135951661631
ORD,Chicago O'Hare,2025-04-28,April,Monday,994.0,987.0,-1.0405268490374873,-8.0,19.0,567.0,13.677811550151976,4.32016210739615,17.34245187436677,0.4024144869215292,0.30181086519114686,3.734406438631791,0.7112676056338029,1.3259557344064385,0.0,2.7756539235412476
ORD,Chicago O'Hare,2025-04-29,April,Tuesday,901.0,900.0,-4.604444444444445,-12.0,19.0,601.0,11.444444444444445,2.263333333333333,14.401111111111112,0.11098779134295228,0.0,2.5660377358490565,0.18423973362930077,1.0099889012208656,0.0,3.153163152053274
ORD,Chicago O'Hare,2025-04-30,April,Wednesday,957.0,953.0,3.0954879328436515,-7.0,31.800000000000068,427.0,17.418677859391394,5.710388247639035,18.484784889821615,0.41797283176593525,0.0,4.081504702194358,1.1316614420062696,1.916405433646813,0.0,3.743991640543365
ORD,Chicago O'Hare,2025-05-01,May,Thursday,989.0,975.0,15.357948717948718,0.0,52.0,2417.0,27.692307692307693,16.70769230769231,17.12923076923077,0.6066734074823054,0.8088978766430739,9.51870576339737,0.3488372093023256,3.58948432760364,0.03134479271991911,7.074823053589484
ORD,Chicago O'Hare,2025-05-02,May,Friday,1003.0,1001.0,15.781218781218781,-1.0,50.0,1882.0,28.271728271728268,15.749250749250749,17.396603396603396,0.19940179461615154,0.0,6.760717846460619,3.1186440677966103,3.5752741774675973,0.0,7.221335992023929
ORD,Chicago O'Hare,2025-05-03,May,Saturday,883.0,873.0,2.9896907216494846,-7.0,24.0,1072.0,15.463917525773196,5.696449026345934,17.65864833906071,0.9060022650056626,0.22650056625141565,5.121177802944508,0.9694224235560589,2.0056625141562856,0.0,2.679501698754247
ORD,Chicago O'Hare,2025-05-04,May,Sunday,999.0,988.0,10.336032388663968,-1.0,41.30000000000007,496.0,24.493927125506072,10.86336032388664,19.247975708502025,1.1011011011011012,0.0,5.018018018018018,0.036036036036036036,3.119119119119119,0.005005005005005005,7.39039039039039
ORD,Chicago O'Hare,2025-05-05,May,Monday,1018.0,1016.0,14.114173228346457,-2.0,56.5,1194.0,25.0,15.497047244094489,17.656496062992126,0.19646365422396855,0.0,4.748526522593321,1.276031434184676,3.6139489194499017,0.025540275049115914,10.165029469548134
ORD,Chicago O'Hare,2025-05-06,May,Tuesday,965.0,957.0,0.7178683385579937,-9.0,30.0,801.0,16.091954022988507,8.603970741901776,14.41483803552769,0.8290155440414507,0.0,3.6849740932642487,0.6424870466321243,1.1886010362694301,0.0,5.963730569948186
ORD,Chicago O'Hare,2025-05-07,May,Wednesday,983.0,982.0,-0.23625254582484725,-7.0,20.899999999999977,402.0,14.25661914460285,2.9063136456211813,19.330957230142566,0.10172939979654119,0.0,3.5127161749745675,0.08341810783316378,1.624618514750763,0.03153611393692777,2.622583926754832
ORD,Chicago O'Hare,2025-05-08,May,Thursday,1024.0,1024.0,6.2333984375,-4.0,31.700000000000045,642.0,18.26171875,6.681640625,18.421875,0.0,0.0,5.056640625,0.474609375,2.0986328125,0.0,3.9951171875
ORD,Chicago O'Hare,2025-05-09,May,Friday,1032.0,1029.0,5.965014577259475,-3.0,35.200000000000045,458.0,20.505344995140913,7.37706511175899,20.21865889212828,0.29069767441860467,0.0,4.096899224806202,0.1385658914728682,2.052325581395349,0.0,5.491279069767442
ORD,Chicago O'Hare,2025-05-10,May,Saturday,939.0,938.0,-1.8603411513859276,-9.0,17.0,1225.0,10.874200426439232,3.1673773987206824,17.976545842217483,0.10649627263045794,0.0,3.8093716719914803,0.10862619808306709,0.8083067092651757,0.0,3.0585729499467518
ORD,Chicago O'Hare,2025-05-11,May,Sunday,1022.0,1019.0,-0.22473012757605496,-8.0,24.0,380.0,14.81844946025515,3.5691854759568202,19.41413150147203,0.19569471624266144,0.09784735812133072,3.0499021526418786,0.07534246575342465,1.697651663405088,0.0,3.652641878669276
ORD,Chicago O'Hare,2025-05-12,May,Monday,1030.0,1026.0,-1.2953216374269005,-7.0,22.5,300.0,14.5224171539961,3.1539961013645224,19.062378167641327,0.3883495145631068,0.0,2.7194174757281555,0.02330097087378641,1.354368932038835,0.0,2.733009708737864
ORD,Chicago O'Hare,2025-05-13,May,Tuesday,970.0,970.0,-3.5835051546391754,-9.0,18.0,343.0,12.061855670103093,0.9876288659793815,19.07422680412371,0.0,0.0,2.9206185567010308,0.3237113402061856,0.9680412371134021,0.0,1.9309278350515464
ORD,Chicago O'Hare,2025-05-14,May,Wednesday,987.0,983.0,5.874872838250254,-7.0,35.0,1354.0,19.328585961342828,9.439471007121059,19.876907426246184,0.4052684903748734,0.0,5.552178318135765,0.5825734549138805,2.7264437689969605,0.034447821681864235,5.852077001013171
ORD,Chicago O'Hare,2025-05-15,May,Thursday,1028.0,983.0,25.216683621566634,-3.0,115.80000000000007,1027.0,29.196337741607326,25.354018311291963,19.152594099694813,3.8910505836575875,0.48638132295719844,7.179961089494164,3.6391050583657587,11.801556420233464,0.0,7.982490272373541
ORD,Chicago O'Hare,2025-05-16,May,Friday,1036.0,974.0,33.68069815195072,3.0,131.0,1055.0,36.85831622176591,27.487679671457904,20.57494866529774,4.536679536679537,1.4478764478764479,8.102316602316602,4.222007722007722,14.857142857142858,0.06467181467181467,9.671814671814673
ORD,Chicago O'Hare,2025-05-17,May,Saturday,941.0,921.0,9.88599348534202,-6.0,48.0,1148.0,20.412595005428884,16.107491856677523,16.064060803474483,2.1253985122210417,0.0,7.4346439957492025,0.2688629117959617,1.2221041445270988,0.0,8.451647183846971
ORD,Chicago O'Hare,2025-05-18,May,Sunday,1025.0,1023.0,8.525904203323558,-5.0,44.80000000000007,765.0,22.09188660801564,11.09188660801564,18.65982404692082,0.0975609756097561,0.0975609756097561,6.663414634146341,0.577560975609756,2.033170731707317,0.0,5.988292682926829
ORD,Chicago O'Hare,2025-05-19,May,Monday,1031.0,1030.0,13.392233009708738,2.0,49.0,770.0,28.349514563106798,8.531067961165048,21.829126213592232,0.09699321047526674,0.0,4.603297769156159,1.0271580989330746,5.531522793404462,0.12609117361784675,5.92725509214355
ORD,Chicago O'Hare,2025-05-20,May,Tuesday,972.0,932.0,47.608369098712444,8.0,175.89999999999998,1670.0,43.776824034334766,41.02038626609442,18.80901287553648,2.1604938271604937,1.954732510288066,5.05761316872428,7.461934156378601,28.79423868312757,0.0,8.258230452674898
ORD,Chicago O'Hare,2025-05-21,May,Wednesday,990.0,984.0,14.488821138211382,1.0,42.0,1179.0,26.321138211382113,14.486788617886178,20.336382113821138,0.6060606060606061,0.0,5.8545454545454545,1.8292929292929292,3.007070707070707,0.0,7.935353535353535
ORD,Chicago O'Hare,2025-05-22,May,Thursday,1039.0,1038.0,5.429672447013488,-4.0,37.30000000000007,688.0,21.57996146435453,8.129094412331407,20.410404624277458,0.0962463907603465,0.0,4.587102983638114,0.6515880654475458,2.2117420596727624,0.02021174205967276,5.211742059672762
ORD,Chicago O'Hare,2025-05-23,May,Friday,1051.0,1050.0,2.888571428571429,-7.0,31.0,615.0,18.095238095238095,7.062857142857143,18.602857142857143,0.09514747859181732,0.0,4.904852521408182,0.18268315889628925,2.274976213130352,0.005708848715509039,4.30732635585157
ORD,Chicago O'Hare,2025-05-24,May,Saturday,908.0,906.0,4.419426048565121,-5.0,26.5,858.0,16.335540838852097,7.181015452538631,19.098233995584987,0.11013215859030838,0.11013215859030838,5.488986784140969,0.6651982378854625,1.9614537444933922,0.0,3.6255506607929515
ORD,Chicago O'Hare,2025-05-25,May,Sunday,911.0,909.0,5.50935093509351,-5.0,32.200000000000045,551.0,19.691969196919693,7.026402640264027,19.377337733773377,0.21953896816684962,0.0,5.295279912184412,0.9275521405049396,2.7003293084522504,0.0010976948408342481,3.9527991218441274
ORD,Chicago O'Hare,2025-05-26,May,Monday,1050.0,1046.0,8.981835564053537,-5.0,43.5,1021.0,19.980879541108987,11.181644359464627,19.504780114722752,0.38095238095238093,0.0,5.0095238095238095,1.399047619047619,1.96,0.011428571428571429,7.22
ORD,Chicago O'Hare,2025-05-27,May,Tuesday,984.0,981.0,4.047910295616718,-7.0,32.0,1091.0,16.004077471967378,8.487257900101937,18.511722731906218,0.20325203252032523,0.10162601626016261,6.67479674796748,0.43597560975609756,1.2591463414634145,0.0,3.6971544715447155
ORD,Chicago O'Hare,2025-05-28,May,Wednesday,1000.0,999.0,1.8368368368368369,-6.0,24.200000000000045,1178.0,14.914914914914915,5.251251251251252,18.67767767767768,0.1,0.0,2.932,0.563,1.672,0.0,3.726
ORD,Chicago O'Hare,2025-05-29,May,Thursday,1052.0,1052.0,0.5627376425855514,-7.0,25.899999999999977,716.0,17.015209125475288,4.554182509505703,18.832699619771862,0.0,0.0,3.6131178707224336,0.1444866920152091,1.7775665399239544,0.024714828897338403,3.9220532319391634
ORD,Chicago O'Hare,2025-05-30,May,Friday,1052.0,1044.0,6.128352490421456,-4.0,38.0,756.0,21.26436781609195,7.53544061302682,17.63314176245211,0.6653992395437262,0.09505703422053231,4.473384030418251,1.1150190114068441,3.194866920152091,0.0,4.30893536121673
ORD,Chicago O'Hare,2025-05-31,May,Saturday,968.0,968.0,0.9400826446280992,-6.0,22.0,484.0,14.152892561983471,3.020661157024793,19.017561983471076,0.0,0.0,3.506198347107438,0.7283057851239669,1.8739669421487604,0.0,2.447314049586777
ORD,Chicago O'Hare,2025-06-01,June,Sunday,1040.0,1039.0,2.9133782483156883,-7.0,22.0,1308.0,13.666987487969202,5.859480269489894,18.56881616939365,0.09615384615384616,0.0,3.9596153846153848,0.33557692307692305,1.2721153846153845,0.0,5.001923076923077
ORD,Chicago O'Hare,2025-06-02,June,Monday,1054.0,1049.0,0.6015252621544328,-10.0,23.200000000000045,851.0,13.727359389895138,6.951382268827455,17.51858913250715,0.3795066413662239,0.09487666034155598,3.7941176470588234,0.7618595825426945,1.135673624288425,0.0,5.24573055028463
ORD,Chicago O'Hare,2025-06-03,June,Tuesday,982.0,982.0,4.775967413441955,-7.0,38.89999999999998,1259.0,22.301425661914458,8.65376782077393,18.416496945010184,0.0,0.0,5.723014256619145,1.340122199592668,4.193482688391039,0.0,3.513238289205703
ORD,Chicago O'Hare,2025-06-04,June,Wednesday,998.0,997.0,3.365095285857573,-4.0,30.0,685.0,20.762286860581742,5.078234704112337,22.118355065195587,0.1002004008016032,0.0,4.681362725450902,0.19839679358717435,2.4719438877755513,0.0,3.347695390781563
ORD,Chicago O'Hare,2025-06-05,June,Thursday,1089.0,1089.0,5.516069788797061,-4.0,33.0,523.0,20.56932966023875,6.943067033976125,21.069788797061523,0.0,0.0,4.111111111111111,0.3957759412304867,2.4894398530762167,0.0,5.009182736455464
ORD,Chicago O'Hare,2025-06-06,June,Friday,1094.0,1086.0,16.811233885819522,-3.0,62.0,1939.0,26.703499079189687,17.232965009208105,19.755064456721914,0.6398537477148081,0.09140767824497258,11.025594149908592,0.8656307129798904,5.082266910420476,0.055758683729433274,6.681901279707495
ORD,Chicago O'Hare,2025-06-07,June,Saturday,999.0,994.0,14.796780684104627,-3.0,46.0,1698.0,23.74245472837022,15.495975855130785,18.85311871227364,0.40040040040040037,0.10010010010010009,9.573573573573574,0.5065065065065065,3.1971971971971973,0.0,7.616616616616617
ORD,Chicago O'Hare,2025-06-08,June,Sunday,1081.0,1047.0,40.372492836676216,4.0,129.0,1327.0,42.21585482330468,36.47086914995224,19.724928366762178,1.8501387604070305,1.2950971322849214,10.143385753931545,4.686401480111009,18.540240518038853,0.0,12.081406105457908
ORD,Chicago O'Hare,2025-06-09,June,Monday,1092.0,1084.0,17.419741697416974,-3.0,68.70000000000005,1470.0,29.243542435424352,19.81088560885609,17.95387453874539,0.641025641025641,0.09157509157509157,8.59981684981685,2.182234432234432,3.6034798534798536,0.0,9.60989010989011
ORD,Chicago O'Hare,2025-06-10,June,Tuesday,1015.0,1012.0,8.920948616600791,-6.0,43.0,1928.0,22.529644268774703,11.596837944664031,17.234189723320156,0.0,0.2955665024630542,3.7960591133004926,0.6187192118226601,3.189162561576355,0.016748768472906402,9.284729064039409
ORD,Chicago O'Hare,2025-06-11,June,Wednesday,1032.0,1026.0,8.073099415204679,-7.0,42.0,1293.0,21.052631578947366,12.02046783625731,18.05458089668616,0.3875968992248062,0.1937984496124031,6.348837209302325,1.9854651162790697,2.570736434108527,0.020348837209302327,5.599806201550388
ORD,Chicago O'Hare,2025-06-12,June,Thursday,1095.0,1088.0,18.750919117647058,-1.0,59.600000000000136,1046.0,27.75735294117647,19.104779411764707,20.613051470588236,0.547945205479452,0.091324200913242,7.564383561643836,1.4438356164383561,3.073972602739726,0.0,11.704109589041096
ORD,Chicago O'Hare,2025-06-13,June,Friday,1098.0,1094.0,21.546617915904935,2.0,66.0,1191.0,33.27239488117002,18.778793418647165,20.924131627056674,0.273224043715847,0.09107468123861566,9.682149362477231,0.5446265938069217,6.620218579234972,0.00819672131147541,9.236794171220401
ORD,Chicago O'Hare,2025-06-14,June,Saturday,1002.0,998.0,13.613226452905812,-0.5,54.30000000000007,990.0,28.35671342685371,14.38877755511022,20.89178356713427,0.39920159680638717,0.0,8.392215568862275,1.1826347305389222,3.305389221556886,0.03792415169660679,5.962075848303393
ORD,Chicago O'Hare,2025-06-15,June,Sunday,1087.0,1073.0,18.675675675675677,0.0,75.0,1361.0,29.54333643988816,18.104380242311276,21.53215284249767,1.1039558417663293,0.18399264029438822,10.357865685372586,1.4875804967801287,4.134314627414903,0.022999080036798528,7.712051517939282
ORD,Chicago O'Hare,2025-06-16,June,Monday,1097.0,1090.0,14.73394495412844,-2.0,56.10000000000002,1200.0,27.981651376146786,15.441284403669725,22.29633027522936,0.6381039197812215,0.0,8.309936189608022,0.5587967183226983,3.2643573381950777,0.0,8.506836827711941
ORD,Chicago O'Hare,2025-06-17,June,Tuesday,1022.0,1016.0,10.192913385826772,-7.0,60.5,1470.0,24.311023622047244,15.812992125984252,17.958661417322833,0.4892367906066536,0.09784735812133072,9.233855185909981,1.452054794520548,2.948140900195695,0.0,6.334637964774951
ORD,Chicago O'Hare,2025-06-18,June,Wednesday,1043.0,987.0,59.97365754812564,25.0,175.79999999999995,1192.0,56.02836879432624,51.39614994934144,18.873353596757852,4.88974113135187,0.4793863854266539,6.7085330776605945,6.5723873441994245,35.87248322147651,0.023969319271332695,12.227229146692235
ORD,Chicago O'Hare,2025-06-19,June,Thursday,1096.0,1075.0,24.70232558139535,-1.0,100.60000000000002,1000.0,34.97674418604651,26.91627906976744,18.842790697674417,1.6423357664233578,0.2737226277372263,8.406934306569344,2.4434306569343067,5.423357664233577,0.025547445255474453,15.043795620437956
ORD,Chicago O'Hare,2025-06-20,June,Friday,1099.0,1093.0,10.91216834400732,-4.0,45.0,1423.0,24.702653247941445,13.96889295516926,19.145471180237877,0.4549590536851683,0.09099181073703368,7.589626933575978,0.2010919017288444,2.813466787989081,0.023657870791628753,7.314831665150137
ORD,Chicago O'Hare,2025-06-21,June,Saturday,1005.0,1003.0,8.60518444666002,-9.0,44.0,1381.0,19.740777666999005,14.378863409770688,18.448654037886342,0.09950248756218905,0.09950248756218905,8.953233830845772,0.43482587064676614,1.9661691542288557,0.0,6.658706467661691
ORD,Chicago O'Hare,2025-06-22,June,Sunday,1087.0,1084.0,12.32749077490775,-7.0,65.0,1155.0,26.29151291512915,19.118081180811807,18.480627306273064,0.27598896044158233,0.0,9.846366145354185,0.3311867525298988,2.894204231830727,0.019319227230910764,8.910763569457222
ORD,Chicago O'Hare,2025-06-23,June,Monday,1096.0,1091.0,3.7470210815765355,-9.0,36.0,875.0,20.531622364802935,11.399633363886343,18.372135655362055,0.36496350364963503,0.09124087591240876,6.368613138686132,0.3220802919708029,2.020985401459854,0.0,5.689781021897811
ORD,Chicago O'Hare,2025-06-24,June,Tuesday,1023.0,1010.0,17.237623762376238,-3.0,79.10000000000002,1611.0,31.18811881188119,17.59009900990099,19.556435643564356,0.4887585532746823,0.7820136852394917,8.144672531769306,1.024437927663734,6.905180840664712,0.0,9.043988269794722
ORD,Chicago O'Hare,2025-06-25,June,Wednesday,1042.0,1004.0,26.447211155378486,0.0,118.70000000000005,753.0,34.66135458167331,22.193227091633467,20.7101593625498,0.8637236084452975,2.783109404990403,7.987523992322457,2.984644913627639,11.724568138195778,0.0671785028790787,8.718809980806142
ORD,Chicago O'Hare,2025-06-26,June,Thursday,1086.0,1043.0,37.60594439117929,6.0,130.0,1554.0,42.6653883029722,30.56759348034516,24.81495685522531,3.4990791896869244,0.46040515653775327,11.71915285451197,2.679558011049724,12.069981583793739,0.058931860036832415,15.623388581952117
ORD,Chicago O'Hare,2025-06-27,June,Friday,1097.0,1043.0,41.18408437200384,3.0,128.0,1392.0,40.74784276126558,45.06519654841802,16.41131351869607,4.831358249772106,0.09115770282588878,14.31996353691887,5.836827711941659,7.633546034639927,0.014585232452142206,18.127620783956246
ORD,Chicago O'Hare,2025-06-28,June,Saturday,999.0,965.0,16.651813471502592,-1.0,65.60000000000002,1173.0,31.295336787564764,17.237305699481865,22.405181347150258,3.4034034034034035,0.0,8.397397397397397,0.6796796796796797,4.496496496496497,0.0,8.144144144144144
ORD,Chicago O'Hare,2025-06-29,June,Sunday,1077.0,1070.0,22.371028037383176,0.0,96.20000000000005,685.0,36.26168224299066,21.877570093457944,22.32803738317757,0.3714020427112349,0.2785515320334262,8.546889507892294,2.8960074280408543,6.929433611884865,0.0,11.01949860724234
ORD,Chicago O'Hare,2025-06-30,June,Monday,1089.0,1074.0,18.943202979515828,-4.0,79.70000000000005,1041.0,30.63314711359404,20.94413407821229,18.508379888268156,1.3774104683195594,0.0,10.327823691460056,0.9550045913682277,5.6088154269972454,0.009182736455463728,9.488521579430671
ORD,Chicago O'Hare,2025-07-01,July,Tuesday,969.0,939.0,17.103301384451544,-6.0,71.40000000000009,808.0,28.434504792332266,20.96485623003195,20.010649627263046,2.9927760577915374,0.10319917440660474,9.54282765737874,2.675954592363261,4.542827657378741,0.0,8.485036119711042
ORD,Chicago O'Hare,2025-07-02,July,Wednesday,986.0,971.0,10.64778578784758,-8.0,52.0,993.0,23.274974253347064,16.057672502574665,19.125643666323377,1.3184584178498986,0.2028397565922921,7.113590263691684,0.6724137931034483,3.054766734279919,0.07606490872210954,8.616632860040568
ORD,Chicago O'Hare,2025-07-03,July,Thursday,1089.0,1078.0,17.195732838589983,-5.0,57.30000000000007,1576.0,26.99443413729128,17.83951762523191,20.904452690166977,0.8264462809917356,0.18365472910927455,10.763085399449036,0.4389348025711662,4.232323232323233,0.0,8.977961432506888
ORD,Chicago O'Hare,2025-07-04,July,Friday,800.0,789.0,11.433460076045627,-3.0,61.0,583.0,31.305449936628644,12.1191381495564,18.599493029150825,0.25,1.125,4.22625,1.7025,8.55625,0.0,4.47375
ORD,Chicago O'Hare,2025-07-05,July,Saturday,880.0,878.0,-0.9441913439635535,-12.0,30.0,808.0,17.425968109339408,6.851936218678816,17.744874715261957,0.22727272727272727,0.0,4.384090909090909,0.15227272727272728,1.9,0.0,4.935227272727273
ORD,Chicago O'Hare,2025-07-06,July,Sunday,1092.0,1039.0,57.735322425409045,8.0,194.0,1085.0,46.5832531280077,54.64196342637151,20.468719923002887,3.571428571428571,1.282051282051282,8.148351648351648,8.197802197802197,30.635531135531135,0.0,14.455128205128204
ORD,Chicago O'Hare,2025-07-07,July,Monday,1100.0,1085.0,26.382488479262673,0.0,107.20000000000005,920.0,34.654377880184335,27.453456221198156,20.999078341013824,1.2727272727272727,0.09090909090909091,10.325454545454546,2.538181818181818,5.721818181818182,0.0,13.461818181818181
ORD,Chicago O'Hare,2025-07-08,July,Tuesday,1025.0,1009.0,19.18929633300297,-3.0,79.20000000000005,1235.0,28.93954410307235,22.140733399405352,18.796828543111992,1.4634146341463417,0.0975609756097561,8.538536585365854,2.7434146341463417,4.2126829268292685,0.00878048780487805,10.264390243902438
ORD,Chicago O'Hare,2025-07-09,July,Wednesday,1043.0,1025.0,19.58829268292683,-1.0,87.20000000000005,674.0,31.414634146341463,20.361951219512196,19.86731707317073,1.4381591562799616,0.28763183125599234,7.591562799616491,2.775647171620326,4.76222435282838,0.01725790987535954,10.455417066155322
ORD,Chicago O'Hare,2025-07-10,July,Thursday,1098.0,918.0,66.68191721132898,-2.0,160.30000000000007,1442.0,32.35294117647059,68.28213507625273,18.667755991285404,12.750455373406194,3.642987249544627,10.335154826958105,18.987249544626593,24.287795992714024,0.03460837887067395,7.505464480874317
ORD,Chicago O'Hare,2025-07-11,July,Friday,1096.0,901.0,37.69367369589345,14.0,111.0,1146.0,49.61154273029967,32.17092119866815,20.61043285238624,14.5985401459854,3.1934306569343067,9.041970802919709,1.8083941605839415,9.742700729927007,0.0,13.031021897810218
ORD,Chicago O'Hare,2025-07-12,July,Saturday,1002.0,953.0,21.60650577124869,-3.0,96.80000000000007,681.0,31.899265477439663,25.80797481636936,17.465897166841554,4.8902195608782435,0.0,7.31437125748503,2.9251497005988023,5.62375249500998,0.012974051896207584,12.01497005988024
ORD,Chicago O'Hare,2025-07-13,July,Sunday,1084.0,1039.0,26.825794032723774,0.0,100.20000000000005,1321.0,34.07122232916265,30.79980750721848,17.83830606352262,4.1512915129151295,0.0,11.25369003690037,2.304428044280443,6.043357933579336,0.0,12.312730627306273
ORD,Chicago O'Hare,2025-07-14,July,Monday,1097.0,1039.0,18.67468719923003,-5.0,73.20000000000005,1159.0,25.50529355149182,25.256977863330125,16.095283926852744,5.28714676390155,0.0,7.005469462169553,4.027347310847767,2.96718322698268,0.0054694621695533276,11.170464904284412
ORD,Chicago O'Hare,2025-07-15,July,Tuesday,1024.0,1009.0,13.201189296333004,-5.0,50.0,846.0,25.768087215064423,19.01883052527255,18.796828543111992,1.46484375,0.0,9.9580078125,0.453125,2.4638671875,0.0,8.404296875
ORD,Chicago O'Hare,2025-07-16,July,Wednesday,1044.0,962.0,41.517671517671516,3.0,154.0,512.0,43.13929313929314,40.147609147609145,19.45010395010395,6.704980842911877,1.1494252873563218,4.804597701149425,6.85823754789272,22.325670498084293,0.0,10.544061302681992
ORD,Chicago O'Hare,2025-07-17,July,Thursday,1098.0,1069.0,17.858746492048642,1.0,65.0,744.0,34.42469597754911,17.354536950420954,22.244153414405986,2.6411657559198543,0.0,6.2349726775956285,0.7704918032786885,5.0036429872495445,0.5063752276867031,9.86247723132969
ORD,Chicago O'Hare,2025-07-18,July,Friday,1098.0,1094.0,11.392138939670932,-1.0,42.700000000000045,656.0,25.685557586837295,12.046617915904935,22.083180987202926,0.18214936247723132,0.18214936247723132,5.157559198542805,0.46994535519125685,3.109289617486339,0.015482695810564663,7.9408014571949
ORD,Chicago O'Hare,2025-07-19,July,Saturday,1001.0,977.0,48.590583418628455,27.0,144.0,1513.0,57.727737973387924,42.04401228249744,20.214943705220062,1.1988011988011988,1.1988011988011988,9.08991008991009,3.5274725274725274,23.423576423576424,0.0,15.45954045954046
ORD,Chicago O'Hare,2025-07-20,July,Sunday,1083.0,1078.0,23.694805194805195,5.0,74.30000000000007,1037.0,38.49721706864564,20.520408163265305,21.038033395176253,0.3693444136657433,0.09233610341643582,11.036934441366574,0.9132040627885504,5.6999076638965835,0.0,9.483841181902124
ORD,Chicago O'Hare,2025-07-21,July,Monday,1097.0,1095.0,10.220091324200913,-3.0,46.0,421.0,24.10958904109589,11.476712328767123,21.036529680365298,0.18231540565177756,0.0,5.629899726526891,0.2835004557885141,2.5979945305378305,0.013673655423883319,7.555150410209663
ORD,Chicago O'Hare,2025-07-22,July,Tuesday,1024.0,1023.0,8.862170087976539,-6.0,44.600000000000136,1192.0,22.482893450635384,11.192570869990226,20.24535679374389,0.09765625,0.0,5.798828125,0.9013671875,2.6640625,0.0,7.20703125
ORD,Chicago O'Hare,2025-07-23,July,Wednesday,1043.0,1042.0,5.206333973128599,-9.0,40.0,2557.0,20.633397312859884,11.544145873320538,17.937619961612285,0.09587727708533077,0.0,5.874400767018217,1.395973154362416,2.0661553211888783,0.0,6.227229146692234
ORD,Chicago O'Hare,2025-07-24,July,Thursday,1099.0,1036.0,47.26544401544402,3.0,168.5,1451.0,43.62934362934363,43.270270270270274,20.881274131274132,2.72975432211101,3.002729754322111,8.037306642402184,8.131028207461329,21.656050955414013,0.0,13.822565969062785
ORD,Chicago O'Hare,2025-07-25,July,Friday,1097.0,1076.0,48.801115241635685,22.0,145.0,1209.0,53.81040892193308,46.322490706319705,21.595724907063197,1.4585232452142205,0.4557885141294439,10.241567912488605,4.854147675478578,17.36736554238833,0.0054694621695533276,19.677301731996355
ORD,Chicago O'Hare,2025-07-26,July,Saturday,1001.0,991.0,27.198789101917257,4.0,81.0,1589.0,35.822401614530776,26.718466195761856,18.803229061553985,0.8991008991008992,0.0999000999000999,13.40959040959041,1.2457542457542456,5.047952047952048,0.0,11.638361638361639
ORD,Chicago O'Hare,2025-07-27,July,Sunday,1084.0,1029.0,38.01457725947522,5.0,139.0,1228.0,42.46841593780369,37.773566569484935,20.14868804664723,2.3062730627306274,2.7675276752767526,6.845018450184502,3.5027675276752768,13.291512915129152,0.0,18.01660516605166
ORD,Chicago O'Hare,2025-07-28,July,Monday,1095.0,1059.0,41.95656279508971,17.0,124.60000000000014,953.0,52.59678942398489,38.052880075542966,23.277620396600568,1.82648401826484,1.461187214611872,12.069406392694065,2.765296803652968,8.215525114155252,0.0,20.684931506849313
ORD,Chicago O'Hare,2025-07-29,July,Tuesday,1024.0,1018.0,6.793713163064833,-8.0,38.600000000000136,1153.0,21.31630648330059,13.082514734774067,19.07956777996071,0.5859375,0.0,6.6572265625,1.7958984375,1.5947265625,0.0,6.3798828125
ORD,Chicago O'Hare,2025-07-30,July,Wednesday,1044.0,1032.0,36.338178294573645,19.5,106.89999999999998,517.0,53.97286821705426,27.3062015503876,22.059108527131784,1.053639846743295,0.09578544061302681,6.338122605363985,2.4444444444444446,17.885057471264368,0.0,12.360153256704981
ORD,Chicago O'Hare,2025-07-31,July,Thursday,1100.0,1066.0,29.99906191369606,5.0,93.5,1559.0,38.27392120075047,26.9390243902439,22.293621013133208,3.090909090909091,0.0,10.14,2.1463636363636365,6.441818181818181,0.0036363636363636364,14.354545454545455
ORD,Chicago O'Hare,2025-08-01,August,Friday,1099.0,1085.0,21.593548387096774,3.0,74.0,929.0,35.39170506912443,18.593548387096774,24.116129032258065,1.1828935395814377,0.09099181073703368,7.935395814376706,0.40036396724294815,6.24294813466788,0.0,11.316651501364877
ORD,Chicago O'Hare,2025-08-02,August,Saturday,1003.0,998.0,9.10120240480962,-3.0,42.30000000000007,1127.0,23.146292585170343,12.382765531062125,20.35370741482966,0.4985044865403789,0.0,5.2691924227318045,0.29810568295114653,1.9900299102691925,0.023928215353938187,7.76370887337986
ORD,Chicago O'Hare,2025-08-03,August,Sunday,1086.0,1080.0,11.41851851851852,-3.0,49.0,1240.0,27.962962962962962,11.24537037037037,22.91111111111111,0.3683241252302026,0.1841620626151013,6.011049723756906,0.30939226519337015,4.086556169429097,0.0,7.39963167587477
ORD,Chicago O'Hare,2025-08-04,August,Monday,1099.0,1095.0,16.428310502283104,-1.0,51.0,1232.0,29.22374429223744,15.707762557077626,24.2675799086758,0.27297543221110104,0.09099181073703368,6.81164695177434,0.5268425841674249,3.876251137397634,0.04913557779799818,11.033666969972703
ORD,Chicago O'Hare,2025-08-05,August,Tuesday,1026.0,1022.0,6.128180039138943,-7.0,33.0,1363.0,18.395303326810176,9.515655577299412,21.126223091976517,0.3898635477582846,0.0,3.4035087719298245,0.22417153996101363,2.1432748538011697,0.0,8.282651072124755
ORD,Chicago O'Hare,2025-08-06,August,Wednesday,965.0,948.0,17.877637130801688,-6.0,88.30000000000007,1031.0,25.843881856540087,16.55801687763713,24.87447257383966,1.7616580310880827,0.0,10.004145077720207,0.7471502590673575,7.503626943005181,0.0,7.190673575129534
ORD,Chicago O'Hare,2025-08-07,August,Thursday,1096.0,1069.0,14.68755846585594,0.0,59.200000000000045,1121.0,32.366697848456496,13.640785781103835,24.582787652011227,2.3722627737226274,0.09124087591240876,5.132299270072993,1.5647810218978102,4.944343065693431,0.014598540145985401,9.059306569343066
ORD,Chicago O'Hare,2025-08-08,August,Friday,1088.0,1086.0,1.6813996316758748,-10.0,30.0,934.0,17.12707182320442,8.195211786372008,19.831491712707184,0.1838235294117647,0.0,6.1755514705882355,0.13786764705882354,1.8244485294117647,0.0,3.854779411764706
ORD,Chicago O'Hare,2025-08-09,August,Saturday,988.0,984.0,12.489837398373984,-4.0,59.700000000000045,966.0,27.235772357723576,17.786585365853657,17.349593495934958,0.30364372469635625,0.10121457489878542,8.465587044534413,1.6275303643724697,3.317813765182186,0.03643724696356275,7.751012145748988
ORD,Chicago O'Hare,2025-08-10,August,Sunday,1078.0,1074.0,34.273743016759774,16.5,102.70000000000005,1486.0,51.5828677839851,33.886405959031656,17.59683426443203,0.27829313543599254,0.0927643784786642,10.933209647495362,3.9935064935064934,13.14100185528757,0.03432282003710575,11.75974025974026
ORD,Chicago O'Hare,2025-08-11,August,Monday,1092.0,1090.0,10.093577981651377,-6.0,48.200000000000045,958.0,24.036697247706424,11.943119266055046,22.06788990825688,0.18315018315018314,0.0,7.721611721611722,0.2261904761904762,5.075091575091575,0.0027472527472527475,6.309523809523809
ORD,Chicago O'Hare,2025-08-12,August,Tuesday,950.0,803.0,55.349937733499374,8.0,205.60000000000014,1146.0,45.70361145703611,46.52054794520548,20.961394769613946,10.210526315789474,5.263157894736842,8.97578947368421,5.92,27.729473684210525,0.029473684210526315,10.249473684210527
ORD,Chicago O'Hare,2025-08-13,August,Wednesday,965.0,947.0,17.783526927138332,-5.0,78.0,1092.0,25.237592397043297,21.360084477296727,20.30834213305174,1.7616580310880827,0.10362694300518134,8.153367875647668,2.66839378238342,2.9098445595854923,0.0,11.094300518134714
ORD,Chicago O'Hare,2025-08-14,August,Thursday,1096.0,1089.0,18.941230486685033,0.0,60.0,1282.0,28.650137741046834,18.35720844811754,23.385674931129476,0.6386861313868614,0.0,7.655109489051095,0.4498175182481752,3.8850364963503647,0.0,11.778284671532846
ORD,Chicago O'Hare,2025-08-15,August,Friday,1087.0,1083.0,14.58079409048938,-2.0,55.80000000000007,929.0,29.916897506925206,15.391505078485688,22.098799630655588,0.18399264029438822,0.18399264029438822,7.274149034038638,1.6145354185832568,4.036798528058878,0.0,8.210671573137075
ORD,Chicago O'Hare,2025-08-16,August,Saturday,986.0,846.0,57.56737588652482,-1.0,237.5,1688.0,38.77068557919622,52.533096926713945,21.016548463356973,7.606490872210954,6.592292089249494,8.386409736308316,13.03448275862069,25.7920892494929,0.0,8.398580121703853
ORD,Chicago O'Hare,2025-08-17,August,Sunday,1079.0,908.0,47.319383259911895,19.0,142.0,989.0,54.18502202643172,43.62775330396476,23.405286343612335,15.848007414272475,0.0,9.21037998146432,5.302131603336423,8.215940685820204,0.07414272474513438,18.78683966635774
ORD,Chicago O'Hare,2025-08-18,August,Monday,1090.0,738.0,92.10704607046071,18.0,257.0,1470.0,52.4390243902439,85.20189701897019,23.71680216802168,24.954128440366972,7.339449541284404,12.986238532110091,14.570642201834863,25.03119266055046,0.0,11.19908256880734
ORD,Chicago O'Hare,2025-08-19,August,Tuesday,966.0,886.0,11.580135440180587,-1.0,52.5,554.0,27.42663656884876,14.853273137697517,18.794582392776523,8.281573498964804,0.0,5.099378881987578,0.9616977225672878,2.951345755693582,0.0,7.401656314699793
ORD,Chicago O'Hare,2025-08-20,August,Wednesday,975.0,974.0,9.903490759753593,-3.0,46.0,548.0,23.716632443531825,9.995893223819301,23.410677618069816,0.10256410256410256,0.0,4.741538461538462,0.24615384615384617,2.923076923076923,0.0,8.144615384615385
ORD,Chicago O'Hare,2025-08-21,August,Thursday,1102.0,1101.0,10.45322434150772,-2.0,44.0,677.0,24.97729336966394,9.83560399636694,24.24613987284287,0.09074410163339383,0.0,4.9773139745916515,0.44101633393829404,3.076225045372051,0.0,7.44010889292196
ORD,Chicago O'Hare,2025-08-22,August,Friday,1101.0,1099.0,5.679708826205641,-7.0,44.0,710.0,20.473157415832574,10.509554140127388,20.036396724294814,0.18165304268846502,0.0,3.891008174386921,1.0944595821980019,2.27338782924614,0.0,7.762034514078111
ORD,Chicago O'Hare,2025-08-23,August,Saturday,887.0,886.0,-1.2584650112866818,-10.0,25.0,489.0,14.785553047404063,5.160270880361174,19.098194130925506,0.0,0.11273957158962795,3.519729425028185,0.6437429537767756,1.5479143179255919,0.03156708004509583,3.6832018038331453
ORD,Chicago O'Hare,2025-08-24,August,Sunday,1094.0,1093.0,4.740164684354986,-7.0,43.0,598.0,20.585544373284538,9.15096065873742,19.83714547118024,0.0,0.09140767824497258,4.955210237659964,0.2449725776965265,2.229433272394881,0.010054844606946984,6.128884826325411
ORD,Chicago O'Hare,2025-08-25,August,Monday,1096.0,1092.0,0.07326007326007326,-10.0,28.0,1166.0,16.025641025641026,5.989010989010989,18.733516483516482,0.18248175182481752,0.18248175182481752,4.137773722627737,0.13686131386861314,1.1204379562043796,0.0,4.687956204379562
ORD,Chicago O'Hare,2025-08-26,August,Tuesday,941.0,938.0,-6.456289978678038,-12.5,15.0,312.0,10.44776119402985,-0.5852878464818764,18.803837953091683,0.3188097768331562,0.0,3.281615302869288,0.1647183846971307,0.9564293304994687,0.0,1.1562167906482466
ORD,Chicago O'Hare,2025-08-27,August,Wednesday,977.0,976.0,-3.5809426229508197,-13.0,17.0,794.0,10.96311475409836,4.699795081967213,17.309426229508198,0.1023541453428864,0.0,4.907881269191402,0.13203684749232344,0.9426816786079836,0.0,3.0665301944728762
ORD,Chicago O'Hare,2025-08-28,August,Thursday,1097.0,1092.0,5.833333333333333,-6.0,33.89999999999998,1638.0,18.315018315018314,9.054945054945055,19.053113553113555,0.4557885141294439,0.0,5.762989972652689,0.9717411121239745,1.90154968094804,0.007292616226071103,4.760255241567912
ORD,Chicago O'Hare,2025-08-29,August,Friday,1096.0,1090.0,10.094495412844037,-3.0,45.10000000000002,1881.0,24.86238532110092,9.30091743119266,23.43394495412844,0.5474452554744526,0.0,4.7773722627737225,0.10492700729927007,3.749087591240876,0.006386861313868613,7.396897810218978
ORD,Chicago O'Hare,2025-08-30,August,Saturday,887.0,885.0,5.19774011299435,-7.0,30.0,942.0,17.51412429378531,7.918644067796611,22.082485875706215,0.2254791431792559,0.0,4.780157835400225,0.9932356257046223,2.6347237880496053,0.0,5.196166854565953
ORD,Chicago O'Hare,2025-08-31,August,Sunday,974.0,966.0,0.8364389233954451,-10.0,29.0,587.0,16.149068322981368,5.424430641821946,20.32815734989648,0.6160164271047228,0.20533880903490762,4.640657084188912,0.5410677618069816,1.841889117043121,0.0,3.9938398357289526
ORD,Chicago O'Hare,2025-09-01,September,Monday,1085.0,1082.0,3.55637707948244,-9.0,27.899999999999977,976.0,15.619223659889094,8.489833641404806,20.313308687615528,0.2764976958525346,0.0,4.635023041474654,0.017511520737327188,1.2184331797235024,0.0,6.744700460829493
ORD,Chicago O'Hare,2025-09-02,September,Tuesday,964.0,961.0,-0.5317377731529657,-9.0,25.0,917.0,16.024973985431842,4.637877211238293,20.16961498439126,0.2074688796680498,0.1037344398340249,4.087136929460581,0.08609958506224066,1.287344398340249,0.0,4.466804979253112
ORD,Chicago O'Hare,2025-09-03,September,Wednesday,903.0,902.0,1.1751662971175165,-10.0,25.0,1057.0,14.19068736141907,5.7150776053215075,17.33148558758315,0.11074197120708748,0.0,5.395348837209302,0.1461794019933555,1.8084163898117387,0.0,4.437430786267996
ORD,Chicago O'Hare,2025-09-04,September,Thursday,956.0,950.0,2.363157894736842,-12.0,29.0,1453.0,14.631578947368421,7.338947368421053,17.59263157894737,0.6276150627615062,0.0,5.768828451882845,0.5523012552301255,2.540794979079498,0.0,4.664225941422594
ORD,Chicago O'Hare,2025-09-05,September,Friday,1049.0,1044.0,1.9032567049808429,-8.0,33.0,682.0,19.444444444444446,6.337164750957855,19.695402298850574,0.3813155386081983,0.09532888465204957,4.149666348903718,0.3679694947569113,2.19161105815062,0.0,4.203050524308866
ORD,Chicago O'Hare,2025-09-06,September,Saturday,848.0,846.0,0.14066193853427897,-14.0,28.5,993.0,12.76595744680851,8.043735224586289,16.57565011820331,0.2358490566037736,0.0,6.286556603773585,1.2924528301886793,2.5070754716981134,0.0,3.4504716981132075
ORD,Chicago O'Hare,2025-09-07,September,Sunday,1097.0,1094.0,0.8811700182815356,-9.0,24.700000000000045,1129.0,14.076782449725778,7.260511882998172,17.46526508226691,0.18231540565177756,0.09115770282588878,3.862351868732908,0.1358249772105743,1.203281677301732,0.04102096627164995,5.248860528714676
ORD,Chicago O'Hare,2025-09-08,September,Monday,1101.0,1098.0,-1.273224043715847,-11.0,23.0,627.0,13.570127504553733,5.1502732240437155,18.57103825136612,0.18165304268846502,0.09082652134423251,2.7729336966394187,1.0572207084468666,1.6021798365122615,0.0009082652134423251,4.130790190735695
ORD,Chicago O'Hare,2025-09-09,September,Tuesday,980.0,980.0,-5.864285714285714,-14.0,17.0,1134.0,11.63265306122449,1.1418367346938776,18.725510204081633,0.0,0.0,4.680612244897959,0.04591836734693878,1.0275510204081633,0.0010204081632653062,1.6887755102040816
ORD,Chicago O'Hare,2025-09-10,September,Wednesday,996.0,996.0,-2.539156626506024,-11.0,21.0,1616.0,13.755020080321284,2.927710843373494,21.41867469879518,0.0,0.0,4.386546184738956,0.20783132530120482,1.4317269076305221,0.0,2.5100401606425704
ORD,Chicago O'Hare,2025-09-11,September,Thursday,1111.0,1109.0,5.030658250676285,-5.0,28.0,1590.0,18.48512173128945,7.356176735798016,22.605049594229037,0.09000900090009001,0.09000900090009001,4.212421242124212,1.0333033303330332,1.648964896489649,0.0,5.323132313231323
ORD,Chicago O'Hare,2025-09-12,September,Friday,1059.0,1058.0,4.199432892249527,-5.0,36.0,565.0,22.495274102079396,4.948960302457467,24.534971644612476,0.0,0.09442870632672333,3.412653446647781,0.7497639282341831,3.4513692162417375,0.06232294617563739,4.2492917847025495
ORD,Chicago O'Hare,2025-09-13,September,Saturday,931.0,826.0,89.21065375302663,66.5,226.0,1557.0,66.58595641646488,79.66222760290557,25.783292978208234,7.733619763694952,3.544575725026853,4.6208378088077335,16.99892588614393,31.097744360902254,0.0,29.023630504833513
ORD,Chicago O'Hare,2025-09-14,September,Sunday,1100.0,1099.0,4.969972702456779,-3.0,29.200000000000045,537.0,21.292083712465878,5.616924476797088,23.776160145586896,0.0,0.09090909090909091,4.072727272727272,0.5381818181818182,2.673636363636364,0.005454545454545455,3.977272727272727
ORD,Chicago O'Hare,2025-09-15,September,Monday,1105.0,1105.0,7.430769230769231,-4.0,45.200000000000045,825.0,24.16289592760181,7.803619909502262,24.6868778280543,0.0,0.0,4.242533936651584,0.36289592760180994,3.364705882352941,0.0,6.263348416289593
ORD,Chicago O'Hare,2025-09-16,September,Tuesday,981.0,981.0,3.1896024464831805,-7.0,25.0,1704.0,18.85830784913354,4.554536187563711,23.644240570846076,0.0,0.0,5.582059123343527,0.4271151885830785,2.4750254841997963,0.19164118246687054,2.802242609582059
ORD,Chicago O'Hare,2025-09-17,September,Wednesday,997.0,993.0,8.945619335347432,-5.0,35.0,959.0,22.860020140986908,9.081570996978853,24.263846928499497,0.4012036108324975,0.0,6.36308926780341,0.05215646940822467,3.7863590772316953,0.0,6.124373119358074
ORD,Chicago O'Hare,2025-09-18,September,Thursday,1110.0,1108.0,8.697653429602887,-3.5,45.0,374.0,23.736462093862816,9.344765342960288,23.697653429602887,0.18018018018018017,0.0,5.081081081081081,0.24864864864864866,2.9135135135135135,0.05405405405405406,6.723423423423424
ORD,Chicago O'Hare,2025-09-19,September,Friday,1059.0,1056.0,6.495265151515151,-3.0,38.0,344.0,26.988636363636363,4.309659090909091,27.501893939393938,0.28328611898017,0.0,3.570349386213409,0.13220018885741266,5.066100094428706,0.0,4.427762039660057
ORD,Chicago O'Hare,2025-09-20,September,Saturday,930.0,915.0,8.31256830601093,-5.0,53.0,362.0,29.94535519125683,9.288524590163934,19.782513661202184,0.43010752688172044,1.1827956989247312,5.444086021505377,0.8365591397849462,6.093548387096774,0.0,4.067741935483871
ORD,Chicago O'Hare,2025-09-21,September,Sunday,1100.0,1090.0,15.185321100917431,-1.0,63.0,1201.0,31.10091743119266,14.638532110091743,20.443119266055046,0.18181818181818182,0.7272727272727273,6.1,2.7009090909090907,6.531818181818182,0.004545454545454545,6.851818181818182
ORD,Chicago O'Hare,2025-09-22,September,Monday,1105.0,1104.0,8.221014492753623,-6.0,49.700000000000045,1037.0,21.014492753623188,14.326992753623188,18.340579710144926,0.09049773755656108,0.0,5.690497737556561,1.379185520361991,1.9167420814479639,0.0,8.265158371040725
ORD,Chicago O'Hare,2025-09-23,September,Tuesday,981.0,978.0,5.121676891615542,-1.0,35.0,901.0,24.948875255623722,1.7361963190184049,23.13394683026585,0.0,0.3058103975535168,4.258919469928644,0.4923547400611621,4.216106014271152,0.0,2.328236493374108
ORD,Chicago O'Hare,2025-09-24,September,Wednesday,998.0,997.0,10.18555667001003,-2.0,42.0,525.0,25.77733199598796,9.668004012036109,22.574724172517552,0.1002004008016032,0.0,6.228456913827655,0.1533066132264529,2.7424849699398797,0.033066132264529056,6.855711422845691
ORD,Chicago O'Hare,2025-09-25,September,Thursday,1119.0,1114.0,9.234290843806104,-4.0,42.0,1544.0,23.159784560143628,10.265709156193896,20.920107719928186,0.3574620196604111,0.08936550491510277,5.134048257372654,0.2421805183199285,3.409294012511171,0.00804289544235925,7.244861483467382
ORD,Chicago O'Hare,2025-09-26,September,Friday,1072.0,1067.0,3.78912839737582,-9.0,30.0,1103.0,17.150890346766634,9.671040299906279,19.94751640112465,0.46641791044776115,0.0,5.465485074626866,0.478544776119403,1.6902985074626866,0.002798507462686567,6.25
ORD,Chicago O'Hare,2025-09-27,September,Saturday,948.0,944.0,-5.694915254237288,-14.0,16.0,937.0,10.805084745762713,3.202330508474576,17.04237288135593,0.10548523206751054,0.31645569620253167,4.04957805907173,0.10548523206751055,0.890295358649789,0.0,2.9240506329113924
ORD,Chicago O'Hare,2025-09-28,September,Sunday,1120.0,1119.0,3.3717605004468276,-4.0,28.0,365.0,19.66041108132261,4.640750670241287,23.949061662198392,0.0,0.08928571428571429,3.5839285714285714,0.325,2.1285714285714286,0.005357142857142857,3.836607142857143
ORD,Chicago O'Hare,2025-09-29,September,Monday,1115.0,1114.0,-2.5412926391382404,-9.0,19.0,803.0,12.567324955116696,0.9973070017953322,22.46678635547576,0.08968609865470852,0.0,2.4260089686098656,0.01883408071748879,1.5704035874439461,0.0,2.5426008968609866
ORD,Chicago O'Hare,2025-09-30,September,Tuesday,991.0,991.0,-2.9041372351160444,-11.0,16.0,1136.0,10.99899091826438,0.7507568113017155,22.57214934409687,0.0,0.0,4.467204843592331,0.022199798183652877,1.4944500504540867,0.0,1.6710393541876891
ORD,Chicago O'Hare,2025-10-01,October,Wednesday,1015.0,1015.0,-0.6266009852216748,-9.0,20.600000000000023,881.0,13.596059113300493,2.5123152709359604,22.998029556650245,0.0,0.0,4.292610837438423,0.17339901477832512,1.5901477832512316,0.04729064039408867,2.5832512315270937
ORD,Chicago O'Hare,2025-10-02,October,Thursday,1124.0,1124.0,6.854982206405694,-4.0,36.0,897.0,20.640569395017792,5.855871886120997,25.454626334519574,0.0,0.0,5.085409252669039,0.04715302491103203,4.5338078291814945,0.0,3.8540925266903914
ORD,Chicago O'Hare,2025-10-03,October,Friday,1068.0,1067.0,2.3270852858481725,-6.0,29.399999999999977,625.0,19.306466729147143,3.4236176194939083,25.472352389878164,0.09363295880149813,0.0,3.4737827715355807,0.04400749063670412,3.1198501872659175,0.0,3.581460674157303
ORD,Chicago O'Hare,2025-10-04,October,Saturday,947.0,946.0,-2.8044397463002113,-13.0,20.0,729.0,12.367864693446089,4.435517970401691,19.63107822410148,0.0,0.10559662090813093,4.020063357972544,0.13621964097148892,1.6430834213305174,0.0,3.8046462513199577
ORD,Chicago O'Hare,2025-10-05,October,Sunday,1123.0,1123.0,0.16562778272484416,-8.0,26.0,769.0,16.47373107747106,5.3357079252003565,20.85218165627783,0.0,0.0,3.981300089047195,0.14692787177203917,1.6411398040961709,0.0,3.6001780943900266
ORD,Chicago O'Hare,2025-10-06,October,Monday,1118.0,1116.0,22.053763440860216,1.0,91.0,939.0,34.946236559139784,11.771505376344086,32.61200716845878,0.17889087656529518,0.0,7.409660107334526,0.7576028622540251,13.335420393559929,0.0,6.932021466905188
ORD,Chicago O'Hare,2025-10-07,October,Tuesday,1058.0,1051.0,14.913415794481446,4.0,59.0,634.0,34.72882968601332,13.246431969552807,20.518553758325403,0.6616257088846881,0.0,4.007561436672968,1.0302457466918715,7.859168241965974,0.0,6.319470699432892
ORD,Chicago O'Hare,2025-10-08,October,Wednesday,1070.0,1069.0,5.8783910196445275,-3.0,37.0,610.0,22.63797942001871,3.8484565014031804,25.211412535079514,0.09345794392523366,0.0,3.2598130841121495,0.0065420560747663555,4.1373831775700936,0.0,4.798130841121496
ORD,Chicago O'Hare,2025-10-09,October,Thursday,1130.0,1130.0,10.869026548672567,1.0,44.0,1069.0,28.84955752212389,9.201769911504424,24.794690265486725,0.0,0.0,5.907079646017699,0.12389380530973451,4.364601769911505,0.02566371681415929,5.638053097345133
ORD,Chicago O'Hare,2025-10-10,October,Friday,1129.0,1128.0,18.034574468085108,2.0,53.0,1379.0,32.5354609929078,18.031028368794328,20.66223404255319,0.08857395925597875,0.0,8.839681133746678,0.325066430469442,5.804251550044287,0.0,7.7679362267493355
ORD,Chicago O'Hare,2025-10-11,October,Saturday,1014.0,1013.0,5.044422507403751,-3.0,33.80000000000007,507.0,21.224086870681145,7.328726554787759,22.86278381046397,0.09861932938856016,0.0,4.159763313609467,0.25443786982248523,2.07396449704142,0.0,5.4733727810650885
ORD,Chicago O'Hare,2025-10-12,October,Sunday,1123.0,1121.0,9.611953612845673,-1.0,44.0,832.0,27.207850133809096,10.150758251561106,25.69134701159679,0.17809439002671415,0.0,5.796081923419412,0.018699910952804988,3.116651825467498,0.008904719501335707,6.478183437221728
ORD,Chicago O'Hare,2025-10-13,October,Monday,1130.0,1122.0,12.463458110516934,-3.0,43.89999999999998,1081.0,23.796791443850267,14.133689839572192,24.114081996434937,0.7079646017699115,0.0,6.167256637168141,0.19646017699115045,2.9300884955752213,0.09734513274336283,9.378761061946904
ORD,Chicago O'Hare,2025-10-14,October,Tuesday,1058.0,1054.0,10.300759013282732,-2.0,44.0,1008.0,25.142314990512332,9.445920303605313,24.6584440227704,0.28355387523629494,0.0945179584120983,4.681474480151229,0.10396975425330812,4.093572778827977,0.02835538752362949,7.507561436672968
ORD,Chicago O'Hare,2025-10-15,October,Wednesday,1070.0,1064.0,15.00093984962406,4.0,53.700000000000045,759.0,33.83458646616541,9.783834586466165,24.791353383458645,0.46728971962616817,0.09345794392523366,5.717757009345794,0.22242990654205608,5.603738317757009,0.0,6.953271028037383
ORD,Chicago O'Hare,2025-10-16,October,Thursday,1129.0,1129.0,12.838795394154118,0.0,36.0,3240.0,25.952170062001773,10.697077059344553,24.279893711248892,0.0,0.0,9.473870682019486,0.0,3.505757307351639,0.0,4.984942426926484
ORD,Chicago O'Hare,2025-10-17,October,Friday,1127.0,1122.0,4.2014260249554365,-6.0,29.899999999999977,1085.0,18.449197860962567,6.090909090909091,21.463458110516935,0.08873114463176575,0.354924578527063,4.414374445430346,0.01774622892635315,3.004436557231588,0.0,4.45075421472937
ORD,Chicago O'Hare,2025-10-18,October,Saturday,1013.0,997.0,38.98495486459378,16.0,120.39999999999998,1146.0,51.55466399197592,28.795386158475427,20.973921765295888,0.7897334649555774,0.7897334649555774,8.65350444225074,2.738400789733465,19.705824284304047,0.0,10.985192497532083
ORD,Chicago O'Hare,2025-10-19,October,Sunday,1122.0,1119.0,28.16443252904379,7.0,74.0,1218.0,40.57193923145665,26.738159070598748,21.6952636282395,0.17825311942959002,0.08912655971479501,10.280748663101605,1.054367201426025,7.5588235294117645,0.0,12.77807486631016
ORD,Chicago O'Hare,2025-10-20,October,Monday,1129.0,1122.0,16.740641711229948,-0.5,55.0,3500.0,30.124777183600713,16.78342245989305,23.19162210338681,0.2657218777679362,0.354295837023915,7.45704162976085,0.33480956598759964,4.54118689105403,0.0,10.146147032772365
ORD,Chicago O'Hare,2025-10-21,October,Tuesday,1058.0,1053.0,5.1918328584995255,-6.0,41.0,1635.0,21.17758784425451,5.338081671415004,19.699905033238366,0.28355387523629494,0.1890359168241966,4.223062381852552,0.1956521739130435,4.560491493383743,0.0,4.12476370510397
ORD,Chicago O'Hare,2025-10-22,October,Wednesday,1070.0,1065.0,8.941784037558685,-3.0,34.60000000000002,1053.0,22.62910798122066,8.371830985915492,21.686384976525822,0.2803738317757009,0.1869158878504673,6.002803738317757,0.1102803738317757,3.5485981308411216,0.0,5.297196261682243
ORD,Chicago O'Hare,2025-10-23,October,Thursday,1128.0,1122.0,5.918894830659537,-3.0,34.0,1245.0,22.63814616755793,5.786096256684492,21.609625668449198,0.44326241134751776,0.08865248226950355,4.2695035460992905,0.125,3.022163120567376,0.0,4.113475177304965
ORD,Chicago O'Hare,2025-10-24,October,Friday,1125.0,1121.0,10.729705619982159,0.0,39.0,1625.0,25.156110615521854,8.19892952720785,23.53077609277431,0.26666666666666666,0.08888888888888889,6.4782222222222225,0.24622222222222223,3.902222222222222,0.008,4.6177777777777775
ORD,Chicago O'Hare,2025-10-25,October,Saturday,969.0,966.0,11.329192546583851,0.0,54.0,393.0,28.674948240165634,8.469979296066253,21.178053830227743,0.20639834881320948,0.10319917440660474,4.613003095975232,0.56656346749226,6.277605779153767,0.0,4.981424148606811
ORD,Chicago O'Hare,2025-10-26,October,Sunday,1082.0,1079.0,23.119555143651528,3.0,73.40000000000009,2670.0,36.97868396663577,20.472659870250233,22.057460611677477,0.09242144177449169,0.18484288354898337,8.628465804066543,0.47689463955637706,8.66728280961183,0.036044362292051754,9.839186691312385
ORD,Chicago O'Hare,2025-10-27,October,Monday,1104.0,1099.0,12.37670609645132,-2.0,47.0,1282.0,23.202911737943584,12.798908098271156,22.526842584167426,0.2717391304347826,0.18115942028985507,7.344202898550725,0.5117753623188406,3.171195652173913,0.13134057971014493,6.77536231884058
ORD,Chicago O'Hare,2025-10-28,October,Tuesday,972.0,969.0,4.30030959752322,-7.0,26.0,1482.0,16.718266253869967,6.153766769865841,22.36738906088751,0.205761316872428,0.102880658436214,6.636831275720165,0.027777777777777776,1.8786008230452675,0.0,3.5483539094650207
ORD,Chicago O'Hare,2025-10-29,October,Wednesday,981.0,978.0,7.08282208588957,-3.0,32.30000000000007,507.0,21.165644171779142,4.877300613496932,22.95807770961145,0.3058103975535168,0.0,5.160040774719674,0.1437308868501529,3.5596330275229358,0.04281345565749235,3.831804281345566
ORD,Chicago O'Hare,2025-10-30,October,Thursday,1092.0,1072.0,11.984141791044776,-2.0,49.0,981.0,24.44029850746269,12.076492537313433,22.95242537313433,1.8315018315018317,0.0,5.194139194139194,2.0457875457875456,4.076923076923077,0.0,6.645604395604396
ORD,Chicago O'Hare,2025-10-31,October,Friday,919.0,906.0,6.155629139072848,-5.0,37.0,720.0,21.41280353200883,8.323399558498897,22.15011037527594,1.4145810663764962,0.0,4.5103373231773665,0.0,2.9630032644178455,0.042437431991294884,5.672470076169749
ORD,Chicago O'Hare,2025-11-01,November,Saturday,945.0,940.0,4.754255319148936,-5.0,32.0,1383.0,20.851063829787233,6.617021276595745,19.598936170212767,0.4232804232804233,0.10582010582010583,5.938624338624338,0.32592592592592595,2.6,0.0,3.8433862433862434
ORD,Chicago O'Hare,2025-11-02,November,Sunday,1065.0,1063.0,4.599247412982126,-6.0,42.0,1054.0,22.201317027281277,9.425211665098777,19.91909689557855,0.18779342723004694,0.0,4.31924882629108,1.0037558685446009,2.36056338028169,0.03943661971830986,6.083568075117371
ORD,Chicago O'Hare,2025-11-03,November,Monday,1081.0,1077.0,2.467038068709378,-6.0,30.0,1175.0,17.827298050139277,5.068709377901579,18.58310120705664,0.27752081406105455,0.09250693802035154,3.158186864014801,0.11563367252543941,2.1480111008325626,0.0,5.311748381128584
ORD,Chicago O'Hare,2025-11-04,November,Tuesday,962.0,960.0,-0.07708333333333334,-10.0,29.0,887.0,16.666666666666664,3.1354166666666665,20.503125,0.10395010395010396,0.10395010395010396,1.8326403326403327,0.0,3.7775467775467777,0.07276507276507277,4.51975051975052
ORD,Chicago O'Hare,2025-11-05,November,Wednesday,971.0,967.0,0.01344364012409514,-8.0,25.0,407.0,14.891416752843847,1.5191313340227508,20.007238883143742,0.4119464469618949,0.0,2.049433573635427,0.0,2.0329557157569518,0.03810504634397528,3.8650875386199792
ORD,Chicago O'Hare,2025-11-06,November,Thursday,1080.0,1076.0,19.83364312267658,2.0,90.5,719.0,36.80297397769517,22.029739776951672,17.87639405204461,0.3703703703703704,0.0,3.5305555555555554,0.09907407407407408,15.262037037037038,0.0,7.174074074074074
ORD,Chicago O'Hare,2025-11-07,November,Friday,1084.0,1046.0,20.982791586998086,2.0,71.0,1351.0,36.04206500956023,19.94455066921606,18.782026768642446,3.505535055350553,0.0,3.524907749077491,0.1429889298892989,12.325645756457565,0.0,9.523062730627306
ORD,Chicago O'Hare,2025-11-08,November,Saturday,955.0,905.0,30.45414364640884,9.0,99.60000000000002,1122.0,44.19889502762431,23.865193370165745,19.52375690607735,5.026178010471204,0.20942408376963353,7.331937172774869,1.1068062827225131,14.231413612565445,0.06806282722513089,9.53717277486911
ORD,Chicago O'Hare,2025-11-09,November,Sunday,1077.0,844.0,79.81279620853081,59.0,173.0,1240.0,80.09478672985783,65.14454976303317,19.790284360189574,21.541318477251625,0.09285051067780872,7.9322191272052,2.5246053853296195,36.56267409470752,0.0,15.827298050139277
ORD,Chicago O'Hare,2025-11-10,November,Monday,1087.0,776.0,97.00128865979381,72.0,238.0,945.0,79.89690721649485,86.57345360824742,15.600515463917526,28.61085556577737,0.0,8.567617295308187,1.7479300827966882,49.4296228150874,0.0,10.310947562097516
ORD,Chicago O'Hare,2025-11-11,November,Tuesday,966.0,910.0,11.658241758241758,-6.0,56.10000000000002,1296.0,22.52747252747253,14.727472527472527,18.175824175824175,5.693581780538302,0.10351966873706005,6.417184265010352,0.13975155279503104,2.75879917184265,0.0,8.784679089026914
ORD,Chicago O'Hare,2025-11-12,November,Wednesday,970.0,927.0,1.6763754045307444,-8.0,27.0,813.0,15.318230852211434,3.98705501618123,20.447680690399135,4.43298969072165,0.0,4.734020618556701,0.0,2.0051546391752577,0.0,3.8195876288659796
ORD,Chicago O'Hare,2025-11-13,November,Thursday,1084.0,1032.0,-2.557170542635659,-11.0,18.0,1816.0,11.918604651162791,2.244186046511628,18.146317829457363,4.797047970479705,0.0,3.756457564575646,0.0,1.1761992619926198,0.0,3.2970479704797047
ORD,Chicago O'Hare,2025-11-14,November,Friday,1088.0,1062.0,-4.325800376647834,-10.0,15.899999999999977,718.0,11.11111111111111,0.2231638418079096,19.060263653483993,2.389705882352941,0.0,2.8658088235294117,0.0,1.0193014705882353,0.0,2.1746323529411766
ORD,Chicago O'Hare,2025-11-15,November,Saturday,955.0,941.0,-6.332624867162593,-13.0,11.0,435.0,8.395324123273113,0.1339001062699256,16.788522848034006,1.4659685863874345,0.0,3.0722513089005234,0.010471204188481676,1.131937172774869,0.0,2.3141361256544504
ORD,Chicago O'Hare,2025-11-16,November,Sunday,1077.0,1072.0,2.093283582089552,-6.0,32.89999999999998,1080.0,18.28358208955224,3.6016791044776117,18.72108208955224,0.3714020427112349,0.09285051067780872,3.7075208913649025,0.0,2.4141132776230267,0.036211699164345405,3.8625812441968432
ORD,Chicago O'Hare,2025-11-17,November,Monday,1087.0,1086.0,0.6583793738489871,-9.0,27.0,741.0,15.561694290976058,4.04696132596685,19.365561694290975,0.09199632014719411,0.0,3.8969641214351425,0.17571297148114076,2.1140754369825205,0.0,4.377184912603496
ORD,Chicago O'Hare,2025-11-18,November,Tuesday,962.0,962.0,4.761954261954262,-4.0,32.0,720.0,18.711018711018713,4.299376299376299,19.111226611226613,0.0,0.0,5.634095634095634,0.21621621621621623,2.555093555093555,0.0,3.5415800415800414
ORD,Chicago O'Hare,2025-11-19,November,Wednesday,972.0,972.0,1.5473251028806585,-6.0,23.899999999999977,1323.0,15.22633744855967,3.065843621399177,21.63888888888889,0.0,0.0,3.3641975308641974,1.6430041152263375,2.1141975308641974,0.0,2.6656378600823047
ORD,Chicago O'Hare,2025-11-20,November,Thursday,1083.0,1076.0,8.354089219330856,-3.5,36.5,1221.0,22.397769516728623,9.482342007434944,20.267657992565056,0.554016620498615,0.09233610341643582,4.174515235457064,0.778393351800554,2.7359187442289934,0.0,7.277931671283472
ORD,Chicago O'Hare,2025-11-21,November,Friday,1081.0,1064.0,10.599624060150376,-3.0,44.0,804.0,23.590225563909776,12.345864661654135,21.021616541353385,1.0175763182238668,0.5550416281221091,5.2941720629047175,0.8575393154486587,2.5485661424606847,0.0,7.977798334875116
ORD,Chicago O'Hare,2025-11-22,November,Saturday,997.0,996.0,-2.178714859437751,-10.0,22.0,335.0,13.353413654618473,3.8413654618473894,17.508032128514056,0.10030090270812438,0.0,3.143430290872618,0.0,1.316950852557673,0.0,4.049147442326981
ORD,Chicago O'Hare,2025-11-23,November,Sunday,1081.0,1081.0,-2.9546716003700277,-9.0,22.0,380.0,15.356151711378354,1.1970397779833488,17.946345975948198,0.0,0.0,1.805735430157262,0.08973172987974098,1.8658649398704903,0.0,3.1766882516188715
ORD,Chicago O'Hare,2025-11-24,November,Monday,1068.0,1061.0,2.0254476908576815,-10.0,31.0,521.0,15.83411875589067,9.302544769085769,17.04052780395853,0.46816479400749067,0.18726591760299627,4.601123595505618,0.6544943820224719,1.1704119850187267,0.0,5.985955056179775
ORD,Chicago O'Hare,2025-11-25,November,Tuesday,1077.0,1068.0,2.8136704119850187,-7.0,26.0,1470.0,16.94756554307116,8.271535580524345,18.56741573033708,0.6499535747446611,0.18570102135561745,4.450324976787372,0.532033426183844,1.4447539461467038,0.025069637883008356,4.6081708449396475
ORD,Chicago O'Hare,2025-11-26,November,Wednesday,1088.0,1059.0,62.01983002832861,43.0,163.0,1266.0,66.10009442870633,46.745986779981116,23.348441926345608,1.8382352941176472,0.8272058823529412,6.040441176470588,3.0909926470588234,32.44485294117647,0.0,20.738970588235293
ORD,Chicago O'Hare,2025-11-27,November,Thursday,541.0,539.0,-2.979591836734694,-13.0,16.399999999999977,583.0,10.38961038961039,4.270871985157699,15.061224489795919,0.36968576709796674,0.0,5.073937153419593,1.6081330868761552,0.8927911275415896,0.0,1.4805914972273568
ORD,Chicago O'Hare,2025-11-28,November,Friday,953.0,951.0,3.8664563617245005,-7.0,38.0,441.0,20.60988433228181,6.531019978969506,18.39957939011567,0.2098635886673662,0.0,5.573976915005247,0.5131164742917104,2.459601259181532,0.0,3.8698845750262327
ORD,Chicago O'Hare,2025-11-29,November,Saturday,1052.0,423.0,207.54137115839242,103.0,518.4000000000001,1545.0,82.74231678486997,176.89125295508273,31.099290780141843,57.98479087452472,1.8060836501901139,5.000950570342205,16.495247148288975,54.03136882129277,0.0,8.188212927756654
ORD,Chicago O'Hare,2025-11-30,November,Sunday,1182.0,936.0,134.77564102564102,100.5,280.5,1443.0,89.42307692307693,100.33226495726495,48.2991452991453,20.642978003384094,0.1692047377326565,17.957698815566836,5.179357021996616,42.88663282571912,0.0,40.94839255499154
ORD,Chicago O'Hare,2025-12-01,December,Monday,1092.0,930.0,75.65053763440861,31.0,197.20000000000005,1388.0,62.903225806451616,56.55483870967742,34.924731182795696,14.743589743589745,0.09157509157509157,17.103479853479854,2.990842490842491,27.511904761904763,0.01282051282051282,18.255494505494507
ORD,Chicago O'Hare,2025-12-02,December,Tuesday,971.0,915.0,64.46010928961749,27.0,178.0,1276.0,61.74863387978142,55.12459016393443,26.662295081967212,5.76725025746653,0.0,17.329557157569514,3.439752832131823,11.459320288362512,0.012358393408856848,30.079299691040166
ORD,Chicago O'Hare,2025-12-03,December,Wednesday,929.0,915.0,50.4,14.0,170.60000000000002,1437.0,49.50819672131148,37.802185792349725,29.231693989071037,1.0764262648008611,0.4305705059203444,10.848223896663079,2.318622174381055,14.51345532831001,0.0,24.86221743810549
ORD,Chicago O'Hare,2025-12-04,December,Thursday,1027.0,1023.0,28.806451612903224,4.0,86.0,1033.0,36.36363636363637,27.44868035190616,22.23069403714565,0.2921129503407984,0.09737098344693282,10.765335929892892,2.9435248296007788,4.221032132424537,0.007789678675754625,14.566699123661149
ORD,Chicago O'Hare,2025-12-05,December,Friday,1035.0,1027.0,18.806231742940604,2.0,69.39999999999998,1024.0,33.98247322297955,14.301850048685491,22.94352482960078,0.6763285024154589,0.0966183574879227,8.431884057971015,0.6289855072463768,6.651207729468599,0.0,7.969082125603864
ORD,Chicago O'Hare,2025-12-06,December,Saturday,888.0,875.0,11.446857142857143,-7.0,41.0,1746.0,20.457142857142856,16.168,16.662857142857142,1.2387387387387387,0.22522522522522523,8.92117117117117,2.30518018018018,2.472972972972973,0.0,6.19481981981982
ORD,Chicago O'Hare,2025-12-07,December,Sunday,1027.0,857.0,161.78763127187864,143.0,291.0,2107.0,93.34889148191365,134.49008168028004,30.816802800466743,16.260954235637783,0.2921129503407984,14.610516066212268,8.867575462512171,72.02434274586173,0.012658227848101266,39.63583252190847
ORD,Chicago O'Hare,2025-12-08,December,Monday,1028.0,1011.0,24.130563798219583,1.0,74.0,1444.0,33.531157270029674,26.49950544015826,19.384767556874383,1.6536964980544748,0.0,14.056420233463035,1.1896887159533074,4.342412451361867,0.030155642023346304,9.931906614785992
ORD,Chicago O'Hare,2025-12-09,December,Tuesday,914.0,911.0,13.014270032930845,-3.0,48.0,1249.0,24.478594950603732,11.790340285400658,18.324917672886937,0.3282275711159737,0.0,10.931072210065645,0.3096280087527352,3.8304157549234135,0.08096280087527352,4.471553610503283
ORD,Chicago O'Hare,2025-12-10,December,Wednesday,924.0,921.0,30.125950054288815,8.0,97.0,1701.0,43.43105320304018,24.53528773072747,22.438653637350704,0.3246753246753247,0.0,9.4004329004329,1.277056277056277,7.528138528138528,0.046536796536796536,15.60930735930736
ORD,Chicago O'Hare,2025-12-11,December,Thursday,1029.0,1024.0,20.32421875,1.0,76.70000000000005,849.0,32.51953125,20.6416015625,17.033203125,0.4859086491739553,0.0,8.329446064139942,1.3177842565597668,3.978620019436346,0.0,12.052478134110787
ORD,Chicago O'Hare,2025-12-12,December,Friday,1037.0,1035.0,12.104347826086956,-2.0,54.0,600.0,27.246376811594203,10.956521739130435,19.57487922705314,0.19286403085824494,0.0,7.207328833172613,0.46383799421407906,4.635486981677917,0.0,5.895853423336548
ORD,Chicago O'Hare,2025-12-13,December,Saturday,891.0,874.0,23.176201372997713,0.0,70.70000000000005,1270.0,32.151029748283754,21.75400457665904,17.0,1.9079685746352413,0.0,11.570145903479236,2.723905723905724,5.065095398428732,0.0,9.344556677890012
ORD,Chicago O'Hare,2025-12-14,December,Sunday,1029.0,985.0,41.85177664974619,11.0,129.60000000000002,1772.0,45.58375634517767,37.78172588832487,20.165482233502537,4.178814382896015,0.09718172983479105,14.221574344023324,4.434402332361516,7.205053449951409,0.022351797862001945,17.53935860058309
ORD,Chicago O'Hare,2025-12-15,December,Monday,1029.0,1009.0,17.504459861248762,0.0,67.40000000000009,748.0,27.849355797819626,19.817641228939543,18.162537165510408,1.84645286686103,0.09718172983479105,7.649173955296404,1.7045675413022352,2.304178814382896,0.0058309037900874635,10.727891156462585
ORD,Chicago O'Hare,2025-12-16,December,Tuesday,915.0,912.0,-2.5274122807017543,-13.0,20.899999999999977,765.0,12.609649122807017,4.650219298245614,16.660087719298247,0.32786885245901637,0.0,5.545355191256831,0.041530054644808745,1.0,0.0,3.0721311475409836
ORD,Chicago O'Hare,2025-12-17,December,Wednesday,924.0,923.0,-2.7486457204767065,-11.0,18.0,428.0,12.459371614301192,3.705308775731311,18.23726977248104,0.0,0.10822510822510822,2.9642857142857144,0.12229437229437229,1.0562770562770563,0.024891774891774892,3.8863636363636362
ORD,Chicago O'Hare,2025-12-18,December,Thursday,992.0,980.0,15.091836734693878,-4.0,54.10000000000002,1099.0,26.02040816326531,19.985714285714284,18.958163265306123,1.0080645161290323,0.20161290322580644,8.295362903225806,1.628024193548387,2.8961693548387095,0.0,9.79133064516129
ORD,Chicago O'Hare,2025-12-19,December,Friday,1048.0,1031.0,22.783705140640155,0.0,74.0,1858.0,33.462657613967025,28.452958292919497,16.565470417070806,1.5267175572519083,0.09541984732824427,11.209923664122137,0.3301526717557252,2.822519083969466,0.0,14.62881679389313
ORD,Chicago O'Hare,2025-12-20,December,Saturday,934.0,927.0,6.329018338727076,-7.0,38.0,803.0,20.28047464940669,15.35598705501618,16.134843581445523,0.7494646680942184,0.0,6.991434689507495,0.2623126338329764,1.8458244111349036,0.034261241970021415,6.492505353319058
ORD,Chicago O'Hare,2025-12-21,December,Sunday,1001.0,992.0,4.143145161290323,-10.0,33.0,1476.0,17.137096774193548,14.891129032258064,15.338709677419354,0.8991008991008992,0.0,5.941058941058941,0.2937062937062937,0.972027972027972,0.0,8.133866133866134
ORD,Chicago O'Hare,2025-12-22,December,Monday,1001.0,998.0,-1.2214428857715431,-11.0,26.0,1123.0,14.428857715430862,8.240480961923847,15.576152304609218,0.1998001998001998,0.0999000999000999,3.9100899100899102,0.14985014985014986,0.8921078921078921,0.0,5.337662337662338
ORD,Chicago O'Hare,2025-12-23,December,Tuesday,978.0,974.0,-4.634496919917864,-12.0,20.0,951.0,12.217659137577003,5.689938398357289,14.946611909650924,0.408997955010225,0.0,1.9775051124744376,0.050102249488752554,1.3701431492842535,0.0,5.002044989775051
ORD,Chicago O'Hare,2025-12-24,December,Wednesday,698.0,695.0,-5.041726618705036,-11.0,18.0,353.0,11.798561151079138,5.00431654676259,17.176978417266188,0.42979942693409745,0.0,3.3739255014326646,0.19054441260744986,1.2106017191977076,0.0,3.2521489971346704
ORD,Chicago O'Hare,2025-12-25,December,Thursday,696.0,696.0,-8.432471264367816,-14.0,13.0,427.0,9.339080459770114,1.3376436781609196,17.353448275862068,0.0,0.0,2.7729885057471266,0.0,1.2801724137931034,0.0,1.9985632183908046
ORD,Chicago O'Hare,2025-12-26,December,Friday,1009.0,980.0,17.031632653061223,-5.0,80.0,1084.0,28.061224489795915,24.860204081632652,16.46530612244898,2.8741328047571852,0.0,7.107036669970268,3.0317145688800795,3.9722497522299305,0.01684836471754212,11.128840436075322
ORD,Chicago O'Hare,2025-12-27,December,Saturday,947.0,912.0,19.169956140350877,-2.0,77.89999999999998,1239.0,32.23684210526316,26.474780701754387,16.95175438596491,3.5902851108764517,0.10559662090813093,6.78247096092925,2.553326293558606,3.3220696937697993,0.0,13.676874340021119
ORD,Chicago O'Hare,2025-12-28,December,Sunday,1008.0,933.0,66.06430868167203,31.0,178.60000000000014,1257.0,63.12968917470525,58.40836012861736,20.591639871382636,5.853174603174603,1.5873015873015872,8.330357142857142,6.591269841269841,17.396825396825395,0.016865079365079364,30.525793650793652
ORD,Chicago O'Hare,2025-12-29,December,Monday,1011.0,929.0,62.64800861141012,26.0,184.80000000000018,1078.0,59.311087190527445,58.354144241119485,23.566200215285253,8.011869436201781,0.09891196834817012,12.679525222551929,4.229475766567755,8.167161226508407,0.0019782393669634025,34.375865479723046
ORD,Chicago O'Hare,2025-12-30,December,Tuesday,1002.0,957.0,47.608150470219435,11.0,148.39999999999998,1286.0,45.76802507836991,40.9299895506792,22.315569487983282,2.2954091816367264,2.19560878243513,14.671656686626747,3.402195608782435,10.671656686626747,0.0,20.20059880239521
ORD,Chicago O'Hare,2025-12-31,December,Wednesday,848.0,822.0,31.648418491484186,5.0,109.89999999999998,1119.0,39.90267639902677,29.21167883211679,20.447688564476884,3.0660377358490565,0.0,10.38561320754717,2.536556603773585,5.370283018867925,0.003537735849056604,16.11438679245283
