storm_id,storm_name,observation_time,status,record_identifier,latitude,longitude,maximum_sustained_wind_knots,minimum_central_pressure_mb
AL012020,Arthur,2020-05-16 18:00:00,TD,,28.0,-78.7,30,1008
AL012020,Arthur,2020-05-17 00:00:00,TS,,28.9,-78.0,35,1006
AL012020,Arthur,2020-05-17 06:00:00,TS,,29.6,-77.6,35,1004
AL012020,Arthur,2020-05-17 12:00:00,TS,,30.3,-77.5,35,1003
AL012020,Arthur,2020-05-17 18:00:00,TS,,31.0,-77.3,40,1003
AL012020,Arthur,2020-05-18 00:00:00,TS,,31.9,-77.0,40,1003
AL012020,Arthur,2020-05-18 06:00:00,TS,,33.1,-76.7,40,1002
AL012020,Arthur,2020-05-18 12:00:00,TS,,34.4,-75.9,45,1000
AL012020,Arthur,2020-05-18 18:00:00,TS,,35.5,-74.7,45,993
AL012020,Arthur,2020-05-19 00:00:00,TS,,36.2,-73.1,50,991
AL012020,Arthur,2020-05-19 06:00:00,TS,,36.8,-71.4,50,990
AL022020,Bertha,2020-05-27 06:00:00,TS,,31.5,-78.8,40,1006
AL022020,Bertha,2020-05-27 12:00:00,TS,,32.6,-79.5,45,1005
AL022020,Bertha,2020-05-27 13:30:00,TS,L,32.9,-79.7,45,1005
AL022020,Bertha,2020-05-27 18:00:00,TD,,33.7,-80.1,30,1007
AL022020,Bertha,2020-05-28 00:00:00,TD,,34.9,-80.7,25,1008
AL032020,Cristobal,2020-06-01 18:00:00,TD,,19.4,-90.9,25,1006
AL032020,Cristobal,2020-06-02 00:00:00,TD,,19.6,-91.6,25,1005
AL032020,Cristobal,2020-06-02 06:00:00,TD,,19.6,-92.1,30,1005
AL032020,Cristobal,2020-06-02 12:00:00,TS,,19.5,-92.5,35,1004
AL032020,Cristobal,2020-06-02 18:00:00,TS,,19.2,-92.6,40,1001
AL032020,Cristobal,2020-06-03 00:00:00,TS,,19.0,-92.5,45,996
AL032020,Cristobal,2020-06-03 06:00:00,TS,,18.9,-92.3,50,994
AL032020,Cristobal,2020-06-03 12:00:00,TS,,18.8,-92.2,50,993
AL032020,Cristobal,2020-06-03 13:00:00,TS,L,18.7,-92.1,50,993
AL032020,Cristobal,2020-06-03 18:00:00,TS,,18.5,-91.9,45,994
AL032020,Cristobal,2020-06-04 00:00:00,TS,,18.2,-91.7,40,995
AL032020,Cristobal,2020-06-04 06:00:00,TS,,17.9,-91.5,35,997
AL032020,Cristobal,2020-06-04 12:00:00,TD,,17.7,-91.2,30,999
AL032020,Cristobal,2020-06-04 18:00:00,TD,,17.6,-90.8,30,999
AL032020,Cristobal,2020-06-05 00:00:00,TD,,17.9,-90.4,30,999
AL032020,Cristobal,2020-06-05 06:00:00,TS,,18.6,-90.1,35,998
AL032020,Cristobal,2020-06-05 12:00:00,TS,,19.6,-89.9,40,997
AL032020,Cristobal,2020-06-05 18:00:00,TS,,20.8,-89.9,45,997
AL032020,Cristobal,2020-06-06 00:00:00,TS,,22.0,-90.0,50,996
AL032020,Cristobal,2020-06-06 06:00:00,TS,,23.0,-90.1,50,994
AL032020,Cristobal,2020-06-06 12:00:00,TS,,23.9,-90.2,45,992
AL032020,Cristobal,2020-06-06 18:00:00,TS,,24.8,-90.2,45,992
AL032020,Cristobal,2020-06-07 00:00:00,TS,,25.8,-90.1,45,992
AL032020,Cristobal,2020-06-07 06:00:00,TS,,26.9,-90.0,45,992
AL032020,Cristobal,2020-06-07 12:00:00,TS,,28.0,-89.9,45,991
AL032020,Cristobal,2020-06-07 18:00:00,TS,,29.0,-89.8,45,990
AL032020,Cristobal,2020-06-07 22:00:00,TS,L,29.3,-89.8,45,990
AL032020,Cristobal,2020-06-08 00:00:00,TS,,29.8,-89.9,45,990
AL032020,Cristobal,2020-06-08 06:00:00,TS,,30.6,-90.6,35,991
AL032020,Cristobal,2020-06-08 12:00:00,TD,,31.7,-91.5,30,993
AL032020,Cristobal,2020-06-08 18:00:00,TD,,32.9,-92.0,30,994
AL032020,Cristobal,2020-06-09 00:00:00,TD,,34.2,-92.1,25,994
AL032020,Cristobal,2020-06-09 06:00:00,TD,,35.8,-92.2,25,993
AL032020,Cristobal,2020-06-09 12:00:00,TD,,38.0,-92.1,25,991
AL032020,Cristobal,2020-06-09 18:00:00,TD,,40.3,-91.7,30,988
AL042020,Dolly,2020-06-22 12:00:00,SD,,38.4,-66.9,30,1009
AL042020,Dolly,2020-06-22 18:00:00,SD,,38.1,-66.2,30,1008
AL042020,Dolly,2020-06-23 00:00:00,SD,,38.5,-65.1,30,1007
AL042020,Dolly,2020-06-23 06:00:00,SS,,39.0,-63.9,35,1003
AL042020,Dolly,2020-06-23 12:00:00,TS,,39.4,-62.7,40,1000
AL042020,Dolly,2020-06-23 18:00:00,TS,,39.8,-61.6,40,1000
AL042020,Dolly,2020-06-24 00:00:00,TS,,40.2,-60.6,35,1002
AL052020,Edouard,2020-07-04 12:00:00,TD,,30.9,-69.4,30,1009
AL052020,Edouard,2020-07-04 18:00:00,TD,,31.5,-68.0,30,1007
AL052020,Edouard,2020-07-05 00:00:00,TD,,32.1,-67.0,30,1007
AL052020,Edouard,2020-07-05 06:00:00,TD,,32.9,-65.8,30,1007
AL052020,Edouard,2020-07-05 12:00:00,TD,,33.8,-64.2,30,1007
AL052020,Edouard,2020-07-05 18:00:00,TD,,35.0,-61.9,30,1007
AL052020,Edouard,2020-07-06 00:00:00,TS,,36.4,-58.5,35,1006
AL052020,Edouard,2020-07-06 06:00:00,TS,,38.1,-55.3,35,1006
AL052020,Edouard,2020-07-06 12:00:00,TS,,39.9,-51.7,40,1006
AL052020,Edouard,2020-07-06 18:00:00,TS,,41.7,-47.8,40,1005
AL062020,Fay,2020-07-09 18:00:00,TS,,35.4,-74.9,40,1006
AL062020,Fay,2020-07-10 00:00:00,TS,,36.0,-74.8,40,1005
AL062020,Fay,2020-07-10 06:00:00,TS,,36.8,-74.8,45,1004
AL062020,Fay,2020-07-10 12:00:00,TS,,37.7,-74.7,50,998
AL062020,Fay,2020-07-10 18:00:00,TS,,38.9,-74.4,50,998
AL062020,Fay,2020-07-10 20:00:00,TS,L,39.4,-74.4,45,999
AL062020,Fay,2020-07-11 00:00:00,TS,,40.2,-74.3,35,1000
AL072020,Gonzalo,2020-07-21 18:00:00,TD,,9.7,-40.0,30,1008
AL072020,Gonzalo,2020-07-22 00:00:00,TD,,9.8,-40.9,30,1008
AL072020,Gonzalo,2020-07-22 06:00:00,TS,,9.8,-41.9,35,1006
AL072020,Gonzalo,2020-07-22 12:00:00,TS,,9.9,-43.0,40,1003
AL072020,Gonzalo,2020-07-22 18:00:00,TS,,9.9,-44.2,45,1000
AL072020,Gonzalo,2020-07-23 00:00:00,TS,,9.9,-45.4,50,998
AL082020,Hanna,2020-07-23 00:00:00,TD,,25.7,-88.3,25,1009
AL072020,Gonzalo,2020-07-23 06:00:00,TS,,9.7,-46.6,55,997
AL082020,Hanna,2020-07-23 06:00:00,TD,,25.8,-89.0,25,1009
AL072020,Gonzalo,2020-07-23 12:00:00,TS,,9.7,-47.6,55,997
AL082020,Hanna,2020-07-23 12:00:00,TD,,25.9,-89.7,30,1009
AL072020,Gonzalo,2020-07-23 18:00:00,TS,,9.7,-48.8,50,1000
AL082020,Hanna,2020-07-23 18:00:00,TD,,26.0,-90.4,30,1006
AL072020,Gonzalo,2020-07-24 00:00:00,TS,,9.8,-50.2,50,1000
AL082020,Hanna,2020-07-24 00:00:00,TS,,26.2,-91.1,35,1002
AL072020,Gonzalo,2020-07-24 06:00:00,TS,,9.9,-51.6,50,1001
AL082020,Hanna,2020-07-24 06:00:00,TS,,26.6,-92.0,40,1001
AL072020,Gonzalo,2020-07-24 12:00:00,TS,,9.9,-53.3,45,1003
AL082020,Hanna,2020-07-24 12:00:00,TS,,27.1,-92.8,45,1000
AL072020,Gonzalo,2020-07-24 18:00:00,TS,,9.9,-54.8,35,1008
AL082020,Hanna,2020-07-24 18:00:00,TS,,27.2,-93.7,50,997
AL072020,Gonzalo,2020-07-25 00:00:00,TS,,10.0,-56.3,35,1008
AL082020,Hanna,2020-07-25 00:00:00,TS,,27.1,-94.5,55,993
AL072020,Gonzalo,2020-07-25 06:00:00,TS,,10.1,-57.9,35,1008
AL082020,Hanna,2020-07-25 06:00:00,TS,,27.1,-95.3,60,988
AL072020,Gonzalo,2020-07-25 12:00:00,TS,,10.3,-59.8,35,1008
AL082020,Hanna,2020-07-25 12:00:00,HU,,27.1,-96.0,70,981
AL072020,Gonzalo,2020-07-25 15:30:00,TD,L,10.5,-61.0,30,1009
AL072020,Gonzalo,2020-07-25 18:00:00,TD,,10.8,-62.1,30,1009
AL082020,Hanna,2020-07-25 18:00:00,HU,,26.9,-96.8,80,973
AL082020,Hanna,2020-07-25 22:00:00,HU,L,26.8,-97.3,80,973
AL082020,Hanna,2020-07-25 23:15:00,HU,L,26.7,-97.5,80,974
AL082020,Hanna,2020-07-26 00:00:00,HU,,26.7,-97.6,75,976
AL082020,Hanna,2020-07-26 06:00:00,TS,,26.5,-98.5,55,987
AL082020,Hanna,2020-07-26 12:00:00,TS,,26.2,-99.3,40,996
AL082020,Hanna,2020-07-26 18:00:00,TD,,25.8,-100.3,30,1000
AL092020,Isaias,2020-07-30 00:00:00,TS,,15.8,-65.7,45,1004
AL092020,Isaias,2020-07-30 06:00:00,TS,,16.7,-67.2,50,1003
AL092020,Isaias,2020-07-30 12:00:00,TS,,17.7,-68.5,55,1002
AL092020,Isaias,2020-07-30 16:15:00,TS,L,18.4,-69.3,55,1002
AL092020,Isaias,2020-07-30 18:00:00,TS,,18.9,-69.8,60,999
AL092020,Isaias,2020-07-31 00:00:00,HU,,19.9,-71.2,65,996
AL092020,Isaias,2020-07-31 06:00:00,HU,,20.5,-72.7,70,990
AL092020,Isaias,2020-07-31 09:00:00,HU,L,20.9,-73.4,70,990
AL092020,Isaias,2020-07-31 12:00:00,HU,,21.3,-74.0,65,992
AL092020,Isaias,2020-07-31 18:00:00,HU,,22.1,-75.1,70,990
AL102020,Ten,2020-07-31 18:00:00,TD,,15.5,-19.7,30,1008
AL092020,Isaias,2020-08-01 00:00:00,HU,,22.9,-75.9,75,987
AL102020,Ten,2020-08-01 00:00:00,TD,,16.5,-20.3,30,1008
AL092020,Isaias,2020-08-01 06:00:00,HU,,23.6,-76.7,75,987
AL102020,Ten,2020-08-01 06:00:00,TD,,17.4,-21.0,30,1008
AL092020,Isaias,2020-08-01 12:00:00,HU,,24.3,-77.5,70,987
AL102020,Ten,2020-08-01 12:00:00,TD,,18.3,-21.8,25,1009
AL092020,Isaias,2020-08-01 13:00:00,HU,L,24.4,-77.7,70,989
AL092020,Isaias,2020-08-01 18:00:00,TS,,24.8,-78.3,60,993
AL102020,Ten,2020-08-01 18:00:00,TD,,19.0,-23.0,25,1009
AL092020,Isaias,2020-08-02 00:00:00,TS,,25.3,-78.9,60,995
AL092020,Isaias,2020-08-02 06:00:00,TS,,25.9,-79.2,55,996
AL092020,Isaias,2020-08-02 12:00:00,TS,,26.6,-79.5,55,995
AL092020,Isaias,2020-08-02 18:00:00,TS,,27.4,-79.6,60,995
AL092020,Isaias,2020-08-03 00:00:00,TS,,28.2,-79.7,60,995
AL092020,Isaias,2020-08-03 06:00:00,TS,,29.1,-79.9,60,995
AL092020,Isaias,2020-08-03 12:00:00,TS,,30.1,-80.0,60,995
AL092020,Isaias,2020-08-03 18:00:00,HU,,31.2,-79.7,65,991
AL092020,Isaias,2020-08-04 00:00:00,HU,,32.8,-79.1,80,986
AL092020,Isaias,2020-08-04 03:10:00,HU,L,33.9,-78.5,80,986
AL092020,Isaias,2020-08-04 06:00:00,TS,,35.0,-78.1,60,992
AL092020,Isaias,2020-08-04 12:00:00,TS,,37.7,-76.8,60,993
AL092020,Isaias,2020-08-04 18:00:00,TS,,40.9,-75.1,55,994
AL112020,Josephine,2020-08-11 06:00:00,TD,,11.4,-36.8,30,1008
AL112020,Josephine,2020-08-11 12:00:00,TD,,11.5,-38.2,30,1008
AL112020,Josephine,2020-08-11 18:00:00,TD,,11.7,-39.6,30,1008
AL112020,Josephine,2020-08-12 00:00:00,TD,,11.9,-41.0,30,1008
AL112020,Josephine,2020-08-12 06:00:00,TD,,12.0,-42.3,30,1008
AL112020,Josephine,2020-08-12 12:00:00,TD,,12.1,-43.7,30,1007
AL112020,Josephine,2020-08-12 18:00:00,TD,,12.2,-44.9,30,1007
AL112020,Josephine,2020-08-13 00:00:00,TD,,12.4,-46.1,30,1007
AL112020,Josephine,2020-08-13 06:00:00,TD,,12.7,-47.3,30,1007
AL112020,Josephine,2020-08-13 12:00:00,TS,,13.4,-48.6,40,1005
AL112020,Josephine,2020-08-13 18:00:00,TS,,14.0,-50.0,40,1005
AL112020,Josephine,2020-08-14 00:00:00,TS,,14.5,-51.3,35,1005
AL112020,Josephine,2020-08-14 06:00:00,TS,,15.1,-52.8,35,1005
AL112020,Josephine,2020-08-14 12:00:00,TS,,16.2,-54.2,35,1005
AL122020,Kyle,2020-08-14 12:00:00,TS,,36.6,-74.2,35,1008
AL112020,Josephine,2020-08-14 18:00:00,TS,,17.4,-55.6,40,1004
AL122020,Kyle,2020-08-14 18:00:00,TS,,37.4,-72.6,35,1007
AL112020,Josephine,2020-08-15 00:00:00,TS,,18.0,-56.9,40,1004
AL122020,Kyle,2020-08-15 00:00:00,TS,,38.0,-71.0,40,1005
AL112020,Josephine,2020-08-15 06:00:00,TS,,18.4,-58.3,40,1005
AL122020,Kyle,2020-08-15 06:00:00,TS,,38.4,-69.1,45,1003
AL112020,Josephine,2020-08-15 12:00:00,TS,,18.8,-59.7,35,1007
AL122020,Kyle,2020-08-15 12:00:00,TS,,38.8,-66.7,45,1000
AL112020,Josephine,2020-08-15 18:00:00,TS,,19.6,-60.9,35,1009
AL122020,Kyle,2020-08-15 18:00:00,TS,,39.3,-64.2,40,1001
AL112020,Josephine,2020-08-16 00:00:00,TS,,19.8,-62.1,35,1009
AL112020,Josephine,2020-08-16 06:00:00,TD,,20.0,-63.4,30,1010
AL112020,Josephine,2020-08-16 12:00:00,TD,,20.2,-64.5,30,1010
AL132020,Laura,2020-08-20 00:00:00,TD,,14.4,-47.3,30,1008
AL132020,Laura,2020-08-20 06:00:00,TD,,15.4,-49.6,30,1008
AL132020,Laura,2020-08-20 12:00:00,TD,,16.1,-51.6,30,1008
AL132020,Laura,2020-08-20 18:00:00,TD,,16.6,-53.4,30,1008
AL132020,Laura,2020-08-21 00:00:00,TD,,16.8,-55.5,30,1008
AL132020,Laura,2020-08-21 06:00:00,TD,,16.9,-57.5,30,1008
AL142020,Marco,2020-08-21 06:00:00,TD,,15.3,-82.9,30,1007
AL132020,Laura,2020-08-21 12:00:00,TS,,17.0,-59.4,40,1008
AL142020,Marco,2020-08-21 12:00:00,TD,,16.3,-83.7,30,1008
AL132020,Laura,2020-08-21 18:00:00,TS,,17.1,-61.1,40,1007
AL142020,Marco,2020-08-21 18:00:00,TD,,17.4,-84.2,30,1007
AL132020,Laura,2020-08-21 20:30:00,TS,L,17.1,-61.8,40,1007
AL132020,Laura,2020-08-21 23:30:00,TS,L,17.1,-62.6,40,1007
AL132020,Laura,2020-08-22 00:00:00,TS,,17.1,-62.8,40,1007
AL142020,Marco,2020-08-22 00:00:00,TS,,18.3,-84.6,35,1006
AL132020,Laura,2020-08-22 06:00:00,TS,,17.4,-64.4,40,1007
AL142020,Marco,2020-08-22 06:00:00,TS,,19.2,-85.1,40,1004
AL132020,Laura,2020-08-22 12:00:00,TS,,17.7,-65.9,45,1006
AL142020,Marco,2020-08-22 12:00:00,TS,,20.3,-85.2,55,993
AL132020,Laura,2020-08-22 18:00:00,TS,,17.9,-67.4,45,1004
AL142020,Marco,2020-08-22 18:00:00,TS,,21.3,-85.5,55,992
AL132020,Laura,2020-08-23 00:00:00,TS,,18.2,-68.8,45,1004
AL142020,Marco,2020-08-23 00:00:00,TS,,22.2,-86.1,55,994
AL132020,Laura,2020-08-23 04:30:00,TS,L,18.4,-70.0,45,1004
AL132020,Laura,2020-08-23 06:00:00,TS,,18.5,-70.3,45,1004
AL142020,Marco,2020-08-23 06:00:00,TS,,23.2,-86.7,60,994
AL132020,Laura,2020-08-23 12:00:00,TS,,18.8,-72.3,45,1004
AL142020,Marco,2020-08-23 12:00:00,HU,,24.3,-87.2,65,991
AL132020,Laura,2020-08-23 18:00:00,TS,,19.4,-74.3,55,1002
AL142020,Marco,2020-08-23 18:00:00,HU,,25.3,-87.4,65,992
AL132020,Laura,2020-08-24 00:00:00,TS,,19.8,-76.0,55,1000
AL142020,Marco,2020-08-24 00:00:00,TS,,26.4,-87.6,55,997
AL132020,Laura,2020-08-24 02:00:00,TS,L,20.0,-76.6,55,1000
AL132020,Laura,2020-08-24 06:00:00,TS,,20.2,-77.8,50,1000
AL142020,Marco,2020-08-24 06:00:00,TS,,27.3,-87.9,50,1003
AL132020,Laura,2020-08-24 12:00:00,TS,,20.8,-79.7,50,1002
AL142020,Marco,2020-08-24 12:00:00,TS,,28.1,-88.3,45,1006
AL132020,Laura,2020-08-24 18:00:00,TS,,21.5,-81.5,50,1001
AL142020,Marco,2020-08-24 18:00:00,TS,,28.7,-88.6,40,1007
AL132020,Laura,2020-08-25 00:00:00,TS,L,22.3,-83.3,55,998
AL142020,Marco,2020-08-25 00:00:00,TS,,28.9,-89.3,35,1006
AL132020,Laura,2020-08-25 06:00:00,TS,,22.8,-84.8,60,995
AL132020,Laura,2020-08-25 12:00:00,HU,,23.4,-86.2,65,990
AL132020,Laura,2020-08-25 18:00:00,HU,,24.1,-87.5,70,990
AL132020,Laura,2020-08-26 00:00:00,HU,,24.9,-88.9,75,983
AL132020,Laura,2020-08-26 06:00:00,HU,,25.6,-90.2,90,978
AL132020,Laura,2020-08-26 12:00:00,HU,,26.4,-91.4,100,963
AL132020,Laura,2020-08-26 18:00:00,HU,,27.3,-92.5,120,952
AL132020,Laura,2020-08-27 00:00:00,HU,,28.5,-93.0,130,937
AL132020,Laura,2020-08-27 06:00:00,HU,L,29.8,-93.3,130,939
AL132020,Laura,2020-08-27 12:00:00,HU,,31.2,-93.3,85,970
AL132020,Laura,2020-08-27 18:00:00,TS,,32.8,-92.9,55,988
AL132020,Laura,2020-08-28 00:00:00,TS,,34.4,-92.5,35,993
AL132020,Laura,2020-08-28 06:00:00,TD,,35.4,-92.0,25,998
AL132020,Laura,2020-08-28 12:00:00,TD,,36.1,-91.2,25,1000
AL132020,Laura,2020-08-28 18:00:00,TD,,37.0,-90.0,25,1003
AL132020,Laura,2020-08-29 00:00:00,TD,,37.5,-88.0,25,1004
AL152020,Omar,2020-08-31 06:00:00,TD,,30.6,-78.2,30,1009
AL152020,Omar,2020-08-31 12:00:00,TD,,31.5,-77.4,30,1009
AL152020,Omar,2020-08-31 18:00:00,TD,,32.2,-76.9,30,1008
AL152020,Omar,2020-09-01 00:00:00,TD,,32.9,-76.2,30,1007
AL152020,Omar,2020-09-01 06:00:00,TD,,33.8,-75.0,30,1005
AL162020,Nana,2020-09-01 06:00:00,TS,,15.9,-75.2,35,1006
AL152020,Omar,2020-09-01 12:00:00,TS,,34.6,-73.7,35,1003
AL162020,Nana,2020-09-01 12:00:00,TS,,16.3,-76.8,40,1004
AL152020,Omar,2020-09-01 18:00:00,TS,,35.2,-72.2,35,1003
AL162020,Nana,2020-09-01 18:00:00,TS,,16.7,-78.4,50,1002
AL152020,Omar,2020-09-02 00:00:00,TS,,35.8,-70.7,35,1003
AL162020,Nana,2020-09-02 00:00:00,TS,,17.0,-80.1,50,1000
AL152020,Omar,2020-09-02 06:00:00,TS,,36.1,-69.3,35,1003
AL162020,Nana,2020-09-02 06:00:00,TS,,17.0,-81.9,50,998
AL152020,Omar,2020-09-02 12:00:00,TS,,36.2,-68.0,35,1003
AL162020,Nana,2020-09-02 12:00:00,TS,,17.1,-83.7,50,998
AL152020,Omar,2020-09-02 18:00:00,TS,,36.2,-66.4,35,1004
AL162020,Nana,2020-09-02 18:00:00,TS,,17.1,-85.3,50,998
AL152020,Omar,2020-09-03 00:00:00,TD,,36.2,-64.8,30,1005
AL162020,Nana,2020-09-03 00:00:00,TS,,17.0,-86.8,60,994
AL162020,Nana,2020-09-03 03:00:00,HU,I,16.9,-87.5,65,994
AL152020,Omar,2020-09-03 06:00:00,TD,,36.1,-63.0,30,1005
AL162020,Nana,2020-09-03 06:00:00,HU,L,16.8,-88.3,65,994
AL152020,Omar,2020-09-03 12:00:00,TD,,36.1,-61.7,30,1005
AL162020,Nana,2020-09-03 12:00:00,TS,,16.4,-89.6,45,1001
AL152020,Omar,2020-09-03 18:00:00,TD,,35.6,-60.5,30,1005
AL162020,Nana,2020-09-03 18:00:00,TD,,16.1,-90.5,30,1005
AL152020,Omar,2020-09-04 00:00:00,TD,,35.3,-59.5,30,1006
AL152020,Omar,2020-09-04 06:00:00,TD,,35.3,-58.8,30,1006
AL152020,Omar,2020-09-04 12:00:00,TD,,35.3,-58.0,30,1006
AL152020,Omar,2020-09-04 18:00:00,TD,,35.3,-57.5,30,1006
AL152020,Omar,2020-09-05 00:00:00,TD,,35.5,-57.3,30,1007
AL152020,Omar,2020-09-05 06:00:00,TD,,36.0,-57.3,30,1008
AL152020,Omar,2020-09-05 12:00:00,TD,,36.8,-57.3,30,1009
AL172020,Paulette,2020-09-07 00:00:00,TD,,16.9,-41.3,30,1006
AL172020,Paulette,2020-09-07 06:00:00,TD,,17.0,-41.8,30,1006
AL182020,Rene,2020-09-07 06:00:00,TD,,15.2,-19.8,30,1004
AL172020,Paulette,2020-09-07 12:00:00,TS,,17.1,-42.1,35,1005
AL182020,Rene,2020-09-07 12:00:00,TD,,15.6,-20.7,30,1003
AL172020,Paulette,2020-09-07 18:00:00,TS,,17.3,-42.3,35,1005
AL182020,Rene,2020-09-07 18:00:00,TS,,15.9,-21.8,35,1002
AL172020,Paulette,2020-09-08 00:00:00,TS,,17.6,-42.4,40,1004
AL182020,Rene,2020-09-08 00:00:00,TS,,16.1,-22.9,35,1001
AL172020,Paulette,2020-09-08 06:00:00,TS,,17.9,-42.6,45,1000
AL182020,Rene,2020-09-08 06:00:00,TS,,16.3,-24.2,35,1001
AL172020,Paulette,2020-09-08 12:00:00,TS,,18.3,-43.0,50,997
AL182020,Rene,2020-09-08 12:00:00,TS,,16.4,-25.7,35,1001
AL172020,Paulette,2020-09-08 18:00:00,TS,,18.6,-43.7,50,997
AL182020,Rene,2020-09-08 18:00:00,TD,,16.6,-27.1,30,1003
AL172020,Paulette,2020-09-09 00:00:00,TS,,18.9,-44.5,50,997
AL182020,Rene,2020-09-09 00:00:00,TD,,16.8,-28.6,30,1004
AL172020,Paulette,2020-09-09 06:00:00,TS,,19.2,-45.2,50,997
AL182020,Rene,2020-09-09 06:00:00,TD,,17.1,-30.0,30,1004
AL172020,Paulette,2020-09-09 12:00:00,TS,,19.6,-46.0,50,996
AL182020,Rene,2020-09-09 12:00:00,TS,,17.3,-31.2,35,1003
AL172020,Paulette,2020-09-09 18:00:00,TS,,20.0,-46.8,50,996
AL182020,Rene,2020-09-09 18:00:00,TS,,17.6,-32.4,35,1003
AL172020,Paulette,2020-09-10 00:00:00,TS,,20.4,-47.6,50,996
AL182020,Rene,2020-09-10 00:00:00,TS,,17.9,-33.5,35,1003
AL172020,Paulette,2020-09-10 06:00:00,TS,,20.8,-48.3,50,996
AL182020,Rene,2020-09-10 06:00:00,TS,,18.1,-34.4,35,1003
AL172020,Paulette,2020-09-10 12:00:00,TS,,21.3,-48.9,45,998
AL182020,Rene,2020-09-10 12:00:00,TS,,18.4,-35.3,40,1002
AL172020,Paulette,2020-09-10 18:00:00,TS,,21.8,-49.6,45,998
AL182020,Rene,2020-09-10 18:00:00,TS,,18.8,-36.3,40,1002
AL172020,Paulette,2020-09-11 00:00:00,TS,,22.3,-50.3,50,994
AL182020,Rene,2020-09-11 00:00:00,TS,,19.1,-37.2,35,1003
AL172020,Paulette,2020-09-11 06:00:00,TS,,22.8,-51.1,55,991
AL182020,Rene,2020-09-11 06:00:00,TS,,19.5,-38.2,35,1003
AL172020,Paulette,2020-09-11 12:00:00,TS,,23.4,-52.1,55,990
AL182020,Rene,2020-09-11 12:00:00,TS,,19.9,-39.3,35,1004
AL172020,Paulette,2020-09-11 18:00:00,TS,,24.3,-53.1,55,989
AL182020,Rene,2020-09-11 18:00:00,TS,,20.4,-40.6,35,1004
AL192020,Sally,2020-09-11 18:00:00,TD,,25.4,-78.6,30,1007
AL172020,Paulette,2020-09-12 00:00:00,TS,,25.4,-54.3,60,987
AL182020,Rene,2020-09-12 00:00:00,TS,,21.1,-41.8,35,1004
AL192020,Sally,2020-09-12 00:00:00,TD,,25.6,-79.4,30,1004
AL172020,Paulette,2020-09-12 06:00:00,TS,,26.4,-55.6,60,986
AL182020,Rene,2020-09-12 06:00:00,TS,,21.9,-42.9,35,1004
AL192020,Sally,2020-09-12 06:00:00,TD,L,25.6,-80.2,30,1003
AL202020,Teddy,2020-09-12 06:00:00,TD,,11.0,-31.4,25,1007
AL172020,Paulette,2020-09-12 12:00:00,TS,,27.3,-56.7,60,985
AL182020,Rene,2020-09-12 12:00:00,TD,,22.8,-44.0,30,1006
AL192020,Sally,2020-09-12 12:00:00,TS,,25.5,-80.8,35,1003
AL202020,Teddy,2020-09-12 12:00:00,TD,,11.2,-32.4,30,1006
AL172020,Paulette,2020-09-12 18:00:00,TS,,28.0,-57.8,60,984
AL182020,Rene,2020-09-12 18:00:00,TD,,23.7,-45.0,30,1007
AL192020,Sally,2020-09-12 18:00:00,TS,,25.6,-81.6,35,1003
AL202020,Teddy,2020-09-12 18:00:00,TD,,11.4,-33.3,30,1005
AL172020,Paulette,2020-09-13 00:00:00,HU,,28.6,-59.1,65,981
AL182020,Rene,2020-09-13 00:00:00,TD,,24.7,-46.0,30,1008
AL192020,Sally,2020-09-13 00:00:00,TS,,26.0,-82.5,35,1003
AL202020,Teddy,2020-09-13 00:00:00,TD,,11.6,-34.2,30,1005
AL172020,Paulette,2020-09-13 06:00:00,HU,,29.1,-60.3,65,980
AL182020,Rene,2020-09-13 06:00:00,TD,,25.8,-46.9,30,1009
AL192020,Sally,2020-09-13 06:00:00,TS,,26.7,-83.5,45,1001
AL202020,Teddy,2020-09-13 06:00:00,TD,,11.9,-35.1,30,1005
AL172020,Paulette,2020-09-13 12:00:00,HU,,29.6,-61.4,70,976
AL182020,Rene,2020-09-13 12:00:00,TD,,26.7,-47.3,30,1009
AL192020,Sally,2020-09-13 12:00:00,TS,,27.2,-84.5,50,996
AL202020,Teddy,2020-09-13 12:00:00,TD,,12.2,-36.2,30,1006
AL172020,Paulette,2020-09-13 18:00:00,HU,,30.2,-62.6,75,974
AL182020,Rene,2020-09-13 18:00:00,TD,,27.4,-47.5,25,1009
AL192020,Sally,2020-09-13 18:00:00,TS,,27.6,-85.4,50,996
AL202020,Teddy,2020-09-13 18:00:00,TD,,12.6,-37.4,30,1006
AL172020,Paulette,2020-09-14 00:00:00,HU,,30.9,-63.6,75,974
AL182020,Rene,2020-09-14 00:00:00,TD,,27.5,-47.8,25,1009
AL192020,Sally,2020-09-14 00:00:00,TS,,27.9,-86.0,50,996
AL202020,Teddy,2020-09-14 00:00:00,TS,,12.9,-38.7,35,1004
AL212020,Vicky,2020-09-14 00:00:00,TD,,17.5,-28.2,30,1008
AL172020,Paulette,2020-09-14 06:00:00,HU,,31.8,-64.4,80,973
AL182020,Rene,2020-09-14 06:00:00,TD,,27.6,-48.0,25,1009
AL192020,Sally,2020-09-14 06:00:00,TS,,28.2,-86.5,55,996
AL202020,Teddy,2020-09-14 06:00:00,TS,,12.9,-40.4,35,1004
AL212020,Vicky,2020-09-14 06:00:00,TS,,18.0,-28.3,35,1006
AL172020,Paulette,2020-09-14 08:50:00,HU,L,32.3,-64.7,85,971
AL172020,Paulette,2020-09-14 12:00:00,HU,,32.9,-64.9,85,968
AL182020,Rene,2020-09-14 12:00:00,TD,,27.5,-48.4,25,1009
AL192020,Sally,2020-09-14 12:00:00,HU,,28.4,-86.9,65,991
AL202020,Teddy,2020-09-14 12:00:00,TS,,12.9,-42.1,35,1004
AL212020,Vicky,2020-09-14 12:00:00,TS,,18.5,-28.6,40,1003
AL172020,Paulette,2020-09-14 18:00:00,HU,,33.9,-64.4,90,965
AL192020,Sally,2020-09-14 18:00:00,HU,,28.6,-87.3,75,986
AL202020,Teddy,2020-09-14 18:00:00,TS,,12.9,-43.4,40,1003
AL212020,Vicky,2020-09-14 18:00:00,TS,,19.0,-29.1,45,1002
AL172020,Paulette,2020-09-15 00:00:00,HU,,35.1,-63.3,90,965
AL192020,Sally,2020-09-15 00:00:00,HU,,28.7,-87.7,75,986
AL202020,Teddy,2020-09-15 00:00:00,TS,,13.0,-44.5,45,1002
AL212020,Vicky,2020-09-15 00:00:00,TS,,19.5,-29.6,45,1002
AL172020,Paulette,2020-09-15 06:00:00,HU,,36.3,-62.0,90,965
AL192020,Sally,2020-09-15 06:00:00,HU,,28.8,-88.0,70,984
AL202020,Teddy,2020-09-15 06:00:00,TS,,13.4,-45.5,50,1001
AL212020,Vicky,2020-09-15 06:00:00,TS,,20.0,-30.1,45,1002
AL172020,Paulette,2020-09-15 12:00:00,HU,,37.6,-59.5,90,965
AL192020,Sally,2020-09-15 12:00:00,HU,,29.0,-88.1,70,982
AL202020,Teddy,2020-09-15 12:00:00,TS,,13.8,-46.6,55,999
AL212020,Vicky,2020-09-15 12:00:00,TS,,20.5,-30.8,45,1001
AL172020,Paulette,2020-09-15 18:00:00,HU,,38.7,-56.7,85,966
AL192020,Sally,2020-09-15 18:00:00,HU,,29.3,-88.1,70,981
AL202020,Teddy,2020-09-15 18:00:00,TS,,14.2,-47.4,55,997
AL212020,Vicky,2020-09-15 18:00:00,TS,,21.0,-31.6,45,1001
AL172020,Paulette,2020-09-16 00:00:00,HU,,40.0,-54.0,85,966
AL192020,Sally,2020-09-16 00:00:00,HU,,29.6,-88.0,75,975
AL202020,Teddy,2020-09-16 00:00:00,HU,,14.7,-48.0,65,987
AL212020,Vicky,2020-09-16 00:00:00,TS,,21.4,-32.6,45,1004
AL172020,Paulette,2020-09-16 06:00:00,HU,,41.2,-50.8,80,968
AL192020,Sally,2020-09-16 06:00:00,HU,,29.9,-87.9,95,967
AL202020,Teddy,2020-09-16 06:00:00,HU,,15.4,-48.6,80,978
AL212020,Vicky,2020-09-16 06:00:00,TS,,21.5,-33.5,40,1005
AL192020,Sally,2020-09-16 09:45:00,HU,L,30.3,-87.7,95,965
AL192020,Sally,2020-09-16 12:00:00,HU,,30.5,-87.6,85,967
AL202020,Teddy,2020-09-16 12:00:00,HU,,16.1,-49.3,85,972
AL212020,Vicky,2020-09-16 12:00:00,TS,,21.4,-34.3,35,1007
AL192020,Sally,2020-09-16 18:00:00,TS,,31.1,-87.2,60,982
AL202020,Teddy,2020-09-16 18:00:00,HU,,16.8,-50.2,85,972
AL212020,Vicky,2020-09-16 18:00:00,TS,,21.5,-35.0,35,1007
AL192020,Sally,2020-09-17 00:00:00,TS,,31.6,-86.7,35,994
AL202020,Teddy,2020-09-17 00:00:00,HU,,17.4,-51.1,85,970
AL212020,Vicky,2020-09-17 00:00:00,TS,,21.6,-35.6,35,1007
AL192020,Sally,2020-09-17 06:00:00,TD,,32.1,-86.1,30,1000
AL202020,Teddy,2020-09-17 06:00:00,HU,,18.1,-52.0,90,966
AL212020,Vicky,2020-09-17 06:00:00,TS,,21.7,-36.4,35,1008
AL242020,Alpha,2020-09-17 06:00:00,SS,,38.3,-18.1,35,1002
AL202020,Teddy,2020-09-17 12:00:00,HU,,18.9,-52.8,100,960
AL212020,Vicky,2020-09-17 12:00:00,TD,,21.6,-37.6,30,1008
AL222020,Beta,2020-09-17 12:00:00,TD,,21.5,-94.7,30,1007
AL242020,Alpha,2020-09-17 12:00:00,SS,,37.7,-17.3,35,1002
AL202020,Teddy,2020-09-17 18:00:00,HU,,19.7,-53.7,115,948
AL212020,Vicky,2020-09-17 18:00:00,TD,,21.3,-38.7,25,1008
AL222020,Beta,2020-09-17 18:00:00,TD,,21.8,-94.4,30,1005
AL232020,Wilfred,2020-09-17 18:00:00,TS,,10.8,-28.1,35,1007
AL242020,Alpha,2020-09-17 18:00:00,SS,,36.7,-15.6,40,999
AL202020,Teddy,2020-09-18 00:00:00,HU,,20.4,-54.4,120,945
AL222020,Beta,2020-09-18 00:00:00,TD,,22.0,-94.2,30,1005
AL232020,Wilfred,2020-09-18 00:00:00,TS,,11.1,-29.3,35,1006
AL242020,Alpha,2020-09-18 00:00:00,SS,,36.7,-13.1,45,996
AL202020,Teddy,2020-09-18 06:00:00,HU,,21.1,-55.1,115,946
AL222020,Beta,2020-09-18 06:00:00,TD,,22.6,-94.1,30,1005
AL232020,Wilfred,2020-09-18 06:00:00,TS,,11.4,-30.6,35,1006
AL242020,Alpha,2020-09-18 06:00:00,SS,,37.9,-11.4,45,996
AL202020,Teddy,2020-09-18 12:00:00,HU,,21.7,-55.8,110,947
AL222020,Beta,2020-09-18 12:00:00,TD,,23.2,-93.8,30,1005
AL232020,Wilfred,2020-09-18 12:00:00,TS,,11.7,-32.0,35,1006
AL242020,Alpha,2020-09-18 12:00:00,SS,,38.9,-10.3,45,996
AL202020,Teddy,2020-09-18 18:00:00,HU,,22.5,-56.5,105,949
AL222020,Beta,2020-09-18 18:00:00,TS,,24.1,-93.1,40,1003
AL232020,Wilfred,2020-09-18 18:00:00,TS,,12.0,-33.5,35,1006
AL242020,Alpha,2020-09-18 18:00:00,SS,,39.9,-9.1,45,996
AL242020,Alpha,2020-09-18 18:40:00,SS,L,40.0,-8.9,45,996
AL202020,Teddy,2020-09-19 00:00:00,HU,,23.5,-57.2,105,945
AL222020,Beta,2020-09-19 00:00:00,TS,,25.2,-92.3,50,1000
AL232020,Wilfred,2020-09-19 00:00:00,TS,,12.4,-35.0,35,1006
AL242020,Alpha,2020-09-19 00:00:00,SD,,40.6,-7.6,30,1004
AL202020,Teddy,2020-09-19 06:00:00,HU,,24.4,-57.9,100,947
AL222020,Beta,2020-09-19 06:00:00,TS,,25.8,-92.3,50,996
AL232020,Wilfred,2020-09-19 06:00:00,TS,,12.8,-36.2,35,1006
AL202020,Teddy,2020-09-19 12:00:00,HU,,25.4,-58.7,100,950
AL222020,Beta,2020-09-19 12:00:00,TS,,26.4,-92.4,50,994
AL232020,Wilfred,2020-09-19 12:00:00,TS,,13.2,-37.3,35,1006
AL202020,Teddy,2020-09-19 18:00:00,HU,,26.2,-59.7,100,953
AL222020,Beta,2020-09-19 18:00:00,TS,,26.6,-92.2,50,995
AL232020,Wilfred,2020-09-19 18:00:00,TS,,13.7,-38.5,35,1006
AL202020,Teddy,2020-09-20 00:00:00,HU,,26.9,-60.8,95,956
AL222020,Beta,2020-09-20 00:00:00,TS,,26.8,-92.1,50,997
AL232020,Wilfred,2020-09-20 00:00:00,TS,,14.3,-39.9,35,1007
AL202020,Teddy,2020-09-20 06:00:00,HU,,27.5,-61.9,90,958
AL222020,Beta,2020-09-20 06:00:00,TS,,26.9,-92.5,50,998
AL232020,Wilfred,2020-09-20 06:00:00,TS,,14.9,-41.5,35,1007
AL202020,Teddy,2020-09-20 12:00:00,HU,,28.0,-62.6,85,963
AL222020,Beta,2020-09-20 12:00:00,TS,,27.1,-92.8,50,996
AL232020,Wilfred,2020-09-20 12:00:00,TD,,15.4,-43.2,30,1008
AL172020,Paulette,2020-09-20 18:00:00,TS,,34.7,-30.6,35,1008
AL202020,Teddy,2020-09-20 18:00:00,HU,,28.5,-63.3,80,964
AL222020,Beta,2020-09-20 18:00:00,TS,,27.5,-93.6,55,996
AL232020,Wilfred,2020-09-20 18:00:00,TD,,15.8,-45.0,30,1009
AL172020,Paulette,2020-09-21 00:00:00,TS,,34.1,-31.2,35,1008
AL202020,Teddy,2020-09-21 00:00:00,HU,,29.0,-63.7,80,963
AL222020,Beta,2020-09-21 00:00:00,TS,,27.5,-94.1,50,993
AL232020,Wilfred,2020-09-21 00:00:00,TD,,15.8,-46.7,30,1009
AL172020,Paulette,2020-09-21 06:00:00,TS,,33.3,-31.2,35,1008
AL202020,Teddy,2020-09-21 06:00:00,HU,,29.7,-63.5,80,962
AL222020,Beta,2020-09-21 06:00:00,TS,,27.6,-94.8,45,995
AL172020,Paulette,2020-09-21 12:00:00,TS,,32.9,-29.8,35,1008
AL202020,Teddy,2020-09-21 12:00:00,HU,,30.5,-62.9,80,960
AL222020,Beta,2020-09-21 12:00:00,TS,,27.8,-95.5,45,997
AL172020,Paulette,2020-09-21 18:00:00,TS,,33.3,-28.1,40,1008
AL202020,Teddy,2020-09-21 18:00:00,HU,,32.2,-61.8,80,958
AL222020,Beta,2020-09-21 18:00:00,TS,,28.1,-96.0,40,999
AL172020,Paulette,2020-09-22 00:00:00,TS,,33.8,-26.3,50,1004
AL202020,Teddy,2020-09-22 00:00:00,HU,,34.6,-61.4,85,956
AL222020,Beta,2020-09-22 00:00:00,TS,,28.3,-96.3,45,998
AL222020,Beta,2020-09-22 02:45:00,TS,L,28.4,-96.4,45,997
AL172020,Paulette,2020-09-22 06:00:00,TS,,34.5,-24.6,50,1002
AL202020,Teddy,2020-09-22 06:00:00,HU,,37.6,-62.1,90,952
AL222020,Beta,2020-09-22 06:00:00,TS,,28.6,-96.6,40,999
AL202020,Teddy,2020-09-22 12:00:00,HU,,39.1,-63.5,90,949
AL222020,Beta,2020-09-22 12:00:00,TS,,28.8,-96.8,35,1002
AL202020,Teddy,2020-09-22 18:00:00,HU,,40.3,-64.2,80,952
AL222020,Beta,2020-09-22 18:00:00,TD,,28.9,-96.5,25,1006
AL202020,Teddy,2020-09-23 00:00:00,HU,,41.8,-64.2,65,954
AL252020,Gamma,2020-10-02 06:00:00,TD,,17.2,-83.9,30,1006
AL252020,Gamma,2020-10-02 12:00:00,TD,,17.8,-84.4,30,1005
AL252020,Gamma,2020-10-02 18:00:00,TS,,18.4,-85.0,35,1002
AL252020,Gamma,2020-10-03 00:00:00,TS,,18.8,-85.8,40,998
AL252020,Gamma,2020-10-03 06:00:00,TS,,19.2,-86.6,45,995
AL252020,Gamma,2020-10-03 12:00:00,TS,,19.7,-87.1,55,986
AL252020,Gamma,2020-10-03 16:45:00,HU,L,20.2,-87.4,65,978
AL252020,Gamma,2020-10-03 18:00:00,TS,,20.4,-87.5,60,980
AL252020,Gamma,2020-10-04 00:00:00,TS,,21.0,-87.9,50,991
AL252020,Gamma,2020-10-04 06:00:00,TS,,21.8,-88.2,45,997
AL252020,Gamma,2020-10-04 12:00:00,TS,,22.3,-88.1,50,995
AL252020,Gamma,2020-10-04 18:00:00,TS,,22.7,-87.7,55,994
AL262020,Delta,2020-10-04 18:00:00,TD,,16.4,-76.2,30,1006
AL252020,Gamma,2020-10-05 00:00:00,TS,,22.9,-87.4,50,998
AL262020,Delta,2020-10-05 00:00:00,TD,,16.4,-77.0,30,1006
AL252020,Gamma,2020-10-05 06:00:00,TS,,22.8,-87.4,45,999
AL262020,Delta,2020-10-05 06:00:00,TD,,16.4,-77.7,30,1006
AL252020,Gamma,2020-10-05 12:00:00,TS,,22.6,-87.5,40,1001
AL262020,Delta,2020-10-05 12:00:00,TS,,16.4,-78.4,40,1004
AL252020,Gamma,2020-10-05 18:00:00,TD,,22.3,-87.9,30,1005
AL262020,Delta,2020-10-05 18:00:00,TS,,16.4,-79.1,55,985
AL252020,Gamma,2020-10-06 00:00:00,TD,,21.9,-88.2,30,1005
AL262020,Delta,2020-10-06 00:00:00,HU,,16.6,-79.8,65,980
AL252020,Gamma,2020-10-06 03:00:00,TD,L,21.6,-88.4,30,1005
AL252020,Gamma,2020-10-06 06:00:00,TD,,21.3,-88.5,30,1005
AL262020,Delta,2020-10-06 06:00:00,HU,,17.1,-80.7,75,973
AL252020,Gamma,2020-10-06 12:00:00,TD,,20.6,-88.5,25,1007
AL262020,Delta,2020-10-06 12:00:00,HU,,17.8,-82.0,100,959
AL262020,Delta,2020-10-06 18:00:00,HU,,18.5,-83.3,120,953
AL262020,Delta,2020-10-07 00:00:00,HU,,19.3,-84.6,100,962
AL262020,Delta,2020-10-07 06:00:00,HU,,20.1,-85.9,90,968
AL262020,Delta,2020-10-07 10:30:00,HU,L,20.8,-86.9,90,971
AL262020,Delta,2020-10-07 12:00:00,HU,,21.1,-87.4,85,973
AL262020,Delta,2020-10-07 18:00:00,HU,,21.7,-88.8,75,978
AL262020,Delta,2020-10-08 00:00:00,HU,,22.3,-90.2,80,973
AL262020,Delta,2020-10-08 06:00:00,HU,,23.0,-91.4,85,973
AL262020,Delta,2020-10-08 12:00:00,HU,,23.7,-92.4,90,969
AL262020,Delta,2020-10-08 18:00:00,HU,,24.5,-93.1,100,960
AL262020,Delta,2020-10-09 00:00:00,HU,,25.3,-93.5,105,953
AL262020,Delta,2020-10-09 06:00:00,HU,,26.3,-93.7,105,953
AL262020,Delta,2020-10-09 12:00:00,HU,,27.5,-93.8,100,958
AL262020,Delta,2020-10-09 18:00:00,HU,,28.7,-93.6,90,966
AL262020,Delta,2020-10-09 23:00:00,HU,L,29.8,-93.1,85,970
AL262020,Delta,2020-10-10 00:00:00,HU,,30.1,-92.9,75,971
AL262020,Delta,2020-10-10 06:00:00,TS,,31.4,-92.2,50,985
AL262020,Delta,2020-10-10 12:00:00,TS,,32.5,-91.4,35,993
AL272020,Epsilon,2020-10-19 06:00:00,TD,,25.5,-55.9,30,1003
AL272020,Epsilon,2020-10-19 12:00:00,TS,,25.4,-55.6,35,1000
AL272020,Epsilon,2020-10-19 18:00:00,TS,,25.3,-55.4,40,998
AL272020,Epsilon,2020-10-20 00:00:00,TS,,25.2,-55.2,40,998
AL272020,Epsilon,2020-10-20 06:00:00,TS,,25.5,-54.9,45,996
AL272020,Epsilon,2020-10-20 12:00:00,TS,,26.2,-54.7,50,994
AL272020,Epsilon,2020-10-20 18:00:00,TS,,27.3,-55.3,55,992
AL272020,Epsilon,2020-10-21 00:00:00,HU,,28.3,-56.3,65,987
AL272020,Epsilon,2020-10-21 06:00:00,HU,,28.7,-57.7,75,976
AL272020,Epsilon,2020-10-21 12:00:00,HU,,28.9,-58.7,85,968
AL272020,Epsilon,2020-10-21 18:00:00,HU,,29.3,-59.6,100,955
AL272020,Epsilon,2020-10-22 00:00:00,HU,,29.5,-60.4,100,952
AL272020,Epsilon,2020-10-22 06:00:00,HU,,30.2,-60.9,90,958
AL272020,Epsilon,2020-10-22 12:00:00,HU,,30.8,-61.3,80,965
AL272020,Epsilon,2020-10-22 18:00:00,HU,,31.5,-61.5,75,968
AL272020,Epsilon,2020-10-23 00:00:00,HU,,32.2,-61.6,75,968
AL272020,Epsilon,2020-10-23 06:00:00,HU,,32.9,-61.6,75,968
AL272020,Epsilon,2020-10-23 12:00:00,HU,,33.7,-61.6,75,966
AL272020,Epsilon,2020-10-23 18:00:00,HU,,34.9,-61.7,75,964
AL272020,Epsilon,2020-10-24 00:00:00,HU,,36.1,-62.0,75,962
AL272020,Epsilon,2020-10-24 06:00:00,HU,,36.8,-62.1,75,957
AL272020,Epsilon,2020-10-24 12:00:00,HU,,37.4,-61.3,75,957
AL282020,Zeta,2020-10-24 12:00:00,TD,,18.4,-82.6,25,1007
AL272020,Epsilon,2020-10-24 18:00:00,HU,,38.6,-59.7,70,960
AL282020,Zeta,2020-10-24 18:00:00,TD,,18.2,-83.0,30,1006
AL272020,Epsilon,2020-10-25 00:00:00,HU,,40.3,-57.6,65,962
AL282020,Zeta,2020-10-25 00:00:00,TS,,18.0,-83.2,35,1005
AL272020,Epsilon,2020-10-25 06:00:00,HU,,42.0,-55.2,65,963
AL282020,Zeta,2020-10-25 06:00:00,TS,,17.7,-83.5,40,1004
AL272020,Epsilon,2020-10-25 12:00:00,HU,,43.3,-51.8,65,964
AL282020,Zeta,2020-10-25 12:00:00,TS,,17.8,-83.6,45,1003
AL272020,Epsilon,2020-10-25 18:00:00,TS,,45.0,-46.9,60,966
AL282020,Zeta,2020-10-25 18:00:00,TS,,18.0,-83.7,50,1000
AL272020,Epsilon,2020-10-26 00:00:00,TS,,47.2,-41.2,60,968
AL282020,Zeta,2020-10-26 00:00:00,TS,,18.2,-83.8,55,996
AL282020,Zeta,2020-10-26 06:00:00,HU,,18.5,-84.1,65,993
AL282020,Zeta,2020-10-26 12:00:00,HU,,18.9,-84.8,65,990
AL282020,Zeta,2020-10-26 18:00:00,HU,,19.4,-85.7,70,984
AL282020,Zeta,2020-10-27 00:00:00,HU,,19.9,-86.6,70,980
AL282020,Zeta,2020-10-27 03:55:00,HU,L,20.4,-87.4,75,977
AL282020,Zeta,2020-10-27 06:00:00,HU,,20.6,-87.9,65,981
AL282020,Zeta,2020-10-27 12:00:00,TS,,21.3,-89.0,60,985
AL282020,Zeta,2020-10-27 18:00:00,TS,,22.2,-90.0,55,988
AL282020,Zeta,2020-10-28 00:00:00,TS,,23.2,-90.8,55,990
AL282020,Zeta,2020-10-28 06:00:00,HU,,24.4,-91.5,65,984
AL282020,Zeta,2020-10-28 12:00:00,HU,,26.0,-91.7,80,978
AL282020,Zeta,2020-10-28 18:00:00,HU,,28.0,-91.1,95,973
AL282020,Zeta,2020-10-28 21:00:00,HU,L,29.2,-90.6,100,970
AL282020,Zeta,2020-10-29 00:00:00,HU,,30.2,-89.9,85,973
AL282020,Zeta,2020-10-29 06:00:00,TS,,32.8,-87.5,60,986
AL282020,Zeta,2020-10-29 12:00:00,TS,,35.3,-83.6,45,990
AL292020,Eta,2020-10-31 18:00:00,TD,,14.9,-72.4,30,1006
AL292020,Eta,2020-11-01 00:00:00,TS,,14.9,-73.6,35,1005
AL292020,Eta,2020-11-01 06:00:00,TS,,14.9,-75.1,35,1005
AL292020,Eta,2020-11-01 12:00:00,TS,,14.9,-76.7,40,1002
AL292020,Eta,2020-11-01 18:00:00,TS,,14.9,-78.2,50,992
AL292020,Eta,2020-11-02 00:00:00,TS,,14.9,-79.4,60,988
AL292020,Eta,2020-11-02 06:00:00,HU,,14.9,-80.4,70,982
AL292020,Eta,2020-11-02 12:00:00,HU,,14.8,-81.2,90,972
AL292020,Eta,2020-11-02 18:00:00,HU,,14.7,-82.0,115,948
AL292020,Eta,2020-11-03 00:00:00,HU,,14.3,-82.5,130,929
AL292020,Eta,2020-11-03 06:00:00,HU,,14.0,-82.9,130,922
AL292020,Eta,2020-11-03 12:00:00,HU,,13.6,-83.1,125,936
AL292020,Eta,2020-11-03 18:00:00,HU,,13.7,-83.3,120,940
AL292020,Eta,2020-11-03 21:00:00,HU,L,13.8,-83.5,120,940
AL292020,Eta,2020-11-04 00:00:00,HU,,13.8,-83.7,95,965
AL292020,Eta,2020-11-04 06:00:00,HU,,13.8,-84.3,70,980
AL292020,Eta,2020-11-04 12:00:00,TS,,13.8,-84.9,50,993
AL292020,Eta,2020-11-04 18:00:00,TS,,13.9,-85.4,40,998
AL292020,Eta,2020-11-05 00:00:00,TD,,14.0,-86.0,30,1002
AL292020,Eta,2020-11-06 06:00:00,TD,,16.7,-87.6,30,1004
AL292020,Eta,2020-11-06 12:00:00,TD,,16.9,-87.4,30,1004
AL292020,Eta,2020-11-06 18:00:00,TD,,17.1,-87.1,30,1004
AL292020,Eta,2020-11-07 00:00:00,TD,,17.5,-86.4,30,1002
AL292020,Eta,2020-11-07 06:00:00,TS,,18.2,-85.1,35,1001
AL292020,Eta,2020-11-07 12:00:00,TS,,19.1,-83.2,45,997
AL292020,Eta,2020-11-07 18:00:00,TS,,19.8,-81.5,55,994
AL292020,Eta,2020-11-08 00:00:00,TS,,20.4,-80.2,55,991
AL292020,Eta,2020-11-08 06:00:00,TS,,21.1,-79.5,55,991
AL292020,Eta,2020-11-08 08:55:00,TS,L,21.5,-79.2,55,991
AL292020,Eta,2020-11-08 12:00:00,TS,,22.2,-79.0,50,993
AL292020,Eta,2020-11-08 18:00:00,TS,,23.5,-79.2,55,993
AL292020,Eta,2020-11-09 00:00:00,TS,,24.5,-80.1,55,993
AL292020,Eta,2020-11-09 04:00:00,TS,L,24.9,-80.7,55,993
AL292020,Eta,2020-11-09 06:00:00,TS,,25.0,-81.4,55,992
AL292020,Eta,2020-11-09 12:00:00,TS,,24.9,-82.9,50,992
AL292020,Eta,2020-11-09 18:00:00,TS,,24.2,-84.1,45,995
AL292020,Eta,2020-11-10 00:00:00,TS,,23.4,-85.0,45,995
AL302020,Theta,2020-11-10 00:00:00,SS,,28.8,-41.0,50,999
AL292020,Eta,2020-11-10 06:00:00,TS,,23.0,-85.4,45,995
AL302020,Theta,2020-11-10 06:00:00,SS,,28.8,-39.5,55,994
AL292020,Eta,2020-11-10 12:00:00,TS,,22.6,-85.3,50,992
AL302020,Theta,2020-11-10 12:00:00,SS,,28.9,-38.0,60,989
AL292020,Eta,2020-11-10 18:00:00,TS,,22.9,-85.1,50,992
AL302020,Theta,2020-11-10 18:00:00,TS,,29.0,-36.7,60,987
AL292020,Eta,2020-11-11 00:00:00,TS,,23.5,-84.6,55,990
AL302020,Theta,2020-11-11 00:00:00,TS,,29.2,-35.8,55,988
AL292020,Eta,2020-11-11 06:00:00,TS,,24.5,-84.2,60,987
AL302020,Theta,2020-11-11 06:00:00,TS,,29.4,-34.9,55,988
AL292020,Eta,2020-11-11 12:00:00,HU,,25.8,-83.9,65,983
AL302020,Theta,2020-11-11 12:00:00,TS,,29.6,-33.8,55,989
AL292020,Eta,2020-11-11 18:00:00,TS,,26.8,-83.7,60,990
AL302020,Theta,2020-11-11 18:00:00,TS,,30.3,-32.5,55,989
AL292020,Eta,2020-11-12 00:00:00,TS,,27.9,-83.5,55,992
AL302020,Theta,2020-11-12 00:00:00,TS,,31.1,-31.9,60,987
AL292020,Eta,2020-11-12 06:00:00,TS,,28.7,-83.2,50,994
AL302020,Theta,2020-11-12 06:00:00,TS,,31.5,-30.8,55,988
AL292020,Eta,2020-11-12 09:20:00,TS,L,29.2,-82.9,45,996
AL292020,Eta,2020-11-12 12:00:00,TS,,29.7,-82.5,40,1001
AL302020,Theta,2020-11-12 12:00:00,TS,,31.5,-29.4,55,989
AL292020,Eta,2020-11-12 18:00:00,TS,,30.9,-81.3,35,1003
AL302020,Theta,2020-11-12 18:00:00,TS,,31.7,-28.0,55,990
AL292020,Eta,2020-11-13 00:00:00,TS,,31.9,-79.9,40,1004
AL302020,Theta,2020-11-13 00:00:00,TS,,31.9,-26.7,50,992
AL292020,Eta,2020-11-13 06:00:00,TS,,32.7,-78.0,40,1004
AL302020,Theta,2020-11-13 06:00:00,TS,,31.9,-25.4,50,993
AL302020,Theta,2020-11-13 12:00:00,TS,,31.9,-24.2,45,994
AL312020,Iota,2020-11-13 12:00:00,TD,,14.4,-73.7,30,1006
AL302020,Theta,2020-11-13 18:00:00,TS,,32.0,-23.1,45,996
AL312020,Iota,2020-11-13 18:00:00,TS,,14.0,-74.1,35,1005
AL302020,Theta,2020-11-14 00:00:00,TS,,32.0,-22.1,40,997
AL312020,Iota,2020-11-14 00:00:00,TS,,13.6,-74.5,35,1005
AL302020,Theta,2020-11-14 06:00:00,TS,,31.9,-21.2,35,999
AL312020,Iota,2020-11-14 06:00:00,TS,,13.3,-75.0,35,1004
AL302020,Theta,2020-11-14 12:00:00,TS,,31.8,-20.4,35,1000
AL312020,Iota,2020-11-14 12:00:00,TS,,12.9,-75.7,40,1002
AL302020,Theta,2020-11-14 18:00:00,TS,,31.7,-19.6,35,1002
AL312020,Iota,2020-11-14 18:00:00,TS,,12.5,-76.4,45,997
AL302020,Theta,2020-11-15 00:00:00,TS,,31.7,-18.9,35,1003
AL312020,Iota,2020-11-15 00:00:00,TS,,12.6,-76.7,55,992
AL302020,Theta,2020-11-15 06:00:00,TD,,31.6,-18.5,30,1005
AL312020,Iota,2020-11-15 06:00:00,HU,,13.0,-77.1,65,988
AL312020,Iota,2020-11-15 12:00:00,HU,,13.1,-78.0,70,982
AL312020,Iota,2020-11-15 18:00:00,HU,,13.2,-78.9,75,974
AL312020,Iota,2020-11-16 00:00:00,HU,,13.2,-79.8,90,961
AL312020,Iota,2020-11-16 06:00:00,HU,,13.4,-80.7,120,935
AL312020,Iota,2020-11-16 12:00:00,HU,,13.5,-81.5,135,917
AL312020,Iota,2020-11-16 18:00:00,HU,,13.5,-82.3,130,918
AL312020,Iota,2020-11-17 00:00:00,HU,,13.6,-83.0,130,918
AL312020,Iota,2020-11-17 03:40:00,HU,L,13.6,-83.5,125,922
AL312020,Iota,2020-11-17 06:00:00,HU,,13.7,-83.8,110,935
AL312020,Iota,2020-11-17 12:00:00,HU,,13.7,-84.7,75,965
AL312020,Iota,2020-11-17 18:00:00,TS,,13.7,-85.7,55,988
AL312020,Iota,2020-11-18 00:00:00,TS,,13.8,-86.7,40,1000
AL312020,Iota,2020-11-18 06:00:00,TS,,13.8,-87.8,35,1005
AL312020,Iota,2020-11-18 12:00:00,TD,,13.7,-89.0,25,1006
AL012021,Ana,2021-05-22 06:00:00,SS,,34.2,-62.1,35,1006
AL012021,Ana,2021-05-22 12:00:00,SS,,34.3,-62.7,35,1006
AL012021,Ana,2021-05-22 18:00:00,SS,,34.2,-62.4,35,1006
AL012021,Ana,2021-05-23 00:00:00,TS,,34.7,-61.8,40,1005
AL012021,Ana,2021-05-23 06:00:00,TS,,35.4,-61.1,40,1004
AL012021,Ana,2021-05-23 12:00:00,TS,,36.1,-60.3,35,1005
AL022021,Bill,2021-06-14 06:00:00,TD,,33.2,-75.9,25,1006
AL022021,Bill,2021-06-14 12:00:00,TD,,34.0,-74.5,30,1005
AL022021,Bill,2021-06-14 18:00:00,TS,,34.9,-72.8,35,1003
AL022021,Bill,2021-06-15 00:00:00,TS,,36.0,-70.8,40,1000
AL022021,Bill,2021-06-15 06:00:00,TS,,37.6,-67.8,50,996
AL022021,Bill,2021-06-15 12:00:00,TS,,39.4,-64.0,55,992
AL022021,Bill,2021-06-15 18:00:00,TS,,40.9,-60.8,45,997
AL032021,Claudette,2021-06-19 00:00:00,TS,,28.4,-91.2,40,1005
AL032021,Claudette,2021-06-19 04:30:00,TS,L,29.2,-91.0,40,1003
AL032021,Claudette,2021-06-19 06:00:00,TS,,29.5,-90.8,40,1003
AL032021,Claudette,2021-06-19 12:00:00,TS,,30.6,-89.9,35,1004
AL032021,Claudette,2021-06-19 18:00:00,TD,,31.5,-88.8,30,1005
AL032021,Claudette,2021-06-20 00:00:00,TD,,32.4,-87.8,25,1005
AL032021,Claudette,2021-06-20 06:00:00,TD,,33.1,-86.5,25,1006
AL032021,Claudette,2021-06-20 12:00:00,TD,,33.5,-84.8,25,1007
AL032021,Claudette,2021-06-20 18:00:00,TD,,33.8,-83.1,25,1008
AL032021,Claudette,2021-06-21 00:00:00,TD,,34.2,-81.2,30,1007
AL032021,Claudette,2021-06-21 06:00:00,TS,,35.0,-79.1,40,1006
AL032021,Claudette,2021-06-21 12:00:00,TS,,36.0,-76.5,40,1005
AL032021,Claudette,2021-06-21 18:00:00,TS,,37.0,-73.5,40,1004
AL032021,Claudette,2021-06-22 00:00:00,TS,,38.4,-70.7,40,1004
AL042021,Danny,2021-06-27 18:00:00,TD,,29.8,-72.8,30,1013
AL042021,Danny,2021-06-28 00:00:00,TD,,30.1,-74.5,30,1013
AL042021,Danny,2021-06-28 06:00:00,TS,,30.7,-76.1,35,1011
AL042021,Danny,2021-06-28 12:00:00,TS,,31.5,-77.6,35,1011
AL042021,Danny,2021-06-28 18:00:00,TS,,32.0,-79.5,40,1009
AL042021,Danny,2021-06-28 23:20:00,TS,L,32.3,-80.5,35,1010
AL042021,Danny,2021-06-29 00:00:00,TD,,32.4,-80.7,30,1011
AL052021,Elsa,2021-06-30 18:00:00,TD,,9.4,-42.8,30,1008
AL052021,Elsa,2021-07-01 00:00:00,TS,,9.3,-45.3,35,1007
AL052021,Elsa,2021-07-01 06:00:00,TS,,9.4,-47.7,35,1006
AL052021,Elsa,2021-07-01 12:00:00,TS,,9.9,-50.2,40,1005
AL052021,Elsa,2021-07-01 18:00:00,TS,,10.7,-52.6,45,1004
AL052021,Elsa,2021-07-02 00:00:00,TS,,11.5,-55.0,50,1002
AL052021,Elsa,2021-07-02 06:00:00,TS,,12.3,-57.3,55,1000
AL052021,Elsa,2021-07-02 12:00:00,HU,,13.0,-59.8,65,995
AL052021,Elsa,2021-07-02 18:00:00,HU,,13.8,-62.4,75,991
AL052021,Elsa,2021-07-03 00:00:00,HU,,14.7,-65.1,70,995
AL052021,Elsa,2021-07-03 06:00:00,HU,,15.7,-67.9,65,998
AL052021,Elsa,2021-07-03 12:00:00,TS,,16.6,-70.3,60,1000
AL052021,Elsa,2021-07-03 18:00:00,TS,,17.2,-72.5,60,1002
AL052021,Elsa,2021-07-04 00:00:00,TS,,17.6,-74.4,55,1004
AL052021,Elsa,2021-07-04 06:00:00,TS,,18.0,-75.5,55,1006
AL052021,Elsa,2021-07-04 12:00:00,TS,,18.5,-76.5,50,1007
AL052021,Elsa,2021-07-04 18:00:00,TS,,19.3,-77.6,50,1007
AL052021,Elsa,2021-07-05 00:00:00,TS,,20.1,-78.6,55,1005
AL052021,Elsa,2021-07-05 06:00:00,TS,,20.7,-79.6,55,1005
AL052021,Elsa,2021-07-05 12:00:00,TS,,21.3,-80.7,55,1005
AL052021,Elsa,2021-07-05 18:00:00,TS,,22.1,-81.5,55,1005
AL052021,Elsa,2021-07-05 18:30:00,TS,L,22.2,-81.6,55,1005
AL052021,Elsa,2021-07-06 00:00:00,TS,,22.9,-82.0,50,1005
AL052021,Elsa,2021-07-06 06:00:00,TS,,23.7,-82.4,50,1005
AL052021,Elsa,2021-07-06 12:00:00,TS,,24.6,-82.7,55,1003
AL052021,Elsa,2021-07-06 18:00:00,TS,,25.5,-82.9,60,997
AL052021,Elsa,2021-07-07 00:00:00,HU,,26.6,-83.2,65,996
AL052021,Elsa,2021-07-07 06:00:00,TS,,27.8,-83.5,55,998
AL052021,Elsa,2021-07-07 12:00:00,TS,,29.1,-83.6,55,999
AL052021,Elsa,2021-07-07 14:30:00,TS,L,29.8,-83.5,55,1000
AL052021,Elsa,2021-07-07 18:00:00,TS,,30.3,-83.4,45,1002
AL052021,Elsa,2021-07-08 00:00:00,TS,,31.5,-82.7,45,1005
AL052021,Elsa,2021-07-08 06:00:00,TS,,32.8,-81.8,40,1006
AL052021,Elsa,2021-07-08 12:00:00,TS,,34.2,-80.5,40,1006
AL052021,Elsa,2021-07-08 18:00:00,TS,,35.5,-79.0,45,1004
AL052021,Elsa,2021-07-09 00:00:00,TS,,36.8,-77.4,45,1003
AL052021,Elsa,2021-07-09 06:00:00,TS,,38.4,-75.5,50,1001
AL052021,Elsa,2021-07-09 12:00:00,TS,,40.3,-73.1,50,999
AL052021,Elsa,2021-07-09 15:00:00,TS,L,40.9,-72.3,50,999
AL052021,Elsa,2021-07-09 16:30:00,TS,L,41.4,-71.7,50,999
AL062021,Fred,2021-08-11 00:00:00,TS,,17.3,-66.1,35,1009
AL062021,Fred,2021-08-11 06:00:00,TS,,17.7,-67.6,35,1007
AL062021,Fred,2021-08-11 12:00:00,TS,,18.0,-69.0,40,1005
AL062021,Fred,2021-08-11 17:00:00,TS,L,18.4,-70.1,40,1005
AL062021,Fred,2021-08-11 18:00:00,TS,,18.5,-70.4,35,1006
AL062021,Fred,2021-08-12 00:00:00,TD,,19.2,-71.7,30,1009
AL062021,Fred,2021-08-12 06:00:00,TD,,20.0,-72.9,30,1010
AL062021,Fred,2021-08-12 12:00:00,TD,,20.5,-73.9,30,1010
AL062021,Fred,2021-08-12 18:00:00,TD,,20.9,-74.7,30,1010
AL062021,Fred,2021-08-13 00:00:00,TS,,21.2,-75.5,35,1010
AL062021,Fred,2021-08-13 06:00:00,TS,,21.6,-76.6,35,1010
AL072021,Grace,2021-08-13 06:00:00,TD,,15.0,-46.7,30,1010
AL062021,Fred,2021-08-13 12:00:00,TD,,22.0,-77.7,30,1010
AL072021,Grace,2021-08-13 12:00:00,TD,,15.2,-48.7,30,1010
AL062021,Fred,2021-08-13 18:00:00,TD,,22.3,-79.0,30,1011
AL072021,Grace,2021-08-13 18:00:00,TD,,15.3,-50.8,30,1010
AL072021,Grace,2021-08-14 00:00:00,TD,,15.4,-52.8,30,1010
AL072021,Grace,2021-08-14 06:00:00,TD,,15.7,-54.8,30,1010
AL072021,Grace,2021-08-14 12:00:00,TS,,16.1,-57.2,35,1009
AL072021,Grace,2021-08-14 18:00:00,TS,,16.2,-59.5,35,1009
AL072021,Grace,2021-08-15 00:00:00,TD,,16.5,-61.7,30,1010
AL072021,Grace,2021-08-15 06:00:00,TD,,16.7,-63.7,30,1010
AL062021,Fred,2021-08-15 12:00:00,TS,,25.7,-84.7,35,1008
AL072021,Grace,2021-08-15 12:00:00,TD,,16.9,-65.4,30,1010
AL062021,Fred,2021-08-15 18:00:00,TS,,26.4,-85.2,40,1005
AL072021,Grace,2021-08-15 18:00:00,TD,,17.0,-66.7,30,1011
AL082021,Henri,2021-08-15 18:00:00,TD,,34.1,-62.7,25,1011
AL062021,Fred,2021-08-16 00:00:00,TS,,27.0,-85.8,50,999
AL072021,Grace,2021-08-16 00:00:00,TD,,17.1,-68.1,30,1011
AL082021,Henri,2021-08-16 00:00:00,TD,,33.4,-62.7,30,1010
AL062021,Fred,2021-08-16 06:00:00,TS,,27.8,-85.9,50,996
AL072021,Grace,2021-08-16 06:00:00,TD,,17.2,-69.6,30,1010
AL082021,Henri,2021-08-16 06:00:00,TD,,32.5,-62.7,30,1010
AL062021,Fred,2021-08-16 12:00:00,TS,,28.7,-85.7,50,993
AL072021,Grace,2021-08-16 12:00:00,TS,,17.5,-70.8,35,1007
AL082021,Henri,2021-08-16 12:00:00,TD,,31.6,-62.7,30,1010
AL072021,Grace,2021-08-16 16:30:00,TS,L,17.7,-71.4,35,1007
AL062021,Fred,2021-08-16 18:00:00,TS,,29.5,-85.4,55,991
AL072021,Grace,2021-08-16 18:00:00,TS,,17.8,-71.7,35,1007
AL082021,Henri,2021-08-16 18:00:00,TS,,31.1,-62.9,35,1009
AL062021,Fred,2021-08-16 19:00:00,TS,L,29.7,-85.4,55,991
AL062021,Fred,2021-08-17 00:00:00,TS,,30.6,-85.4,45,998
AL072021,Grace,2021-08-17 00:00:00,TS,,17.9,-73.2,35,1006
AL082021,Henri,2021-08-17 00:00:00,TS,,30.8,-63.1,40,1008
AL062021,Fred,2021-08-17 06:00:00,TS,,31.7,-85.4,35,1004
AL072021,Grace,2021-08-17 06:00:00,TS,,18.0,-74.8,40,1006
AL082021,Henri,2021-08-17 06:00:00,TS,,30.6,-63.3,45,1004
AL062021,Fred,2021-08-17 12:00:00,TD,,32.8,-85.2,25,1006
AL072021,Grace,2021-08-17 12:00:00,TS,,18.2,-76.1,45,1005
AL082021,Henri,2021-08-17 12:00:00,TS,,30.4,-63.6,45,1004
AL072021,Grace,2021-08-17 14:00:00,TS,L,18.2,-76.6,50,1004
AL062021,Fred,2021-08-17 18:00:00,TD,,34.0,-84.7,25,1008
AL072021,Grace,2021-08-17 18:00:00,TS,,18.3,-77.4,50,1003
AL082021,Henri,2021-08-17 18:00:00,TS,,30.3,-63.9,55,1000
AL072021,Grace,2021-08-18 00:00:00,TS,,18.3,-78.6,50,1000
AL082021,Henri,2021-08-18 00:00:00,TS,,30.2,-64.5,55,998
AL072021,Grace,2021-08-18 06:00:00,TS,,18.7,-80.1,55,998
AL082021,Henri,2021-08-18 06:00:00,TS,,30.1,-65.3,55,998
AL072021,Grace,2021-08-18 12:00:00,HU,,19.2,-81.5,65,993
AL082021,Henri,2021-08-18 12:00:00,TS,,30.0,-66.2,55,998
AL072021,Grace,2021-08-18 18:00:00,HU,,19.6,-83.0,70,990
AL082021,Henri,2021-08-18 18:00:00,TS,,29.9,-67.1,60,995
AL072021,Grace,2021-08-19 00:00:00,HU,,19.7,-84.8,70,988
AL082021,Henri,2021-08-19 00:00:00,TS,,29.7,-68.0,60,995
AL072021,Grace,2021-08-19 06:00:00,HU,,19.9,-86.4,70,985
AL082021,Henri,2021-08-19 06:00:00,TS,,29.5,-69.0,60,995
AL072021,Grace,2021-08-19 09:45:00,HU,L,20.1,-87.5,75,978
AL072021,Grace,2021-08-19 12:00:00,TS,,20.2,-88.1,60,994
AL082021,Henri,2021-08-19 12:00:00,TS,,29.5,-70.0,60,995
AL072021,Grace,2021-08-19 18:00:00,TS,,20.5,-89.5,45,998
AL082021,Henri,2021-08-19 18:00:00,TS,,29.6,-71.0,55,999
AL072021,Grace,2021-08-20 00:00:00,TS,,20.8,-91.1,55,994
AL082021,Henri,2021-08-20 00:00:00,TS,,29.7,-72.0,55,997
AL072021,Grace,2021-08-20 06:00:00,TS,,20.7,-92.6,60,991
AL082021,Henri,2021-08-20 06:00:00,TS,,29.9,-72.9,55,995
AL072021,Grace,2021-08-20 12:00:00,HU,,20.6,-93.8,75,982
AL082021,Henri,2021-08-20 12:00:00,TS,,30.1,-73.6,55,995
AL072021,Grace,2021-08-20 18:00:00,HU,,20.6,-94.7,85,975
AL082021,Henri,2021-08-20 18:00:00,TS,,30.8,-73.8,60,994
AL072021,Grace,2021-08-21 00:00:00,HU,,20.7,-95.8,105,967
AL082021,Henri,2021-08-21 00:00:00,TS,,31.6,-73.7,60,993
AL072021,Grace,2021-08-21 05:30:00,HU,L,20.6,-97.1,105,967
AL072021,Grace,2021-08-21 06:00:00,HU,,20.6,-97.2,100,969
AL082021,Henri,2021-08-21 06:00:00,TS,,32.5,-73.4,60,993
AL072021,Grace,2021-08-21 12:00:00,TS,,20.2,-98.0,60,988
AL082021,Henri,2021-08-21 12:00:00,HU,,33.6,-72.7,65,991
AL082021,Henri,2021-08-21 18:00:00,HU,,35.4,-71.8,65,990
AL082021,Henri,2021-08-22 00:00:00,HU,,37.6,-70.9,65,988
AL082021,Henri,2021-08-22 06:00:00,HU,,39.4,-71.0,65,986
AL082021,Henri,2021-08-22 12:00:00,TS,,40.7,-71.3,55,986
AL082021,Henri,2021-08-22 15:20:00,TS,L,41.2,-71.6,55,987
AL082021,Henri,2021-08-22 16:15:00,TS,L,41.3,-71.8,55,988
AL082021,Henri,2021-08-22 18:00:00,TS,,41.5,-72.0,40,991
AL082021,Henri,2021-08-23 00:00:00,TD,,41.8,-73.0,30,1000
AL082021,Henri,2021-08-23 06:00:00,TD,,41.7,-74.4,25,1005
AL082021,Henri,2021-08-23 12:00:00,TD,,41.6,-74.2,25,1005
AL092021,Ida,2021-08-26 12:00:00,TD,,16.5,-78.9,30,1006
AL092021,Ida,2021-08-26 18:00:00,TS,,17.4,-79.5,35,1006
AL092021,Ida,2021-08-27 00:00:00,TS,,18.3,-80.2,40,1004
AL092021,Ida,2021-08-27 06:00:00,TS,,19.4,-80.9,45,1002
AL092021,Ida,2021-08-27 12:00:00,TS,,20.4,-81.7,55,996
AL092021,Ida,2021-08-27 18:00:00,HU,L,21.5,-82.6,70,987
AL092021,Ida,2021-08-27 23:25:00,HU,L,22.4,-83.2,70,988
AL092021,Ida,2021-08-28 00:00:00,HU,,22.6,-83.5,70,989
AL092021,Ida,2021-08-28 06:00:00,HU,,23.5,-84.7,70,987
AL102021,Kate,2021-08-28 06:00:00,TD,,13.7,-49.8,30,1008
AL092021,Ida,2021-08-28 12:00:00,HU,,24.4,-85.7,70,986
AL102021,Kate,2021-08-28 12:00:00,TD,,14.5,-50.0,30,1008
AL092021,Ida,2021-08-28 18:00:00,HU,,25.6,-86.6,80,976
AL102021,Kate,2021-08-28 18:00:00,TD,,15.2,-50.0,30,1008
AL112021,Julian,2021-08-28 18:00:00,TD,,32.2,-51.0,30,1008
AL092021,Ida,2021-08-29 00:00:00,HU,,26.7,-87.6,90,967
AL102021,Kate,2021-08-29 00:00:00,TD,,16.2,-49.9,30,1008
AL112021,Julian,2021-08-29 00:00:00,TD,,32.6,-50.1,30,1006
AL092021,Ida,2021-08-29 06:00:00,HU,,27.6,-88.7,115,950
AL102021,Kate,2021-08-29 06:00:00,TD,,17.3,-50.0,30,1008
AL112021,Julian,2021-08-29 06:00:00,TS,,33.5,-49.3,35,1003
AL092021,Ida,2021-08-29 12:00:00,HU,,28.5,-89.6,130,929
AL102021,Kate,2021-08-29 12:00:00,TD,,18.4,-50.2,30,1008
AL112021,Julian,2021-08-29 12:00:00,TS,,34.5,-47.8,45,997
AL092021,Ida,2021-08-29 16:55:00,HU,L,29.1,-90.2,130,931
AL092021,Ida,2021-08-29 18:00:00,HU,,29.2,-90.4,125,932
AL102021,Kate,2021-08-29 18:00:00,TD,,19.2,-50.3,30,1008
AL112021,Julian,2021-08-29 18:00:00,TS,,35.9,-45.7,50,995
AL092021,Ida,2021-08-30 00:00:00,HU,,29.9,-90.6,105,944
AL102021,Kate,2021-08-30 00:00:00,TD,,19.8,-50.5,30,1008
AL112021,Julian,2021-08-30 00:00:00,TS,,37.1,-42.6,50,994
AL092021,Ida,2021-08-30 06:00:00,HU,,30.6,-90.8,65,978
AL102021,Kate,2021-08-30 06:00:00,TS,,20.5,-50.6,35,1006
AL112021,Julian,2021-08-30 06:00:00,TS,,38.9,-40.0,50,993
AL092021,Ida,2021-08-30 12:00:00,TS,,31.5,-90.9,40,992
AL102021,Kate,2021-08-30 12:00:00,TS,,21.3,-50.8,40,1004
AL092021,Ida,2021-08-30 18:00:00,TS,,32.2,-90.5,35,996
AL102021,Kate,2021-08-30 18:00:00,TS,,22.1,-50.9,35,1006
AL092021,Ida,2021-08-31 00:00:00,TD,,33.0,-90.0,30,996
AL102021,Kate,2021-08-31 00:00:00,TS,,22.6,-50.9,35,1006
AL092021,Ida,2021-08-31 06:00:00,TD,,33.8,-89.4,25,996
AL102021,Kate,2021-08-31 06:00:00,TS,,22.8,-50.9,35,1006
AL092021,Ida,2021-08-31 12:00:00,TD,,34.4,-88.4,25,996
AL102021,Kate,2021-08-31 12:00:00,TD,,23.2,-50.9,30,1007
AL092021,Ida,2021-08-31 18:00:00,TD,,35.1,-87.1,20,999
AL102021,Kate,2021-08-31 18:00:00,TD,,23.9,-50.9,30,1007
AL122021,Larry,2021-08-31 18:00:00,TD,,11.5,-20.6,30,1006
AL092021,Ida,2021-09-01 00:00:00,TD,,35.8,-85.5,20,1000
AL102021,Kate,2021-09-01 00:00:00,TD,,24.6,-51.2,30,1007
AL122021,Larry,2021-09-01 00:00:00,TS,,11.9,-22.5,35,1005
AL092021,Ida,2021-09-01 06:00:00,TD,,36.7,-83.6,20,1000
AL102021,Kate,2021-09-01 06:00:00,TD,,25.3,-51.5,30,1008
AL122021,Larry,2021-09-01 06:00:00,TS,,12.2,-24.5,40,1004
AL102021,Kate,2021-09-01 12:00:00,TD,,26.6,-52.3,30,1009
AL122021,Larry,2021-09-01 12:00:00,TS,,12.4,-26.5,45,1003
AL122021,Larry,2021-09-01 18:00:00,TS,,12.5,-28.4,55,999
AL122021,Larry,2021-09-02 00:00:00,TS,,12.7,-30.0,60,996
AL122021,Larry,2021-09-02 06:00:00,HU,,13.0,-31.6,65,991
AL122021,Larry,2021-09-02 12:00:00,HU,,13.3,-33.3,70,987
AL122021,Larry,2021-09-02 18:00:00,HU,,13.6,-35.0,70,987
AL122021,Larry,2021-09-03 00:00:00,HU,,13.9,-36.7,75,985
AL122021,Larry,2021-09-03 06:00:00,HU,,14.1,-38.4,80,983
AL122021,Larry,2021-09-03 12:00:00,HU,,14.4,-40.0,80,980
AL122021,Larry,2021-09-03 18:00:00,HU,,14.7,-41.4,90,973
AL122021,Larry,2021-09-04 00:00:00,HU,,15.2,-42.7,100,964
AL122021,Larry,2021-09-04 06:00:00,HU,,15.8,-44.0,110,956
AL122021,Larry,2021-09-04 12:00:00,HU,,16.4,-45.3,110,956
AL122021,Larry,2021-09-04 18:00:00,HU,,17.0,-46.5,105,958
AL122021,Larry,2021-09-05 00:00:00,HU,,17.7,-47.5,105,958
AL122021,Larry,2021-09-05 06:00:00,HU,,18.4,-48.5,105,958
AL122021,Larry,2021-09-05 12:00:00,HU,,19.2,-49.4,110,953
AL122021,Larry,2021-09-05 18:00:00,HU,,20.0,-50.3,110,953
AL122021,Larry,2021-09-06 00:00:00,HU,,20.7,-51.2,110,953
AL122021,Larry,2021-09-06 06:00:00,HU,,21.2,-52.0,105,956
AL122021,Larry,2021-09-06 12:00:00,HU,,21.6,-52.7,105,956
AL122021,Larry,2021-09-06 18:00:00,HU,,22.1,-53.5,105,956
AL122021,Larry,2021-09-07 00:00:00,HU,,22.7,-54.2,105,956
AL122021,Larry,2021-09-07 06:00:00,HU,,23.3,-54.8,100,960
AL122021,Larry,2021-09-07 12:00:00,HU,,24.0,-55.4,95,963
AL122021,Larry,2021-09-07 18:00:00,HU,,24.7,-56.0,95,965
AL122021,Larry,2021-09-08 00:00:00,HU,,25.4,-56.5,95,966
AL122021,Larry,2021-09-08 06:00:00,HU,,26.2,-57.1,95,966
AL122021,Larry,2021-09-08 12:00:00,HU,,27.2,-57.9,90,966
AL122021,Larry,2021-09-08 18:00:00,HU,,28.2,-58.9,90,967
AL132021,Mindy,2021-09-08 18:00:00,TS,,28.4,-86.8,35,1006
AL122021,Larry,2021-09-09 00:00:00,HU,,29.1,-59.9,85,968
AL132021,Mindy,2021-09-09 00:00:00,TS,,29.5,-85.4,45,1001
AL132021,Mindy,2021-09-09 01:15:00,TS,L,29.7,-85.1,50,1000
AL122021,Larry,2021-09-09 06:00:00,HU,,30.1,-60.8,80,968
AL132021,Mindy,2021-09-09 06:00:00,TS,,30.5,-83.9,35,1001
AL122021,Larry,2021-09-09 12:00:00,HU,,31.3,-61.5,80,966
AL132021,Mindy,2021-09-09 12:00:00,TD,,31.2,-81.8,30,1005
AL122021,Larry,2021-09-09 18:00:00,HU,,32.8,-62.1,80,966
AL132021,Mindy,2021-09-09 18:00:00,TD,,31.7,-79.4,30,1005
AL122021,Larry,2021-09-10 00:00:00,HU,,34.4,-62.3,80,966
AL122021,Larry,2021-09-10 06:00:00,HU,,36.5,-62.2,75,964
AL122021,Larry,2021-09-10 12:00:00,HU,,38.9,-61.1,70,961
AL122021,Larry,2021-09-10 18:00:00,HU,,41.9,-59.5,70,958
AL122021,Larry,2021-09-11 00:00:00,HU,,45.1,-56.6,70,958
AL122021,Larry,2021-09-11 03:30:00,HU,L,47.3,-54.6,70,958
AL122021,Larry,2021-09-11 06:00:00,HU,,48.8,-53.3,65,959
AL142021,Nicholas,2021-09-12 12:00:00,TS,,21.0,-95.2,35,1008
AL142021,Nicholas,2021-09-12 18:00:00,TS,,22.4,-95.6,35,1008
AL142021,Nicholas,2021-09-13 00:00:00,TS,,23.7,-96.1,40,1007
AL142021,Nicholas,2021-09-13 06:00:00,TS,,24.8,-96.5,50,1001
AL142021,Nicholas,2021-09-13 12:00:00,TS,,25.9,-96.7,50,1000
AL142021,Nicholas,2021-09-13 18:00:00,TS,,27.0,-96.6,55,998
AL142021,Nicholas,2021-09-14 00:00:00,HU,,28.0,-96.2,65,988
AL142021,Nicholas,2021-09-14 05:30:00,HU,L,28.7,-95.7,65,991
AL142021,Nicholas,2021-09-14 06:00:00,HU,,28.8,-95.7,65,991
AL142021,Nicholas,2021-09-14 12:00:00,TS,,29.3,-95.4,50,999
AL142021,Nicholas,2021-09-14 18:00:00,TS,,29.6,-94.9,35,1003
AL142021,Nicholas,2021-09-15 00:00:00,TD,,29.9,-94.4,30,1003
AL142021,Nicholas,2021-09-15 06:00:00,TD,,30.2,-93.8,30,1004
AL142021,Nicholas,2021-09-15 12:00:00,TD,,30.3,-93.1,25,1006
AL152021,Odette,2021-09-17 18:00:00,TS,,35.9,-72.7,35,1010
AL152021,Odette,2021-09-18 00:00:00,TS,,36.8,-71.4,40,1008
AL152021,Odette,2021-09-18 06:00:00,TS,,37.6,-70.1,40,1005
AL162021,Peter,2021-09-19 00:00:00,TD,,16.4,-52.7,30,1007
AL172021,Rose,2021-09-19 00:00:00,TD,,10.4,-27.4,30,1008
AL162021,Peter,2021-09-19 06:00:00,TS,,16.8,-54.4,35,1006
AL172021,Rose,2021-09-19 06:00:00,TD,,11.3,-27.8,30,1008
AL162021,Peter,2021-09-19 12:00:00,TS,,17.3,-55.8,40,1006
AL172021,Rose,2021-09-19 12:00:00,TD,,12.6,-28.4,30,1008
AL162021,Peter,2021-09-19 18:00:00,TS,,17.9,-57.0,45,1005
AL172021,Rose,2021-09-19 18:00:00,TS,,13.8,-29.4,35,1007
AL162021,Peter,2021-09-20 00:00:00,TS,,18.4,-58.0,45,1005
AL172021,Rose,2021-09-20 00:00:00,TS,,14.7,-30.6,35,1007
AL162021,Peter,2021-09-20 06:00:00,TS,,18.8,-59.0,45,1005
AL172021,Rose,2021-09-20 06:00:00,TS,,15.6,-31.8,35,1007
AL162021,Peter,2021-09-20 12:00:00,TS,,19.2,-60.1,45,1006
AL172021,Rose,2021-09-20 12:00:00,TS,,16.7,-32.9,35,1007
AL162021,Peter,2021-09-20 18:00:00,TS,,19.5,-61.2,45,1007
AL172021,Rose,2021-09-20 18:00:00,TS,,17.7,-34.1,40,1006
AL162021,Peter,2021-09-21 00:00:00,TS,,19.6,-62.3,45,1007
AL172021,Rose,2021-09-21 00:00:00,TS,,18.8,-35.3,50,1004
AL162021,Peter,2021-09-21 06:00:00,TS,,19.6,-63.2,40,1007
AL172021,Rose,2021-09-21 06:00:00,TS,,20.0,-36.1,40,1006
AL162021,Peter,2021-09-21 12:00:00,TS,,19.8,-64.0,35,1008
AL172021,Rose,2021-09-21 12:00:00,TS,,21.1,-36.7,35,1007
AL162021,Peter,2021-09-21 18:00:00,TD,,20.2,-64.6,30,1008
AL172021,Rose,2021-09-21 18:00:00,TS,,22.1,-37.3,35,1007
AL162021,Peter,2021-09-22 00:00:00,TD,,20.6,-65.2,30,1008
AL172021,Rose,2021-09-22 00:00:00,TS,,22.7,-37.7,35,1008
AL162021,Peter,2021-09-22 06:00:00,TD,,21.0,-65.8,30,1008
AL172021,Rose,2021-09-22 06:00:00,TD,,23.1,-38.1,30,1009
AL162021,Peter,2021-09-22 12:00:00,TD,,21.4,-66.4,30,1008
AL162021,Peter,2021-09-22 18:00:00,TD,,21.7,-66.9,30,1008
AL182021,Sam,2021-09-22 18:00:00,TD,,10.0,-33.1,30,1008
AL182021,Sam,2021-09-23 00:00:00,TD,,10.2,-34.4,30,1008
AL182021,Sam,2021-09-23 06:00:00,TS,,10.4,-36.0,35,1006
AL182021,Sam,2021-09-23 12:00:00,TS,,10.7,-37.6,45,1003
AL182021,Sam,2021-09-23 18:00:00,TS,,10.9,-39.0,50,1000
AL182021,Sam,2021-09-24 00:00:00,TS,,11.1,-40.3,60,997
AL182021,Sam,2021-09-24 06:00:00,HU,,11.4,-41.6,65,993
AL192021,Teresa,2021-09-24 06:00:00,SD,,31.4,-62.0,30,1011
AL182021,Sam,2021-09-24 12:00:00,HU,,11.6,-43.0,65,993
AL192021,Teresa,2021-09-24 12:00:00,SS,,32.8,-62.9,35,1010
AL182021,Sam,2021-09-24 18:00:00,HU,,11.9,-44.3,70,989
AL192021,Teresa,2021-09-24 18:00:00,SS,,33.6,-64.1,40,1008
AL182021,Sam,2021-09-25 00:00:00,HU,,12.3,-45.4,85,982
AL192021,Teresa,2021-09-25 00:00:00,SS,,34.1,-65.0,40,1008
AL182021,Sam,2021-09-25 06:00:00,HU,,12.6,-46.3,95,973
AL192021,Teresa,2021-09-25 06:00:00,SS,,34.3,-65.5,35,1009
AL182021,Sam,2021-09-25 12:00:00,HU,,12.8,-47.2,105,960
AL192021,Teresa,2021-09-25 12:00:00,SD,,34.3,-65.2,30,1010
AL182021,Sam,2021-09-25 18:00:00,HU,,13.1,-48.1,115,950
AL182021,Sam,2021-09-26 00:00:00,HU,,13.4,-48.8,130,943
AL182021,Sam,2021-09-26 06:00:00,HU,,13.6,-49.4,130,943
AL182021,Sam,2021-09-26 12:00:00,HU,,13.8,-50.0,130,939
AL182021,Sam,2021-09-26 18:00:00,HU,,14.1,-50.3,135,927
AL182021,Sam,2021-09-27 00:00:00,HU,,14.5,-50.6,130,940
AL182021,Sam,2021-09-27 06:00:00,HU,,15.0,-51.1,115,948
AL182021,Sam,2021-09-27 12:00:00,HU,,15.4,-51.7,105,955
AL182021,Sam,2021-09-27 18:00:00,HU,,15.9,-52.3,105,958
AL182021,Sam,2021-09-28 00:00:00,HU,,16.5,-52.9,105,955
AL182021,Sam,2021-09-28 06:00:00,HU,,16.9,-53.5,115,952
AL182021,Sam,2021-09-28 12:00:00,HU,,17.3,-54.1,115,952
AL182021,Sam,2021-09-28 18:00:00,HU,,17.7,-54.7,115,947
AL182021,Sam,2021-09-29 00:00:00,HU,,18.1,-55.3,115,947
AL182021,Sam,2021-09-29 06:00:00,HU,,18.6,-55.9,115,952
AL182021,Sam,2021-09-29 12:00:00,HU,,19.1,-56.6,115,952
AL202021,Victor,2021-09-29 12:00:00,TD,,7.8,-24.1,30,1006
AL182021,Sam,2021-09-29 18:00:00,HU,,19.7,-57.3,115,945
AL202021,Victor,2021-09-29 18:00:00,TS,,8.1,-25.1,35,1005
AL182021,Sam,2021-09-30 00:00:00,HU,,20.3,-58.0,125,940
AL202021,Victor,2021-09-30 00:00:00,TS,,8.3,-26.0,35,1005
AL182021,Sam,2021-09-30 06:00:00,HU,,21.0,-58.8,125,937
AL202021,Victor,2021-09-30 06:00:00,TS,,8.7,-27.1,40,1004
AL182021,Sam,2021-09-30 12:00:00,HU,,22.0,-59.6,125,937
AL202021,Victor,2021-09-30 12:00:00,TS,,9.2,-28.4,40,1003
AL182021,Sam,2021-09-30 18:00:00,HU,,23.0,-60.4,125,941
AL202021,Victor,2021-09-30 18:00:00,TS,,9.8,-29.5,45,1001
AL182021,Sam,2021-10-01 00:00:00,HU,,24.3,-61.0,125,938
AL202021,Victor,2021-10-01 00:00:00,TS,,10.5,-30.6,50,999
AL182021,Sam,2021-10-01 06:00:00,HU,,25.8,-61.6,130,936
AL202021,Victor,2021-10-01 06:00:00,TS,,11.0,-31.8,50,998
AL182021,Sam,2021-10-01 12:00:00,HU,,27.4,-61.9,130,936
AL202021,Victor,2021-10-01 12:00:00,TS,,11.4,-33.0,55,997
AL182021,Sam,2021-10-01 18:00:00,HU,,29.2,-61.9,130,937
AL202021,Victor,2021-10-01 18:00:00,TS,,11.8,-33.9,55,997
AL182021,Sam,2021-10-02 00:00:00,HU,,30.8,-61.5,125,940
AL202021,Victor,2021-10-02 00:00:00,TS,,12.1,-34.9,50,999
AL182021,Sam,2021-10-02 06:00:00,HU,,32.1,-61.0,120,945
AL202021,Victor,2021-10-02 06:00:00,TS,,12.5,-35.8,45,1001
AL182021,Sam,2021-10-02 12:00:00,HU,,33.4,-60.1,115,948
AL202021,Victor,2021-10-02 12:00:00,TS,,12.7,-36.7,35,1005
AL182021,Sam,2021-10-02 18:00:00,HU,,34.7,-59.1,110,950
AL202021,Victor,2021-10-02 18:00:00,TD,,13.5,-37.7,30,1007
AL182021,Sam,2021-10-03 00:00:00,HU,,35.8,-57.9,100,954
AL202021,Victor,2021-10-03 00:00:00,TD,,14.4,-38.4,30,1007
AL182021,Sam,2021-10-03 06:00:00,HU,,36.7,-56.6,90,960
AL202021,Victor,2021-10-03 06:00:00,TD,,15.1,-39.2,30,1007
AL182021,Sam,2021-10-03 12:00:00,HU,,37.3,-55.4,85,964
AL202021,Victor,2021-10-03 12:00:00,TD,,15.7,-40.0,30,1007
AL182021,Sam,2021-10-03 18:00:00,HU,,38.0,-53.9,85,964
AL202021,Victor,2021-10-03 18:00:00,TD,,16.5,-41.0,30,1007
AL182021,Sam,2021-10-04 00:00:00,HU,,38.7,-52.2,90,957
AL202021,Victor,2021-10-04 00:00:00,TD,,17.2,-42.1,30,1007
AL182021,Sam,2021-10-04 06:00:00,HU,,39.9,-49.9,90,957
AL202021,Victor,2021-10-04 06:00:00,TD,,17.8,-43.1,25,1009
AL182021,Sam,2021-10-04 12:00:00,HU,,41.4,-47.1,85,960
AL182021,Sam,2021-10-04 18:00:00,HU,,43.8,-43.6,80,965
AL182021,Sam,2021-10-05 00:00:00,HU,,46.5,-40.5,75,965
AL212021,Wanda,2021-10-30 12:00:00,SS,,38.5,-49.6,40,986
AL212021,Wanda,2021-10-30 18:00:00,SS,,37.5,-47.8,40,988
AL212021,Wanda,2021-10-31 00:00:00,SS,,36.5,-46.0,45,987
AL212021,Wanda,2021-10-31 06:00:00,SS,,36.6,-44.2,50,985
AL212021,Wanda,2021-10-31 12:00:00,SS,,36.5,-43.4,50,983
AL212021,Wanda,2021-10-31 18:00:00,SS,,36.4,-43.5,50,985
AL212021,Wanda,2021-11-01 00:00:00,SS,,35.8,-44.0,45,989
AL212021,Wanda,2021-11-01 06:00:00,SS,,34.8,-44.2,40,991
AL212021,Wanda,2021-11-01 12:00:00,TS,,34.1,-43.4,40,993
AL212021,Wanda,2021-11-01 18:00:00,TS,,34.1,-42.6,35,997
AL212021,Wanda,2021-11-02 00:00:00,TS,,34.4,-41.9,35,997
AL212021,Wanda,2021-11-02 06:00:00,TS,,34.9,-41.3,40,996
AL212021,Wanda,2021-11-02 12:00:00,TS,,35.5,-40.7,40,996
AL212021,Wanda,2021-11-02 18:00:00,TS,,36.2,-40.5,40,996
AL212021,Wanda,2021-11-03 00:00:00,TS,,36.9,-40.4,40,996
AL212021,Wanda,2021-11-03 06:00:00,TS,,37.6,-40.2,40,995
AL212021,Wanda,2021-11-03 12:00:00,TS,,38.4,-39.9,40,994
AL212021,Wanda,2021-11-03 18:00:00,TS,,39.3,-39.7,45,992
AL212021,Wanda,2021-11-04 00:00:00,TS,,40.2,-39.7,45,992
AL212021,Wanda,2021-11-04 06:00:00,TS,,41.0,-39.7,45,992
AL212021,Wanda,2021-11-04 12:00:00,TS,,41.7,-39.7,40,994
AL212021,Wanda,2021-11-04 18:00:00,TS,,42.1,-39.6,40,994
AL212021,Wanda,2021-11-05 00:00:00,TS,,42.3,-39.0,45,992
AL212021,Wanda,2021-11-05 06:00:00,TS,,42.0,-38.3,45,992
AL212021,Wanda,2021-11-05 12:00:00,TS,,41.1,-37.8,45,993
AL212021,Wanda,2021-11-05 18:00:00,TS,,39.6,-37.5,45,996
AL212021,Wanda,2021-11-06 00:00:00,TS,,38.4,-38.0,45,999
AL212021,Wanda,2021-11-06 06:00:00,TS,,37.6,-38.3,45,1000
AL212021,Wanda,2021-11-06 12:00:00,TS,,37.2,-38.4,40,1001
AL212021,Wanda,2021-11-06 18:00:00,TS,,37.1,-38.0,35,1002
AL212021,Wanda,2021-11-07 00:00:00,TS,,37.4,-37.4,35,1003
AL212021,Wanda,2021-11-07 06:00:00,TS,,38.1,-36.4,35,1004
AL012022,Alex,2022-06-05 00:00:00,TS,,28.0,-78.8,40,999
AL012022,Alex,2022-06-05 06:00:00,TS,,28.8,-77.2,45,995
AL012022,Alex,2022-06-05 12:00:00,TS,,29.9,-75.0,50,993
AL012022,Alex,2022-06-05 18:00:00,TS,,31.0,-72.5,60,985
AL012022,Alex,2022-06-06 00:00:00,TS,,32.1,-70.2,60,984
AL012022,Alex,2022-06-06 06:00:00,TS,,33.0,-67.8,55,987
AL022022,Bonnie,2022-07-01 06:00:00,TS,,11.6,-78.5,35,1005
AL022022,Bonnie,2022-07-01 12:00:00,TS,,11.3,-80.2,35,1005
AL022022,Bonnie,2022-07-01 18:00:00,TS,,11.2,-81.8,40,1004
AL032022,Colin,2022-07-01 18:00:00,TD,,31.8,-80.5,30,1014
AL032022,Colin,2022-07-01 23:30:00,TS,L,32.4,-80.5,35,1011
AL022022,Bonnie,2022-07-02 00:00:00,TS,,10.9,-83.1,50,996
AL032022,Colin,2022-07-02 00:00:00,TS,,32.5,-80.4,35,1011
AL022022,Bonnie,2022-07-02 03:00:00,TS,L,11.0,-83.8,50,996
AL022022,Bonnie,2022-07-02 06:00:00,TS,,11.1,-84.5,40,1000
AL032022,Colin,2022-07-02 06:00:00,TS,,33.0,-79.9,35,1011
AL022022,Bonnie,2022-07-02 12:00:00,TS,,11.2,-85.9,35,1002
AL032022,Colin,2022-07-02 12:00:00,TS,,33.4,-79.4,35,1011
AL022022,Bonnie,2022-07-02 18:00:00,TS,,11.2,-87.4,45,999
AL032022,Colin,2022-07-02 18:00:00,TD,,33.8,-78.9,30,1015
AL022022,Bonnie,2022-07-03 00:00:00,TS,,11.2,-88.9,50,997
AL022022,Bonnie,2022-07-03 06:00:00,TS,,11.5,-90.4,50,997
AL022022,Bonnie,2022-07-03 12:00:00,TS,,11.8,-91.9,55,995
AL022022,Bonnie,2022-07-03 18:00:00,TS,,12.2,-93.4,60,993
AL022022,Bonnie,2022-07-04 00:00:00,HU,,12.9,-94.9,65,989
AL022022,Bonnie,2022-07-04 06:00:00,HU,,13.4,-96.6,70,987
AL022022,Bonnie,2022-07-04 12:00:00,HU,,13.6,-98.2,75,984
AL022022,Bonnie,2022-07-04 18:00:00,HU,,13.8,-99.6,85,978
AL022022,Bonnie,2022-07-05 00:00:00,HU,,14.4,-100.9,90,974
AL022022,Bonnie,2022-07-05 06:00:00,HU,,14.9,-102.4,95,968
AL022022,Bonnie,2022-07-05 12:00:00,HU,,15.1,-103.8,100,964
AL022022,Bonnie,2022-07-05 18:00:00,HU,,15.4,-105.1,95,967
AL022022,Bonnie,2022-07-06 00:00:00,HU,,15.6,-106.4,90,970
AL022022,Bonnie,2022-07-06 06:00:00,HU,,15.8,-107.6,85,974
AL022022,Bonnie,2022-07-06 12:00:00,HU,,16.0,-108.5,85,975
AL022022,Bonnie,2022-07-06 18:00:00,HU,,16.3,-109.5,85,975
AL022022,Bonnie,2022-07-07 00:00:00,HU,,16.6,-110.6,80,980
AL022022,Bonnie,2022-07-07 06:00:00,HU,,16.9,-111.8,80,980
AL022022,Bonnie,2022-07-07 12:00:00,HU,,17.2,-113.1,80,980
AL022022,Bonnie,2022-07-07 18:00:00,HU,,17.5,-114.5,85,976
AL022022,Bonnie,2022-07-08 00:00:00,HU,,17.8,-116.1,85,976
AL022022,Bonnie,2022-07-08 06:00:00,HU,,18.0,-117.7,75,982
AL022022,Bonnie,2022-07-08 12:00:00,HU,,18.2,-119.3,65,989
AL022022,Bonnie,2022-07-08 18:00:00,TS,,18.6,-121.0,55,998
AL022022,Bonnie,2022-07-09 00:00:00,TS,,19.0,-122.8,50,1001
AL022022,Bonnie,2022-07-09 06:00:00,TS,,19.2,-124.7,45,1002
AL022022,Bonnie,2022-07-09 12:00:00,TS,,19.4,-126.6,40,1005
AL052022,Danielle,2022-09-01 06:00:00,TD,,38.1,-45.2,30,1011
AL052022,Danielle,2022-09-01 12:00:00,TS,,38.1,-44.8,35,1007
AL052022,Danielle,2022-09-01 18:00:00,TS,,38.0,-44.4,45,1002
AL052022,Danielle,2022-09-02 00:00:00,TS,,37.9,-44.1,55,996
AL052022,Danielle,2022-09-02 06:00:00,TS,,37.8,-43.8,60,990
AL052022,Danielle,2022-09-02 12:00:00,HU,,37.8,-43.6,65,986
AL052022,Danielle,2022-09-02 18:00:00,HU,,37.9,-43.5,65,985
AL062022,Earl,2022-09-02 18:00:00,TS,,17.9,-58.6,35,1006
AL052022,Danielle,2022-09-03 00:00:00,HU,,38.0,-43.6,65,986
AL062022,Earl,2022-09-03 00:00:00,TS,,18.3,-59.8,40,1005
AL052022,Danielle,2022-09-03 06:00:00,TS,,38.0,-43.8,60,989
AL062022,Earl,2022-09-03 06:00:00,TS,,18.6,-60.9,40,1004
AL052022,Danielle,2022-09-03 12:00:00,TS,,38.0,-44.2,60,989
AL062022,Earl,2022-09-03 12:00:00,TS,,18.9,-61.9,40,1002
AL052022,Danielle,2022-09-03 18:00:00,TS,,38.0,-44.6,60,989
AL062022,Earl,2022-09-03 18:00:00,TS,,19.2,-62.9,45,999
AL052022,Danielle,2022-09-04 00:00:00,HU,,37.9,-45.0,65,986
AL062022,Earl,2022-09-04 00:00:00,TS,,19.4,-63.6,45,999
AL052022,Danielle,2022-09-04 06:00:00,HU,,37.9,-45.3,70,982
AL062022,Earl,2022-09-04 06:00:00,TS,,19.5,-64.1,45,999
AL052022,Danielle,2022-09-04 12:00:00,HU,,38.1,-45.4,70,979
AL062022,Earl,2022-09-04 12:00:00,TS,,19.8,-64.6,45,999
AL052022,Danielle,2022-09-04 18:00:00,HU,,38.4,-45.2,75,976
AL062022,Earl,2022-09-04 18:00:00,TS,,20.0,-65.0,50,998
AL052022,Danielle,2022-09-05 00:00:00,HU,,38.7,-45.0,75,975
AL062022,Earl,2022-09-05 00:00:00,TS,,20.3,-65.3,50,998
AL052022,Danielle,2022-09-05 06:00:00,HU,,39.2,-44.6,75,975
AL062022,Earl,2022-09-05 06:00:00,TS,,20.8,-65.4,55,998
AL052022,Danielle,2022-09-05 12:00:00,HU,,39.9,-44.1,75,975
AL062022,Earl,2022-09-05 12:00:00,TS,,21.5,-65.2,55,998
AL052022,Danielle,2022-09-05 18:00:00,HU,,40.6,-43.6,75,976
AL062022,Earl,2022-09-05 18:00:00,TS,,22.0,-65.2,60,997
AL052022,Danielle,2022-09-06 00:00:00,HU,,41.3,-43.1,70,980
AL062022,Earl,2022-09-06 00:00:00,TS,,22.5,-65.2,60,991
AL052022,Danielle,2022-09-06 06:00:00,HU,,41.8,-42.5,65,982
AL062022,Earl,2022-09-06 06:00:00,TS,,23.1,-65.3,55,995
AL052022,Danielle,2022-09-06 12:00:00,HU,,42.1,-41.8,65,982
AL062022,Earl,2022-09-06 12:00:00,TS,,23.5,-65.7,55,996
AL052022,Danielle,2022-09-06 18:00:00,HU,,42.3,-41.0,65,980
AL062022,Earl,2022-09-06 18:00:00,HU,,23.9,-65.7,65,994
AL052022,Danielle,2022-09-07 00:00:00,HU,,42.5,-39.9,65,978
AL062022,Earl,2022-09-07 00:00:00,HU,,24.5,-65.8,70,985
AL052022,Danielle,2022-09-07 06:00:00,HU,,42.9,-38.6,70,974
AL062022,Earl,2022-09-07 06:00:00,HU,,25.0,-65.9,75,982
AL052022,Danielle,2022-09-07 12:00:00,HU,,43.5,-37.2,70,972
AL062022,Earl,2022-09-07 12:00:00,HU,,25.4,-65.8,75,978
AL052022,Danielle,2022-09-07 18:00:00,HU,,44.4,-35.6,70,972
AL062022,Earl,2022-09-07 18:00:00,HU,,26.1,-65.6,80,974
AL052022,Danielle,2022-09-08 00:00:00,HU,,45.3,-33.9,65,973
AL062022,Earl,2022-09-08 00:00:00,HU,,26.8,-65.5,90,970
AL052022,Danielle,2022-09-08 06:00:00,TS,,46.2,-32.4,60,974
AL062022,Earl,2022-09-08 06:00:00,HU,,27.7,-65.5,90,969
AL062022,Earl,2022-09-08 12:00:00,HU,,28.7,-65.3,85,962
AL062022,Earl,2022-09-08 18:00:00,HU,,29.7,-64.8,80,962
AL062022,Earl,2022-09-09 00:00:00,HU,,30.6,-64.3,80,964
AL062022,Earl,2022-09-09 06:00:00,HU,,31.9,-63.2,80,963
AL062022,Earl,2022-09-09 12:00:00,HU,,33.4,-61.9,85,961
AL062022,Earl,2022-09-09 18:00:00,HU,,34.9,-59.8,90,954
AL062022,Earl,2022-09-10 00:00:00,HU,,37.1,-56.8,95,948
AL062022,Earl,2022-09-10 06:00:00,HU,,40.0,-54.3,90,955
AL062022,Earl,2022-09-10 12:00:00,HU,,42.4,-53.3,80,964
AL072022,Fiona,2022-09-14 06:00:00,TD,,16.0,-47.9,25,1010
AL072022,Fiona,2022-09-14 12:00:00,TD,,16.4,-49.1,30,1009
AL072022,Fiona,2022-09-14 18:00:00,TS,,16.6,-50.1,35,1006
AL072022,Fiona,2022-09-15 00:00:00,TS,,16.6,-51.3,45,1002
AL072022,Fiona,2022-09-15 06:00:00,TS,,16.5,-52.4,45,1002
AL072022,Fiona,2022-09-15 12:00:00,TS,,16.4,-53.6,45,1002
AL072022,Fiona,2022-09-15 18:00:00,TS,,16.3,-54.8,50,1006
AL072022,Fiona,2022-09-16 00:00:00,TS,,16.1,-56.2,50,1005
AL072022,Fiona,2022-09-16 06:00:00,TS,,15.8,-57.5,50,1005
AL072022,Fiona,2022-09-16 12:00:00,TS,,15.8,-58.8,45,1005
AL072022,Fiona,2022-09-16 18:00:00,TS,,16.3,-60.4,45,1005
AL072022,Fiona,2022-09-16 23:15:00,TS,L,16.4,-61.4,50,1002
AL072022,Fiona,2022-09-17 00:00:00,TS,,16.4,-61.6,50,1002
AL072022,Fiona,2022-09-17 06:00:00,TS,,16.3,-62.6,50,1000
AL072022,Fiona,2022-09-17 12:00:00,TS,,16.4,-63.3,50,1000
AL072022,Fiona,2022-09-17 18:00:00,TS,,16.5,-64.0,50,1002
AL072022,Fiona,2022-09-18 00:00:00,TS,,16.5,-64.7,50,997
AL072022,Fiona,2022-09-18 06:00:00,TS,,16.9,-65.5,55,994
AL072022,Fiona,2022-09-18 12:00:00,HU,,17.2,-66.2,65,990
AL072022,Fiona,2022-09-18 18:00:00,HU,,17.8,-66.9,75,986
AL072022,Fiona,2022-09-18 19:20:00,HU,L,18.0,-67.1,75,986
AL072022,Fiona,2022-09-19 00:00:00,HU,,18.1,-67.8,75,984
AL072022,Fiona,2022-09-19 06:00:00,HU,,18.2,-68.4,80,977
AL072022,Fiona,2022-09-19 07:30:00,HU,L,18.4,-68.5,80,976
AL072022,Fiona,2022-09-19 12:00:00,HU,,18.8,-68.9,75,980
AL072022,Fiona,2022-09-19 18:00:00,HU,,19.5,-69.5,85,972
AL072022,Fiona,2022-09-20 00:00:00,HU,,20.2,-70.1,95,974
AL072022,Fiona,2022-09-20 06:00:00,HU,,20.8,-70.7,100,967
AL072022,Fiona,2022-09-20 11:00:00,HU,L,21.4,-71.1,100,962
AL072022,Fiona,2022-09-20 12:00:00,HU,,21.5,-71.2,100,961
AL082022,Gaston,2022-09-20 12:00:00,TD,,32.5,-45.8,30,1013
AL072022,Fiona,2022-09-20 18:00:00,HU,,22.3,-71.7,100,959
AL082022,Gaston,2022-09-20 18:00:00,TS,,34.0,-45.0,35,1009
AL072022,Fiona,2022-09-21 00:00:00,HU,,22.9,-71.8,110,951
AL082022,Gaston,2022-09-21 00:00:00,TS,,35.5,-44.1,45,1004
AL072022,Fiona,2022-09-21 06:00:00,HU,,23.5,-71.8,120,939
AL082022,Gaston,2022-09-21 06:00:00,TS,,36.9,-43.1,55,999
AL072022,Fiona,2022-09-21 12:00:00,HU,,24.2,-71.7,115,937
AL082022,Gaston,2022-09-21 12:00:00,TS,,37.9,-42.0,55,998
AL072022,Fiona,2022-09-21 18:00:00,HU,,25.1,-71.6,115,937
AL082022,Gaston,2022-09-21 18:00:00,TS,,38.6,-40.7,55,998
AL072022,Fiona,2022-09-22 00:00:00,HU,,26.0,-71.4,115,934
AL082022,Gaston,2022-09-22 00:00:00,TS,,39.4,-38.6,55,998
AL072022,Fiona,2022-09-22 06:00:00,HU,,26.9,-71.1,115,934
AL082022,Gaston,2022-09-22 06:00:00,TS,,40.1,-36.5,55,998
AL072022,Fiona,2022-09-22 12:00:00,HU,,28.0,-70.6,115,936
AL082022,Gaston,2022-09-22 12:00:00,TS,,40.7,-34.8,55,996
AL072022,Fiona,2022-09-22 18:00:00,HU,,29.5,-70.0,115,936
AL082022,Gaston,2022-09-22 18:00:00,TS,,41.0,-33.1,55,994
AL072022,Fiona,2022-09-23 00:00:00,HU,,30.9,-69.0,115,931
AL082022,Gaston,2022-09-23 00:00:00,TS,,41.1,-31.5,55,995
AL072022,Fiona,2022-09-23 06:00:00,HU,,32.5,-67.5,115,936
AL082022,Gaston,2022-09-23 06:00:00,TS,,40.9,-30.1,55,995
AL092022,Ian,2022-09-23 06:00:00,TD,,13.7,-68.1,30,1006
AL072022,Fiona,2022-09-23 12:00:00,HU,,34.3,-65.0,115,935
AL082022,Gaston,2022-09-23 12:00:00,TS,,40.5,-29.2,55,995
AL092022,Ian,2022-09-23 12:00:00,TD,,14.2,-69.3,30,1006
AL102022,Hermine,2022-09-23 12:00:00,TD,,17.4,-19.9,30,1004
AL072022,Fiona,2022-09-23 18:00:00,HU,,37.8,-61.7,110,940
AL082022,Gaston,2022-09-23 18:00:00,TS,,39.8,-28.8,50,997
AL092022,Ian,2022-09-23 18:00:00,TD,,14.6,-70.6,30,1006
AL102022,Hermine,2022-09-23 18:00:00,TS,,18.1,-20.3,35,1003
AL082022,Gaston,2022-09-24 00:00:00,TS,,39.1,-29.2,45,999
AL092022,Ian,2022-09-24 00:00:00,TS,,14.7,-71.7,35,1005
AL102022,Hermine,2022-09-24 00:00:00,TS,,18.7,-20.7,35,1003
AL082022,Gaston,2022-09-24 06:00:00,TS,,38.7,-29.7,45,1000
AL092022,Ian,2022-09-24 06:00:00,TS,,14.7,-72.9,35,1005
AL102022,Hermine,2022-09-24 06:00:00,TS,,19.4,-20.9,35,1004
AL082022,Gaston,2022-09-24 12:00:00,TS,,38.2,-30.4,40,1001
AL092022,Ian,2022-09-24 12:00:00,TS,,14.5,-74.4,40,1003
AL102022,Hermine,2022-09-24 12:00:00,TD,,20.3,-20.9,30,1005
AL082022,Gaston,2022-09-24 18:00:00,TS,,38.0,-31.4,45,998
AL092022,Ian,2022-09-24 18:00:00,TS,,14.4,-75.8,40,1003
AL102022,Hermine,2022-09-24 18:00:00,TD,,21.4,-20.7,30,1006
AL082022,Gaston,2022-09-25 00:00:00,TS,,38.4,-32.7,45,998
AL092022,Ian,2022-09-25 00:00:00,TS,,14.6,-77.2,40,1003
AL082022,Gaston,2022-09-25 06:00:00,TS,,38.9,-34.1,45,999
AL092022,Ian,2022-09-25 06:00:00,TS,,14.6,-78.3,40,1003
AL082022,Gaston,2022-09-25 12:00:00,TS,,39.4,-35.7,45,999
AL092022,Ian,2022-09-25 12:00:00,TS,,15.0,-79.4,40,1003
AL082022,Gaston,2022-09-25 18:00:00,TS,,39.2,-37.0,40,1000
AL092022,Ian,2022-09-25 18:00:00,TS,,15.8,-80.1,40,1003
AL092022,Ian,2022-09-26 00:00:00,TS,,16.8,-80.9,50,991
AL092022,Ian,2022-09-26 06:00:00,HU,,17.7,-81.7,65,985
AL092022,Ian,2022-09-26 12:00:00,HU,,18.7,-82.4,70,981
AL092022,Ian,2022-09-26 18:00:00,HU,,19.7,-83.0,80,976
AL092022,Ian,2022-09-27 00:00:00,HU,,20.8,-83.3,85,965
AL092022,Ian,2022-09-27 06:00:00,HU,,21.8,-83.6,100,956
AL092022,Ian,2022-09-27 08:30:00,HU,L,22.2,-83.7,110,947
AL092022,Ian,2022-09-27 12:00:00,HU,,22.6,-83.6,100,963
AL092022,Ian,2022-09-27 18:00:00,HU,,23.5,-83.3,105,951
AL092022,Ian,2022-09-28 00:00:00,HU,,24.4,-83.0,105,947
AL112022,Eleven,2022-09-28 00:00:00,TD,,14.5,-34.3,30,1008
AL092022,Ian,2022-09-28 02:00:00,HU,L,24.6,-82.9,110,952
AL092022,Ian,2022-09-28 06:00:00,HU,,25.2,-82.9,120,945
AL112022,Eleven,2022-09-28 06:00:00,TD,,15.1,-34.2,30,1008
AL092022,Ian,2022-09-28 12:00:00,HU,,26.0,-82.7,140,937
AL112022,Eleven,2022-09-28 12:00:00,TD,,15.7,-34.3,25,1009
AL092022,Ian,2022-09-28 18:00:00,HU,,26.6,-82.4,135,938
AL112022,Eleven,2022-09-28 18:00:00,TD,,16.2,-34.7,25,1009
AL092022,Ian,2022-09-28 19:05:00,HU,L,26.7,-82.2,130,941
AL092022,Ian,2022-09-28 20:35:00,HU,L,26.8,-82.0,125,945
AL092022,Ian,2022-09-29 00:00:00,HU,,27.2,-81.7,100,960
AL112022,Eleven,2022-09-29 00:00:00,TD,,16.7,-35.2,25,1009
AL092022,Ian,2022-09-29 06:00:00,HU,,27.7,-81.1,65,985
AL112022,Eleven,2022-09-29 06:00:00,TD,,17.5,-36.0,25,1009
AL092022,Ian,2022-09-29 12:00:00,TS,,28.4,-80.6,60,987
AL092022,Ian,2022-09-29 18:00:00,HU,,28.9,-80.1,65,986
AL092022,Ian,2022-09-30 00:00:00,HU,,29.6,-79.4,70,986
AL092022,Ian,2022-09-30 06:00:00,HU,,30.3,-79.1,75,984
AL092022,Ian,2022-09-30 12:00:00,HU,,31.5,-79.0,75,980
AL092022,Ian,2022-09-30 18:00:00,HU,,33.3,-79.2,70,978
AL092022,Ian,2022-09-30 18:05:00,HU,L,33.3,-79.2,70,978
AL122022,Twelve,2022-10-04 12:00:00,TD,,13.6,-29.5,30,1007
AL122022,Twelve,2022-10-04 18:00:00,TD,,14.2,-30.2,30,1007
AL122022,Twelve,2022-10-05 00:00:00,TD,,14.6,-30.5,30,1007
AL122022,Twelve,2022-10-05 06:00:00,TD,,15.0,-30.9,30,1007
AL122022,Twelve,2022-10-05 12:00:00,TD,,15.3,-31.5,30,1007
AL122022,Twelve,2022-10-05 18:00:00,TD,,16.0,-31.9,30,1007
AL122022,Twelve,2022-10-06 00:00:00,TD,,17.0,-32.1,30,1007
AL122022,Twelve,2022-10-06 06:00:00,TD,,17.7,-32.8,30,1007
AL122022,Twelve,2022-10-06 12:00:00,TD,,18.1,-33.9,30,1008
AL122022,Twelve,2022-10-06 18:00:00,TD,,18.7,-35.0,30,1009
AL132022,Julia,2022-10-07 00:00:00,TD,,11.9,-69.2,30,1004
AL132022,Julia,2022-10-07 03:00:00,TD,L,12.0,-69.8,30,1004
AL132022,Julia,2022-10-07 06:00:00,TD,,12.1,-70.6,30,1004
AL132022,Julia,2022-10-07 08:30:00,TD,L,12.2,-71.2,30,1004
AL132022,Julia,2022-10-07 12:00:00,TS,,12.5,-72.1,35,1002
AL132022,Julia,2022-10-07 18:00:00,TS,,12.8,-73.8,40,1002
AL132022,Julia,2022-10-08 00:00:00,TS,,12.8,-75.5,45,999
AL132022,Julia,2022-10-08 06:00:00,TS,,12.7,-77.2,50,999
AL132022,Julia,2022-10-08 12:00:00,TS,,12.7,-78.9,55,994
AL132022,Julia,2022-10-08 18:00:00,TS,,12.6,-80.5,60,993
AL132022,Julia,2022-10-09 00:00:00,HU,,12.5,-82.0,65,989
AL132022,Julia,2022-10-09 06:00:00,HU,,12.4,-83.3,75,982
AL132022,Julia,2022-10-09 07:15:00,HU,L,12.4,-83.6,75,982
AL132022,Julia,2022-10-09 12:00:00,HU,,12.3,-84.7,65,985
AL132022,Julia,2022-10-09 18:00:00,TS,,12.3,-86.2,45,988
AL132022,Julia,2022-10-10 00:00:00,TS,,12.6,-87.6,40,993
AL132022,Julia,2022-10-10 06:00:00,TS,,13.1,-88.8,35,998
AL132022,Julia,2022-10-10 11:00:00,TS,L,13.6,-89.7,35,1001
AL132022,Julia,2022-10-10 12:00:00,TD,,13.7,-89.9,30,1002
AL142022,Karl,2022-10-11 12:00:00,TD,,19.0,-94.1,30,1007
AL142022,Karl,2022-10-11 18:00:00,TS,,19.6,-94.5,35,1006
AL142022,Karl,2022-10-12 00:00:00,TS,,20.2,-94.8,35,1005
AL142022,Karl,2022-10-12 06:00:00,TS,,20.9,-94.9,35,1004
AL142022,Karl,2022-10-12 12:00:00,TS,,21.5,-94.8,40,1002
AL142022,Karl,2022-10-12 18:00:00,TS,,22.0,-94.6,50,1000
AL142022,Karl,2022-10-13 00:00:00,TS,,22.4,-94.3,50,1000
AL142022,Karl,2022-10-13 06:00:00,TS,,22.4,-94.3,45,1000
AL142022,Karl,2022-10-13 12:00:00,TS,,21.9,-94.0,45,1000
AL142022,Karl,2022-10-13 18:00:00,TS,,21.3,-93.6,40,999
AL142022,Karl,2022-10-14 00:00:00,TS,,20.9,-93.0,40,998
AL142022,Karl,2022-10-14 06:00:00,TS,,20.3,-92.6,35,997
AL142022,Karl,2022-10-14 12:00:00,TS,,19.8,-92.6,35,997
AL142022,Karl,2022-10-14 18:00:00,TS,,19.4,-92.6,35,999
AL152022,Lisa,2022-10-31 12:00:00,TS,,15.5,-76.7,35,1003
AL152022,Lisa,2022-10-31 18:00:00,TS,,15.5,-77.8,40,1002
AL152022,Lisa,2022-11-01 00:00:00,TS,,15.6,-78.8,40,1002
AL152022,Lisa,2022-11-01 06:00:00,TS,,15.9,-79.9,40,1003
AL152022,Lisa,2022-11-01 12:00:00,TS,,16.2,-81.2,45,1002
AL162022,Martin,2022-11-01 12:00:00,TS,,35.3,-56.7,40,998
AL152022,Lisa,2022-11-01 18:00:00,TS,,16.5,-82.5,50,1001
AL162022,Martin,2022-11-01 18:00:00,TS,,35.3,-55.4,45,993
AL152022,Lisa,2022-11-02 00:00:00,TS,,16.7,-84.1,55,993
AL162022,Martin,2022-11-02 00:00:00,TS,,35.1,-54.2,50,991
AL152022,Lisa,2022-11-02 06:00:00,TS,,17.0,-85.5,60,992
AL162022,Martin,2022-11-02 06:00:00,TS,,35.0,-53.0,55,989
AL152022,Lisa,2022-11-02 12:00:00,HU,,17.1,-86.7,70,990
AL162022,Martin,2022-11-02 12:00:00,HU,,35.1,-50.9,65,983
AL152022,Lisa,2022-11-02 18:00:00,HU,,17.3,-87.7,75,988
AL162022,Martin,2022-11-02 18:00:00,HU,,36.1,-48.9,75,974
AL152022,Lisa,2022-11-02 21:30:00,HU,L,17.4,-88.3,80,985
AL152022,Lisa,2022-11-03 00:00:00,HU,,17.5,-88.6,65,990
AL162022,Martin,2022-11-03 00:00:00,HU,,38.0,-46.4,75,970
AL152022,Lisa,2022-11-03 06:00:00,TS,,17.7,-89.6,45,998
AL162022,Martin,2022-11-03 06:00:00,HU,,40.3,-43.6,75,965
AL152022,Lisa,2022-11-03 12:00:00,TD,,17.9,-90.6,30,1008
AL152022,Lisa,2022-11-03 18:00:00,TD,,18.0,-91.7,30,1008
AL152022,Lisa,2022-11-04 00:00:00,TD,,18.1,-92.7,30,1008
AL152022,Lisa,2022-11-04 06:00:00,TD,,18.3,-93.6,30,1008
AL152022,Lisa,2022-11-04 12:00:00,TD,,18.7,-94.5,25,1008
AL152022,Lisa,2022-11-04 18:00:00,TD,,19.2,-95.2,25,1008
AL152022,Lisa,2022-11-05 00:00:00,TD,,19.4,-95.4,25,1008
AL152022,Lisa,2022-11-05 06:00:00,TD,,19.7,-95.4,25,1008
AL172022,Nicole,2022-11-07 06:00:00,SS,,25.2,-68.2,40,1004
AL172022,Nicole,2022-11-07 12:00:00,SS,,25.9,-69.3,40,1002
AL172022,Nicole,2022-11-07 18:00:00,SS,,26.4,-70.3,40,1001
AL172022,Nicole,2022-11-08 00:00:00,SS,,26.8,-70.7,40,998
AL172022,Nicole,2022-11-08 06:00:00,SS,,27.5,-71.2,40,996
AL172022,Nicole,2022-11-08 12:00:00,SS,,27.7,-72.1,45,993
AL172022,Nicole,2022-11-08 18:00:00,TS,,27.6,-73.3,50,991
AL172022,Nicole,2022-11-09 00:00:00,TS,,27.2,-74.3,60,984
AL172022,Nicole,2022-11-09 06:00:00,TS,,26.8,-75.3,60,986
AL172022,Nicole,2022-11-09 12:00:00,TS,,26.5,-76.2,55,985
AL172022,Nicole,2022-11-09 17:00:00,TS,L,26.5,-77.1,60,985
AL172022,Nicole,2022-11-09 18:00:00,TS,,26.5,-77.3,60,985
AL172022,Nicole,2022-11-09 23:00:00,HU,L,26.6,-78.2,65,980
AL172022,Nicole,2022-11-10 00:00:00,HU,,26.7,-78.4,65,980
AL172022,Nicole,2022-11-10 06:00:00,HU,,27.3,-79.8,65,980
AL172022,Nicole,2022-11-10 07:45:00,HU,L,27.6,-80.3,65,980
AL172022,Nicole,2022-11-10 12:00:00,TS,,28.0,-81.6,55,984
AL172022,Nicole,2022-11-10 18:00:00,TS,,29.0,-82.8,40,989
AL172022,Nicole,2022-11-10 19:00:00,TS,L,29.2,-83.0,40,989
AL172022,Nicole,2022-11-11 00:00:00,TS,L,30.1,-84.0,35,992
AL172022,Nicole,2022-11-11 06:00:00,TD,,31.2,-84.6,30,996
AL172022,Nicole,2022-11-11 12:00:00,TD,,33.2,-84.6,25,999
AL012023,Unnamed,2023-01-16 12:00:00,SS,,37.1,-66.1,50,982
AL012023,Unnamed,2023-01-16 18:00:00,SS,,37.6,-63.6,55,980
AL012023,Unnamed,2023-01-17 00:00:00,SS,,39.8,-61.6,60,976
AL012023,Unnamed,2023-01-17 06:00:00,SS,,42.4,-60.6,55,977
AL012023,Unnamed,2023-01-17 12:00:00,SS,,45.5,-60.0,45,981
AL012023,Unnamed,2023-01-17 12:45:00,SS,L,45.9,-60.0,45,983
AL022023,Arlene,2023-06-01 12:00:00,TD,,27.7,-86.2,30,1007
AL022023,Arlene,2023-06-01 18:00:00,TD,,28.0,-86.5,30,1007
AL022023,Arlene,2023-06-02 00:00:00,TD,,27.7,-86.5,30,1006
AL022023,Arlene,2023-06-02 06:00:00,TS,,27.3,-86.4,35,1004
AL022023,Arlene,2023-06-02 12:00:00,TS,,27.0,-86.3,35,1002
AL022023,Arlene,2023-06-02 18:00:00,TS,,26.7,-86.0,35,1000
AL022023,Arlene,2023-06-03 00:00:00,TS,,25.9,-85.7,35,998
AL022023,Arlene,2023-06-03 06:00:00,TD,,25.0,-85.6,30,999
AL032023,Bret,2023-06-19 06:00:00,TD,,10.7,-37.3,30,1009
AL032023,Bret,2023-06-19 12:00:00,TD,,10.9,-39.1,30,1009
AL032023,Bret,2023-06-19 18:00:00,TS,,11.1,-40.9,35,1008
AL032023,Bret,2023-06-20 00:00:00,TS,,11.3,-42.7,35,1008
AL032023,Bret,2023-06-20 06:00:00,TS,,11.5,-44.5,35,1008
AL032023,Bret,2023-06-20 12:00:00,TS,,11.7,-46.3,35,1008
AL032023,Bret,2023-06-20 18:00:00,TS,,12.0,-48.0,40,1006
AL032023,Bret,2023-06-21 00:00:00,TS,,12.4,-49.4,45,1004
AL032023,Bret,2023-06-21 06:00:00,TS,,12.7,-50.7,50,1001
AL032023,Bret,2023-06-21 12:00:00,TS,,13.0,-52.0,50,1001
AL032023,Bret,2023-06-21 18:00:00,TS,,13.3,-53.3,55,1000
AL032023,Bret,2023-06-22 00:00:00,TS,,13.4,-54.6,55,999
AL042023,Cindy,2023-06-22 00:00:00,TD,,10.4,-39.9,30,1008
AL032023,Bret,2023-06-22 06:00:00,TS,,13.5,-55.9,60,996
AL042023,Cindy,2023-06-22 06:00:00,TD,,10.7,-41.1,30,1008
AL032023,Bret,2023-06-22 12:00:00,TS,,13.5,-57.3,60,998
AL042023,Cindy,2023-06-22 12:00:00,TD,,11.0,-42.3,30,1008
AL032023,Bret,2023-06-22 18:00:00,TS,,13.4,-58.8,55,1000
AL042023,Cindy,2023-06-22 18:00:00,TD,,11.3,-43.5,30,1008
AL032023,Bret,2023-06-23 00:00:00,TS,,13.3,-60.3,55,1001
AL042023,Cindy,2023-06-23 00:00:00,TS,,11.5,-44.8,35,1007
AL032023,Bret,2023-06-23 03:15:00,TS,L,13.3,-61.2,55,1001
AL032023,Bret,2023-06-23 06:00:00,TS,,13.3,-62.0,50,1001
AL042023,Cindy,2023-06-23 06:00:00,TS,,11.8,-46.1,40,1006
AL032023,Bret,2023-06-23 12:00:00,TS,,13.2,-63.8,50,1002
AL042023,Cindy,2023-06-23 12:00:00,TS,,12.2,-47.5,45,1005
AL032023,Bret,2023-06-23 18:00:00,TS,,13.1,-65.6,45,1003
AL042023,Cindy,2023-06-23 18:00:00,TS,,12.8,-48.8,45,1005
AL032023,Bret,2023-06-24 00:00:00,TS,,13.0,-67.4,45,1004
AL042023,Cindy,2023-06-24 00:00:00,TS,,13.6,-50.0,45,1005
AL032023,Bret,2023-06-24 06:00:00,TS,,13.0,-69.2,40,1005
AL042023,Cindy,2023-06-24 06:00:00,TS,,14.6,-51.2,50,1004
AL032023,Bret,2023-06-24 12:00:00,TS,,13.0,-70.9,40,1007
AL042023,Cindy,2023-06-24 12:00:00,TS,,15.7,-52.5,50,1004
AL042023,Cindy,2023-06-24 18:00:00,TS,,16.8,-53.9,50,1005
AL042023,Cindy,2023-06-25 00:00:00,TS,,18.2,-55.2,45,1006
AL042023,Cindy,2023-06-25 06:00:00,TS,,19.4,-56.4,45,1007
AL042023,Cindy,2023-06-25 12:00:00,TS,,20.5,-57.6,40,1009
AL042023,Cindy,2023-06-25 18:00:00,TS,,21.6,-58.8,40,1010
AL042023,Cindy,2023-06-26 00:00:00,TS,,22.5,-59.9,35,1011
AL052023,Don,2023-07-14 00:00:00,SS,,32.5,-46.7,45,1002
AL052023,Don,2023-07-14 06:00:00,SS,,32.9,-46.8,45,1002
AL052023,Don,2023-07-14 12:00:00,SS,,33.4,-47.0,40,1004
AL052023,Don,2023-07-14 18:00:00,SS,,33.8,-47.2,40,1004
AL052023,Don,2023-07-15 00:00:00,SS,,34.3,-47.2,40,1004
AL052023,Don,2023-07-15 06:00:00,SS,,35.3,-47.7,40,1005
AL052023,Don,2023-07-15 12:00:00,SS,,36.2,-48.4,40,1006
AL052023,Don,2023-07-15 18:00:00,SS,,37.1,-48.7,35,1007
AL052023,Don,2023-07-16 00:00:00,SS,,37.8,-48.8,35,1007
AL052023,Don,2023-07-16 06:00:00,SS,,38.4,-48.7,35,1007
AL052023,Don,2023-07-16 12:00:00,SD,,38.9,-48.5,30,1009
AL052023,Don,2023-07-16 18:00:00,SD,,39.4,-47.5,30,1010
AL052023,Don,2023-07-17 00:00:00,SD,,39.5,-46.4,30,1010
AL052023,Don,2023-07-17 06:00:00,TD,,39.3,-45.0,30,1010
AL052023,Don,2023-07-17 12:00:00,TD,,38.9,-43.6,30,1010
AL052023,Don,2023-07-17 18:00:00,TD,,38.4,-42.2,30,1010
AL052023,Don,2023-07-18 00:00:00,TS,,37.8,-40.9,35,1008
AL052023,Don,2023-07-18 06:00:00,TS,,36.8,-39.9,35,1008
AL052023,Don,2023-07-18 12:00:00,TS,,36.0,-39.4,35,1008
AL052023,Don,2023-07-18 18:00:00,TS,,35.3,-39.2,35,1008
AL052023,Don,2023-07-19 00:00:00,TS,,34.6,-39.1,35,1008
AL052023,Don,2023-07-19 06:00:00,TS,,34.2,-39.1,35,1008
AL052023,Don,2023-07-19 12:00:00,TS,,33.9,-39.3,35,1008
AL052023,Don,2023-07-19 18:00:00,TS,,33.8,-39.9,40,1005
AL052023,Don,2023-07-20 00:00:00,TS,,33.8,-40.6,45,1001
AL052023,Don,2023-07-20 06:00:00,TS,,34.0,-41.3,45,1001
AL052023,Don,2023-07-20 12:00:00,TS,,34.3,-42.2,40,1004
AL052023,Don,2023-07-20 18:00:00,TS,,34.5,-43.3,40,1004
AL052023,Don,2023-07-21 00:00:00,TS,,34.6,-44.2,40,1004
AL052023,Don,2023-07-21 06:00:00,TS,,35.0,-45.1,40,1004
AL052023,Don,2023-07-21 12:00:00,TS,,35.4,-46.0,45,1001
AL052023,Don,2023-07-21 18:00:00,TS,,36.2,-47.0,45,1001
AL052023,Don,2023-07-22 00:00:00,TS,,36.9,-48.2,45,1001
AL052023,Don,2023-07-22 06:00:00,TS,,37.7,-49.3,45,1001
AL052023,Don,2023-07-22 12:00:00,TS,,38.5,-49.9,55,995
AL052023,Don,2023-07-22 18:00:00,HU,,39.5,-50.1,65,986
AL052023,Don,2023-07-23 00:00:00,HU,,40.7,-49.9,65,986
AL052023,Don,2023-07-23 06:00:00,TS,,42.0,-49.4,60,989
AL052023,Don,2023-07-23 12:00:00,TS,,43.3,-48.5,55,992
AL052023,Don,2023-07-23 18:00:00,TS,,44.7,-47.3,50,996
AL052023,Don,2023-07-24 00:00:00,TS,,45.9,-45.7,45,1002
AL062023,Gert,2023-08-19 06:00:00,TD,,15.4,-47.8,30,1007
AL062023,Gert,2023-08-19 12:00:00,TD,,16.1,-48.8,30,1006
AL062023,Gert,2023-08-19 18:00:00,TD,,16.6,-49.9,30,1006
AL062023,Gert,2023-08-20 00:00:00,TD,,16.9,-51.1,30,1006
AL072023,Emily,2023-08-20 00:00:00,TS,,18.0,-36.7,35,1004
AL062023,Gert,2023-08-20 06:00:00,TD,,16.8,-52.3,30,1006
AL072023,Emily,2023-08-20 06:00:00,TS,,18.8,-37.5,40,1001
AL082023,Franklin,2023-08-20 06:00:00,TD,,13.5,-63.7,30,1004
AL062023,Gert,2023-08-20 12:00:00,TS,,16.7,-53.3,35,1005
AL072023,Emily,2023-08-20 12:00:00,TS,,19.4,-38.3,45,998
AL082023,Franklin,2023-08-20 12:00:00,TS,,14.0,-65.2,35,1002
AL062023,Gert,2023-08-20 18:00:00,TS,,16.6,-54.2,35,1005
AL072023,Emily,2023-08-20 18:00:00,TS,,20.0,-39.0,45,998
AL082023,Franklin,2023-08-20 18:00:00,TS,,14.5,-66.6,40,1001
AL062023,Gert,2023-08-21 00:00:00,TS,,16.6,-55.1,35,1005
AL072023,Emily,2023-08-21 00:00:00,TS,,20.3,-39.8,40,1000
AL082023,Franklin,2023-08-21 00:00:00,TS,,14.8,-67.9,45,999
AL062023,Gert,2023-08-21 06:00:00,TS,,16.6,-55.9,35,1005
AL082023,Franklin,2023-08-21 06:00:00,TS,,14.8,-68.8,45,999
AL062023,Gert,2023-08-21 12:00:00,TD,,16.7,-56.6,30,1006
AL082023,Franklin,2023-08-21 12:00:00,TS,,14.6,-69.5,45,999
AL062023,Gert,2023-08-21 18:00:00,TD,,16.9,-57.2,25,1006
AL082023,Franklin,2023-08-21 18:00:00,TS,,14.1,-70.0,45,1002
AL092023,Harold,2023-08-21 18:00:00,TD,,25.0,-90.8,30,1008
AL062023,Gert,2023-08-22 00:00:00,TD,,17.0,-57.9,25,1006
AL082023,Franklin,2023-08-22 00:00:00,TS,,14.0,-70.4,45,1002
AL092023,Harold,2023-08-22 00:00:00,TD,,25.4,-92.4,30,1008
AL062023,Gert,2023-08-22 06:00:00,TD,,17.1,-58.7,25,1007
AL082023,Franklin,2023-08-22 06:00:00,TS,,14.1,-70.9,40,1002
AL092023,Harold,2023-08-22 06:00:00,TS,,25.8,-94.3,40,1003
AL082023,Franklin,2023-08-22 12:00:00,TS,,14.8,-71.1,40,1003
AL092023,Harold,2023-08-22 12:00:00,TS,,26.8,-96.4,50,996
AL092023,Harold,2023-08-22 15:00:00,TS,L,27.1,-97.4,50,995
AL082023,Franklin,2023-08-22 18:00:00,TS,,15.6,-71.3,35,1003
AL092023,Harold,2023-08-22 18:00:00,TS,,27.3,-98.3,40,997
AL082023,Franklin,2023-08-23 00:00:00,TS,,16.5,-71.4,35,1003
AL092023,Harold,2023-08-23 00:00:00,TD,,27.7,-100.1,30,1002
AL082023,Franklin,2023-08-23 06:00:00,TS,,17.3,-71.4,40,1003
AL092023,Harold,2023-08-23 06:00:00,TD,,28.5,-101.7,25,1007
AL082023,Franklin,2023-08-23 10:00:00,TS,L,17.9,-71.2,40,1003
AL082023,Franklin,2023-08-23 12:00:00,TS,,18.3,-71.1,40,1005
AL082023,Franklin,2023-08-23 18:00:00,TS,,19.4,-70.8,35,1004
AL082023,Franklin,2023-08-24 00:00:00,TS,,20.6,-70.6,40,1005
AL082023,Franklin,2023-08-24 06:00:00,TS,,21.6,-70.5,45,1001
AL082023,Franklin,2023-08-24 12:00:00,TS,,22.0,-70.0,50,998
AL082023,Franklin,2023-08-24 18:00:00,TS,,22.2,-69.3,50,1000
AL082023,Franklin,2023-08-25 00:00:00,TS,,22.4,-68.5,50,1000
AL082023,Franklin,2023-08-25 06:00:00,TS,,22.2,-68.1,50,1000
AL082023,Franklin,2023-08-25 12:00:00,TS,,21.9,-67.9,45,1003
AL082023,Franklin,2023-08-25 18:00:00,TS,,21.8,-67.3,45,1003
AL082023,Franklin,2023-08-26 00:00:00,TS,,22.2,-66.5,50,1002
AL082023,Franklin,2023-08-26 06:00:00,TS,,22.6,-66.0,55,992
AL082023,Franklin,2023-08-26 12:00:00,HU,,23.2,-66.5,65,989
AL102023,Idalia,2023-08-26 12:00:00,TD,,20.8,-86.1,25,1006
AL082023,Franklin,2023-08-26 18:00:00,HU,,23.5,-67.3,70,982
AL102023,Idalia,2023-08-26 18:00:00,TD,,21.3,-86.2,25,1006
AL082023,Franklin,2023-08-27 00:00:00,HU,,23.9,-67.9,75,977
AL102023,Idalia,2023-08-27 00:00:00,TD,,21.1,-86.4,30,1004
AL082023,Franklin,2023-08-27 06:00:00,HU,,24.4,-68.5,75,973
AL102023,Idalia,2023-08-27 06:00:00,TD,L,20.5,-86.8,30,1002
AL082023,Franklin,2023-08-27 12:00:00,HU,,24.9,-69.1,80,970
AL102023,Idalia,2023-08-27 12:00:00,TS,,19.9,-86.3,35,999
AL082023,Franklin,2023-08-27 18:00:00,HU,,25.5,-69.7,80,967
AL102023,Idalia,2023-08-27 18:00:00,TS,,19.9,-85.8,40,996
AL082023,Franklin,2023-08-28 00:00:00,HU,,26.0,-70.3,85,964
AL102023,Idalia,2023-08-28 00:00:00,TS,,19.8,-85.4,45,992
AL082023,Franklin,2023-08-28 06:00:00,HU,,26.7,-70.6,100,951
AL102023,Idalia,2023-08-28 06:00:00,TS,,19.9,-85.2,55,989
AL082023,Franklin,2023-08-28 12:00:00,HU,,27.5,-70.9,125,937
AL102023,Idalia,2023-08-28 12:00:00,TS,,20.6,-85.2,55,989
AL082023,Franklin,2023-08-28 18:00:00,HU,,28.2,-71.1,125,931
AL102023,Idalia,2023-08-28 18:00:00,TS,,21.2,-85.2,60,986
AL082023,Franklin,2023-08-29 00:00:00,HU,,28.9,-71.1,130,926
AL102023,Idalia,2023-08-29 00:00:00,TS,,21.8,-85.1,60,984
AL112023,Jose,2023-08-29 00:00:00,TD,,27.7,-51.7,30,1014
AL082023,Franklin,2023-08-29 06:00:00,HU,,29.7,-71.0,120,935
AL102023,Idalia,2023-08-29 06:00:00,HU,,22.6,-85.0,65,981
AL112023,Jose,2023-08-29 06:00:00,TD,,27.7,-51.5,30,1013
AL082023,Franklin,2023-08-29 12:00:00,HU,,30.3,-70.7,115,941
AL102023,Idalia,2023-08-29 12:00:00,HU,,23.8,-84.8,70,978
AL112023,Jose,2023-08-29 12:00:00,TD,,27.9,-51.5,30,1012
AL082023,Franklin,2023-08-29 18:00:00,HU,,31.1,-70.2,110,947
AL102023,Idalia,2023-08-29 18:00:00,HU,,25.3,-84.8,80,973
AL112023,Jose,2023-08-29 18:00:00,TD,,28.0,-51.8,30,1012
AL082023,Franklin,2023-08-30 00:00:00,HU,,31.8,-69.5,100,953
AL102023,Idalia,2023-08-30 00:00:00,HU,,26.9,-84.7,90,965
AL112023,Jose,2023-08-30 00:00:00,TD,,28.0,-52.1,30,1011
AL082023,Franklin,2023-08-30 06:00:00,HU,,32.6,-68.7,95,956
AL102023,Idalia,2023-08-30 06:00:00,HU,,28.3,-84.5,105,945
AL112023,Jose,2023-08-30 06:00:00,TD,,28.1,-52.1,30,1010
AL102023,Idalia,2023-08-30 09:00:00,HU,I,29.1,-84.1,115,942
AL102023,Idalia,2023-08-30 11:45:00,HU,L,29.9,-83.6,100,950
AL082023,Franklin,2023-08-30 12:00:00,HU,,33.2,-67.8,95,958
AL102023,Idalia,2023-08-30 12:00:00,HU,,30.0,-83.5,100,954
AL112023,Jose,2023-08-30 12:00:00,TD,,28.1,-52.1,30,1010
AL082023,Franklin,2023-08-30 18:00:00,HU,,33.9,-66.7,90,960
AL102023,Idalia,2023-08-30 18:00:00,TS,,31.5,-82.5,60,981
AL112023,Jose,2023-08-30 18:00:00,TD,,28.2,-52.1,30,1010
AL082023,Franklin,2023-08-31 00:00:00,HU,,34.4,-65.2,90,961
AL102023,Idalia,2023-08-31 00:00:00,TS,,32.7,-80.9,50,985
AL112023,Jose,2023-08-31 00:00:00,TS,,28.3,-52.1,35,1009
AL082023,Franklin,2023-08-31 06:00:00,HU,,34.7,-63.9,85,963
AL102023,Idalia,2023-08-31 06:00:00,TS,,33.5,-78.9,50,990
AL112023,Jose,2023-08-31 06:00:00,TS,,28.6,-52.1,40,1006
AL082023,Franklin,2023-08-31 12:00:00,HU,,35.1,-62.6,85,964
AL112023,Jose,2023-08-31 12:00:00,TS,,29.3,-52.1,45,1004
AL062023,Gert,2023-08-31 18:00:00,TD,,28.6,-57.0,30,1007
AL082023,Franklin,2023-08-31 18:00:00,HU,,35.6,-61.1,80,969
AL112023,Jose,2023-08-31 18:00:00,TS,,30.4,-52.3,50,999
AL122023,Katia,2023-08-31 18:00:00,TD,,17.0,-27.0,30,1006
AL062023,Gert,2023-09-01 00:00:00,TD,,28.8,-56.4,30,1006
AL082023,Franklin,2023-09-01 00:00:00,HU,,36.4,-59.7,75,975
AL112023,Jose,2023-09-01 00:00:00,TS,,31.6,-52.5,55,996
AL122023,Katia,2023-09-01 00:00:00,TD,,17.7,-27.6,30,1006
AL062023,Gert,2023-09-01 06:00:00,TD,,28.8,-55.7,30,1006
AL082023,Franklin,2023-09-01 06:00:00,HU,,37.4,-58.2,70,978
AL112023,Jose,2023-09-01 06:00:00,TS,,32.9,-52.4,55,996
AL122023,Katia,2023-09-01 06:00:00,TD,,18.5,-27.9,30,1006
AL062023,Gert,2023-09-01 12:00:00,TD,,28.4,-55.2,30,1006
AL082023,Franklin,2023-09-01 12:00:00,HU,,38.2,-56.6,65,982
AL112023,Jose,2023-09-01 12:00:00,TS,,34.9,-51.4,50,997
AL122023,Katia,2023-09-01 12:00:00,TD,,19.3,-28.1,30,1006
AL062023,Gert,2023-09-01 18:00:00,TS,,27.9,-54.8,35,1005
AL112023,Jose,2023-09-01 18:00:00,TS,,37.4,-49.8,50,997
AL122023,Katia,2023-09-01 18:00:00,TD,,20.2,-28.3,30,1006
AL062023,Gert,2023-09-02 00:00:00,TS,,27.7,-54.6,35,1005
AL122023,Katia,2023-09-02 00:00:00,TS,,21.1,-28.5,35,1005
AL062023,Gert,2023-09-02 06:00:00,TS,,27.6,-54.4,40,1003
AL122023,Katia,2023-09-02 06:00:00,TS,,22.3,-28.8,40,1004
AL062023,Gert,2023-09-02 12:00:00,TS,,27.7,-54.1,45,999
AL122023,Katia,2023-09-02 12:00:00,TS,,23.5,-29.4,45,1000
AL062023,Gert,2023-09-02 18:00:00,TS,,28.1,-53.8,45,999
AL122023,Katia,2023-09-02 18:00:00,TS,,24.5,-30.1,50,998
AL062023,Gert,2023-09-03 00:00:00,TS,,28.6,-53.5,50,998
AL122023,Katia,2023-09-03 00:00:00,TS,,25.3,-30.9,45,1000
AL062023,Gert,2023-09-03 06:00:00,TS,,29.3,-53.0,50,998
AL122023,Katia,2023-09-03 06:00:00,TS,,26.0,-31.5,40,1002
AL062023,Gert,2023-09-03 12:00:00,TS,,30.4,-52.4,50,998
AL122023,Katia,2023-09-03 12:00:00,TS,,26.5,-32.0,35,1006
AL062023,Gert,2023-09-03 18:00:00,TS,,31.9,-51.6,45,999
AL122023,Katia,2023-09-03 18:00:00,TS,,26.9,-32.7,35,1006
AL062023,Gert,2023-09-04 00:00:00,TS,,33.9,-50.9,45,1000
AL122023,Katia,2023-09-04 00:00:00,TD,,27.1,-33.3,30,1007
AL062023,Gert,2023-09-04 06:00:00,TS,,36.5,-50.7,45,1000
AL132023,Lee,2023-09-05 12:00:00,TD,,12.2,-39.6,30,1008
AL132023,Lee,2023-09-05 18:00:00,TS,,12.9,-41.1,35,1006
AL132023,Lee,2023-09-06 00:00:00,TS,,13.2,-42.5,45,1003
AL132023,Lee,2023-09-06 06:00:00,TS,,13.5,-43.9,55,997
AL132023,Lee,2023-09-06 12:00:00,TS,,14.0,-45.0,60,994
AL132023,Lee,2023-09-06 18:00:00,HU,,14.6,-46.1,65,991
AL132023,Lee,2023-09-07 00:00:00,HU,,15.1,-47.1,70,989
AL132023,Lee,2023-09-07 06:00:00,HU,,15.6,-48.2,75,986
AL132023,Lee,2023-09-07 12:00:00,HU,,16.1,-49.4,85,980
AL142023,Margot,2023-09-07 12:00:00,TD,,15.5,-26.0,30,1006
AL132023,Lee,2023-09-07 18:00:00,HU,,16.6,-50.7,105,961
AL142023,Margot,2023-09-07 18:00:00,TS,,16.0,-27.3,35,1005
AL132023,Lee,2023-09-08 00:00:00,HU,,17.0,-51.8,135,933
AL142023,Margot,2023-09-08 00:00:00,TS,,16.5,-28.6,35,1005
AL132023,Lee,2023-09-08 06:00:00,HU,,17.5,-53.0,145,926
AL142023,Margot,2023-09-08 06:00:00,TS,,17.1,-30.1,35,1005
AL132023,Lee,2023-09-08 12:00:00,HU,,17.9,-54.1,135,940
AL142023,Margot,2023-09-08 12:00:00,TS,,17.8,-31.8,35,1005
AL132023,Lee,2023-09-08 18:00:00,HU,,18.5,-55.1,125,941
AL142023,Margot,2023-09-08 18:00:00,TS,,18.5,-33.6,35,1005
AL132023,Lee,2023-09-09 00:00:00,HU,,19.0,-56.0,105,958
AL142023,Margot,2023-09-09 00:00:00,TS,,19.1,-35.1,35,1005
AL132023,Lee,2023-09-09 06:00:00,HU,,19.5,-57.0,100,963
AL142023,Margot,2023-09-09 06:00:00,TS,,19.7,-36.4,40,1004
AL132023,Lee,2023-09-09 12:00:00,HU,,20.0,-57.9,100,954
AL142023,Margot,2023-09-09 12:00:00,TS,,20.2,-37.5,40,1004
AL132023,Lee,2023-09-09 18:00:00,HU,,20.4,-58.8,95,958
AL142023,Margot,2023-09-09 18:00:00,TS,,20.7,-38.3,40,1004
AL132023,Lee,2023-09-10 00:00:00,HU,,20.8,-59.5,85,960
AL142023,Margot,2023-09-10 00:00:00,TS,,21.2,-38.9,45,1003
AL132023,Lee,2023-09-10 06:00:00,HU,,21.2,-60.2,90,960
AL142023,Margot,2023-09-10 06:00:00,TS,,21.8,-39.4,45,1002
AL132023,Lee,2023-09-10 12:00:00,HU,,21.5,-60.8,95,956
AL142023,Margot,2023-09-10 12:00:00,TS,,22.5,-39.8,45,1000
AL132023,Lee,2023-09-10 18:00:00,HU,,21.9,-61.4,105,954
AL142023,Margot,2023-09-10 18:00:00,TS,,23.3,-40.0,50,998
AL132023,Lee,2023-09-11 00:00:00,HU,,22.3,-61.9,105,950
AL142023,Margot,2023-09-11 00:00:00,TS,,24.0,-40.0,55,996
AL132023,Lee,2023-09-11 06:00:00,HU,,22.8,-62.5,105,950
AL142023,Margot,2023-09-11 06:00:00,TS,,24.7,-40.0,55,993
AL132023,Lee,2023-09-11 12:00:00,HU,,23.2,-63.2,105,948
AL142023,Margot,2023-09-11 12:00:00,TS,,25.5,-40.0,60,990
AL132023,Lee,2023-09-11 18:00:00,HU,,23.5,-63.9,100,948
AL142023,Margot,2023-09-11 18:00:00,HU,,26.4,-39.9,65,986
AL132023,Lee,2023-09-12 00:00:00,HU,,23.7,-64.5,100,948
AL142023,Margot,2023-09-12 00:00:00,HU,,27.5,-39.6,70,981
AL132023,Lee,2023-09-12 06:00:00,HU,,23.9,-65.1,100,948
AL142023,Margot,2023-09-12 06:00:00,HU,,28.6,-39.4,75,977
AL132023,Lee,2023-09-12 12:00:00,HU,,24.1,-65.7,100,948
AL142023,Margot,2023-09-12 12:00:00,HU,,29.8,-39.3,75,974
AL132023,Lee,2023-09-12 18:00:00,HU,,24.5,-66.2,100,946
AL142023,Margot,2023-09-12 18:00:00,HU,,31.0,-39.4,75,972
AL132023,Lee,2023-09-13 00:00:00,HU,,24.9,-66.6,100,946
AL142023,Margot,2023-09-13 00:00:00,HU,,32.1,-39.6,75,970
AL132023,Lee,2023-09-13 06:00:00,HU,,25.3,-66.9,100,948
AL142023,Margot,2023-09-13 06:00:00,HU,,33.0,-39.9,80,969
AL132023,Lee,2023-09-13 12:00:00,HU,,26.0,-67.2,95,950
AL142023,Margot,2023-09-13 12:00:00,HU,,33.7,-40.3,80,969
AL132023,Lee,2023-09-13 18:00:00,HU,,26.8,-67.6,90,951
AL142023,Margot,2023-09-13 18:00:00,HU,,34.4,-40.6,75,970
AL132023,Lee,2023-09-14 00:00:00,HU,,27.6,-67.8,90,951
AL142023,Margot,2023-09-14 00:00:00,HU,,35.1,-40.7,75,972
AL132023,Lee,2023-09-14 06:00:00,HU,,28.5,-68.0,85,953
AL142023,Margot,2023-09-14 06:00:00,HU,,35.8,-40.5,70,974
AL132023,Lee,2023-09-14 12:00:00,HU,,29.8,-68.2,80,955
AL142023,Margot,2023-09-14 12:00:00,HU,,36.3,-40.1,70,976
AL132023,Lee,2023-09-14 18:00:00,HU,,31.1,-68.3,75,955
AL142023,Margot,2023-09-14 18:00:00,HU,,36.6,-39.6,70,978
AL132023,Lee,2023-09-15 00:00:00,HU,,32.1,-67.8,75,955
AL142023,Margot,2023-09-15 00:00:00,HU,,36.7,-39.1,65,980
AL132023,Lee,2023-09-15 06:00:00,HU,,33.6,-67.6,75,957
AL142023,Margot,2023-09-15 06:00:00,TS,,36.7,-38.6,60,982
AL152023,Nigel,2023-09-15 06:00:00,TD,,13.6,-42.2,30,1007
AL132023,Lee,2023-09-15 12:00:00,HU,,35.1,-67.1,75,962
AL142023,Margot,2023-09-15 12:00:00,TS,,36.5,-38.1,55,984
AL152023,Nigel,2023-09-15 12:00:00,TD,,14.3,-43.2,30,1007
AL132023,Lee,2023-09-15 18:00:00,HU,,37.1,-66.7,75,962
AL142023,Margot,2023-09-15 18:00:00,TS,,36.1,-37.8,55,986
AL152023,Nigel,2023-09-15 18:00:00,TD,,15.2,-44.0,30,1007
AL132023,Lee,2023-09-16 00:00:00,HU,,38.7,-65.9,75,963
AL142023,Margot,2023-09-16 00:00:00,TS,,35.7,-37.8,55,988
AL152023,Nigel,2023-09-16 00:00:00,TD,,16.1,-44.8,30,1007
AL142023,Margot,2023-09-16 06:00:00,TS,,35.2,-38.0,55,990
AL152023,Nigel,2023-09-16 06:00:00,TD,,17.4,-45.4,30,1007
AL142023,Margot,2023-09-16 12:00:00,TS,,34.7,-38.5,50,993
AL152023,Nigel,2023-09-16 12:00:00,TD,,18.7,-46.0,30,1006
AL142023,Margot,2023-09-16 18:00:00,TS,,34.3,-39.2,45,996
AL152023,Nigel,2023-09-16 18:00:00,TD,,20.1,-46.7,30,1006
AL152023,Nigel,2023-09-17 00:00:00,TS,,21.4,-47.6,35,1005
AL152023,Nigel,2023-09-17 06:00:00,TS,,22.5,-48.3,45,1001
AL152023,Nigel,2023-09-17 12:00:00,TS,,23.5,-48.8,50,997
AL152023,Nigel,2023-09-17 18:00:00,TS,,24.5,-49.4,55,994
AL152023,Nigel,2023-09-18 00:00:00,TS,,25.3,-50.0,60,992
AL152023,Nigel,2023-09-18 06:00:00,HU,,26.0,-50.6,65,987
AL152023,Nigel,2023-09-18 12:00:00,HU,,26.8,-51.1,65,987
AL152023,Nigel,2023-09-18 18:00:00,HU,,27.5,-51.7,70,982
AL152023,Nigel,2023-09-19 00:00:00,HU,,28.2,-52.4,75,979
AL152023,Nigel,2023-09-19 06:00:00,HU,,29.0,-53.2,75,979
AL152023,Nigel,2023-09-19 12:00:00,HU,,29.9,-54.0,80,975
AL152023,Nigel,2023-09-19 18:00:00,HU,,31.1,-54.7,85,972
AL152023,Nigel,2023-09-20 00:00:00,HU,,32.4,-55.0,85,971
AL152023,Nigel,2023-09-20 06:00:00,HU,,33.7,-55.2,85,971
AL152023,Nigel,2023-09-20 12:00:00,HU,,35.2,-54.7,80,972
AL152023,Nigel,2023-09-20 18:00:00,HU,,36.7,-53.6,80,972
AL152023,Nigel,2023-09-21 00:00:00,HU,,38.3,-51.6,80,973
AL152023,Nigel,2023-09-21 06:00:00,HU,,40.0,-49.2,75,975
AL152023,Nigel,2023-09-21 12:00:00,HU,,41.3,-46.3,75,975
AL152023,Nigel,2023-09-21 18:00:00,HU,,42.8,-42.8,70,975
AL152023,Nigel,2023-09-22 00:00:00,HU,,44.3,-38.7,65,975
AL162023,Ophelia,2023-09-22 18:00:00,TS,,32.7,-76.1,60,989
AL162023,Ophelia,2023-09-23 00:00:00,TS,,33.3,-76.6,60,983
AL162023,Ophelia,2023-09-23 06:00:00,TS,,33.8,-77.1,60,981
AL172023,Philippe,2023-09-23 06:00:00,TD,,15.5,-36.6,30,1007
AL162023,Ophelia,2023-09-23 10:15:00,TS,L,34.7,-77.1,60,981
AL162023,Ophelia,2023-09-23 12:00:00,TS,,35.1,-77.1,50,982
AL172023,Philippe,2023-09-23 12:00:00,TD,,15.6,-38.0,30,1007
AL162023,Ophelia,2023-09-23 18:00:00,TS,,36.3,-77.5,40,997
AL172023,Philippe,2023-09-23 18:00:00,TS,,15.7,-39.1,35,1005
AL172023,Philippe,2023-09-24 00:00:00,TS,,15.8,-39.8,40,1003
AL172023,Philippe,2023-09-24 06:00:00,TS,,16.0,-40.5,45,1001
AL172023,Philippe,2023-09-24 12:00:00,TS,,16.3,-41.3,45,1000
AL172023,Philippe,2023-09-24 18:00:00,TS,,16.6,-42.0,45,1000
AL172023,Philippe,2023-09-25 00:00:00,TS,,16.9,-42.9,45,1000
AL172023,Philippe,2023-09-25 06:00:00,TS,,17.1,-43.8,50,998
AL172023,Philippe,2023-09-25 12:00:00,TS,,17.1,-44.8,50,998
AL172023,Philippe,2023-09-25 18:00:00,TS,,17.1,-46.2,45,1000
AL172023,Philippe,2023-09-26 00:00:00,TS,,17.4,-47.3,45,1001
AL172023,Philippe,2023-09-26 06:00:00,TS,,17.5,-48.5,45,1001
AL172023,Philippe,2023-09-26 12:00:00,TS,,17.4,-49.7,40,1003
AL172023,Philippe,2023-09-26 18:00:00,TS,,17.1,-50.8,40,1003
AL172023,Philippe,2023-09-27 00:00:00,TS,,17.2,-51.6,40,1003
AL172023,Philippe,2023-09-27 06:00:00,TS,,17.4,-52.3,40,1003
AL172023,Philippe,2023-09-27 12:00:00,TS,,17.5,-53.0,45,1000
AL172023,Philippe,2023-09-27 18:00:00,TS,,17.8,-53.7,45,1000
AL172023,Philippe,2023-09-28 00:00:00,TS,,18.1,-54.3,40,1002
AL172023,Philippe,2023-09-28 06:00:00,TS,,18.5,-54.5,40,1002
AL182023,Rina,2023-09-28 06:00:00,TS,,15.6,-44.5,35,1005
AL172023,Philippe,2023-09-28 12:00:00,TS,,18.7,-54.7,40,1002
AL182023,Rina,2023-09-28 12:00:00,TS,,16.9,-45.1,35,1004
AL172023,Philippe,2023-09-28 18:00:00,TS,,18.6,-54.8,40,1002
AL182023,Rina,2023-09-28 18:00:00,TS,,17.7,-45.8,35,1004
AL172023,Philippe,2023-09-29 00:00:00,TS,,18.5,-54.9,40,1002
AL182023,Rina,2023-09-29 00:00:00,TS,,18.2,-46.2,40,1002
AL172023,Philippe,2023-09-29 06:00:00,TS,,18.4,-55.0,40,1002
AL182023,Rina,2023-09-29 06:00:00,TS,,18.6,-46.4,45,999
AL172023,Philippe,2023-09-29 12:00:00,TS,,18.2,-55.3,45,1002
AL182023,Rina,2023-09-29 12:00:00,TS,,19.1,-46.7,45,999
AL172023,Philippe,2023-09-29 18:00:00,TS,,18.0,-55.6,45,1002
AL182023,Rina,2023-09-29 18:00:00,TS,,19.8,-47.5,45,1000
AL172023,Philippe,2023-09-30 00:00:00,TS,,17.6,-55.7,45,1001
AL182023,Rina,2023-09-30 00:00:00,TS,,20.2,-48.4,45,1000
AL172023,Philippe,2023-09-30 06:00:00,TS,,17.2,-55.8,45,999
AL182023,Rina,2023-09-30 06:00:00,TS,,20.5,-49.1,45,1000
AL172023,Philippe,2023-09-30 12:00:00,TS,,16.8,-56.0,45,999
AL182023,Rina,2023-09-30 12:00:00,TS,,21.0,-50.0,40,1002
AL172023,Philippe,2023-09-30 18:00:00,TS,,16.4,-56.3,50,998
AL182023,Rina,2023-09-30 18:00:00,TS,,22.1,-51.0,40,1004
AL172023,Philippe,2023-10-01 00:00:00,TS,,16.1,-56.7,50,998
AL182023,Rina,2023-10-01 00:00:00,TS,,23.0,-52.2,35,1005
AL172023,Philippe,2023-10-01 06:00:00,TS,,16.0,-57.5,50,999
AL182023,Rina,2023-10-01 06:00:00,TS,,23.8,-53.3,35,1005
AL172023,Philippe,2023-10-01 12:00:00,TS,,16.0,-58.4,45,1001
AL182023,Rina,2023-10-01 12:00:00,TS,,24.8,-54.4,35,1006
AL172023,Philippe,2023-10-01 18:00:00,TS,,16.2,-58.8,45,1001
AL172023,Philippe,2023-10-02 00:00:00,TS,,16.5,-59.0,45,999
AL172023,Philippe,2023-10-02 06:00:00,TS,,16.8,-59.7,45,999
AL172023,Philippe,2023-10-02 12:00:00,TS,,16.9,-60.5,45,1000
AL172023,Philippe,2023-10-02 18:00:00,TS,,17.3,-61.2,45,1001
AL172023,Philippe,2023-10-02 22:45:00,TS,L,17.6,-61.8,45,1001
AL172023,Philippe,2023-10-03 00:00:00,TS,,17.6,-61.9,45,1001
AL172023,Philippe,2023-10-03 06:00:00,TS,,18.1,-62.7,45,1001
AL172023,Philippe,2023-10-03 12:00:00,TS,,18.6,-63.6,40,1003
AL172023,Philippe,2023-10-03 18:00:00,TS,,19.1,-64.5,40,1004
AL172023,Philippe,2023-10-04 00:00:00,TS,,19.5,-65.2,40,1004
AL172023,Philippe,2023-10-04 06:00:00,TS,,20.2,-65.4,40,1004
AL172023,Philippe,2023-10-04 12:00:00,TS,,21.2,-65.6,40,1004
AL172023,Philippe,2023-10-04 18:00:00,TS,,22.2,-65.8,35,1004
AL172023,Philippe,2023-10-05 00:00:00,TS,,23.1,-66.0,35,1004
AL172023,Philippe,2023-10-05 06:00:00,TS,,24.0,-66.2,40,1004
AL172023,Philippe,2023-10-05 12:00:00,TS,,25.1,-66.3,45,1004
AL172023,Philippe,2023-10-05 18:00:00,TS,,26.4,-66.1,45,1004
AL172023,Philippe,2023-10-06 00:00:00,TS,,27.6,-66.0,45,1004
AL172023,Philippe,2023-10-06 06:00:00,TS,,28.7,-65.5,45,1003
AL192023,Sean,2023-10-10 18:00:00,TD,,9.6,-30.2,30,1007
AL192023,Sean,2023-10-11 00:00:00,TS,,9.8,-31.4,35,1006
AL192023,Sean,2023-10-11 06:00:00,TS,,10.1,-32.6,35,1006
AL192023,Sean,2023-10-11 12:00:00,TS,,10.7,-33.7,35,1006
AL192023,Sean,2023-10-11 18:00:00,TD,,11.3,-34.7,30,1007
AL192023,Sean,2023-10-12 00:00:00,TD,,11.8,-35.6,30,1007
AL192023,Sean,2023-10-12 06:00:00,TD,,12.3,-36.4,30,1007
AL192023,Sean,2023-10-12 12:00:00,TS,,12.8,-37.1,35,1006
AL192023,Sean,2023-10-12 18:00:00,TS,,13.3,-37.8,40,1005
AL192023,Sean,2023-10-13 00:00:00,TS,,13.7,-39.0,40,1005
AL192023,Sean,2023-10-13 06:00:00,TS,,14.0,-40.1,40,1005
AL192023,Sean,2023-10-13 12:00:00,TS,,14.3,-41.2,35,1006
AL192023,Sean,2023-10-13 18:00:00,TS,,14.6,-42.2,35,1006
AL192023,Sean,2023-10-14 00:00:00,TS,,14.9,-42.7,35,1006
AL192023,Sean,2023-10-14 06:00:00,TD,,15.3,-43.3,30,1007
AL192023,Sean,2023-10-14 12:00:00,TD,,15.8,-43.9,30,1007
AL192023,Sean,2023-10-14 18:00:00,TD,,16.3,-44.5,30,1007
AL192023,Sean,2023-10-15 00:00:00,TD,,16.8,-45.1,30,1008
AL192023,Sean,2023-10-15 06:00:00,TD,,17.3,-45.8,30,1009
AL202023,Tammy,2023-10-18 18:00:00,TS,,12.9,-51.0,35,1007
AL202023,Tammy,2023-10-19 00:00:00,TS,,13.0,-52.5,35,1006
AL202023,Tammy,2023-10-19 06:00:00,TS,,13.2,-54.0,45,1004
AL202023,Tammy,2023-10-19 12:00:00,TS,,13.4,-55.3,50,1004
AL202023,Tammy,2023-10-19 18:00:00,TS,,13.5,-56.4,50,1002
AL202023,Tammy,2023-10-20 00:00:00,TS,,13.6,-57.2,50,1001
AL202023,Tammy,2023-10-20 06:00:00,TS,,13.7,-57.9,50,1000
AL202023,Tammy,2023-10-20 12:00:00,TS,,13.9,-58.4,60,997
AL202023,Tammy,2023-10-20 18:00:00,HU,,14.1,-58.9,65,991
AL202023,Tammy,2023-10-21 00:00:00,HU,,14.5,-59.6,70,991
AL202023,Tammy,2023-10-21 06:00:00,HU,,14.9,-60.3,70,991
AL202023,Tammy,2023-10-21 12:00:00,HU,,15.6,-60.6,75,987
AL202023,Tammy,2023-10-21 18:00:00,HU,,16.6,-61.0,75,987
AL202023,Tammy,2023-10-22 00:00:00,HU,,17.5,-61.7,80,987
AL202023,Tammy,2023-10-22 01:15:00,HU,L,17.6,-61.8,80,987
AL202023,Tammy,2023-10-22 06:00:00,HU,,18.0,-62.2,75,989
AL202023,Tammy,2023-10-22 12:00:00,HU,,18.7,-62.8,75,990
AL202023,Tammy,2023-10-22 18:00:00,HU,,19.4,-63.4,75,990
AL202023,Tammy,2023-10-23 00:00:00,HU,,20.2,-63.9,75,992
AL202023,Tammy,2023-10-23 06:00:00,HU,,21.0,-64.0,70,993
AL202023,Tammy,2023-10-23 12:00:00,HU,,21.6,-64.0,70,993
AL212023,Twenty-One,2023-10-23 12:00:00,TD,,11.4,-82.6,25,1007
AL202023,Tammy,2023-10-23 18:00:00,HU,,22.1,-63.8,65,988
AL212023,Twenty-One,2023-10-23 18:00:00,TD,,11.5,-83.2,25,1007
AL202023,Tammy,2023-10-24 00:00:00,HU,,22.6,-63.5,65,987
AL212023,Twenty-One,2023-10-24 00:00:00,TD,,12.2,-83.4,25,1007
AL212023,Twenty-One,2023-10-24 01:30:00,TD,L,12.4,-83.5,25,1007
AL202023,Tammy,2023-10-24 06:00:00,HU,,23.1,-63.1,65,987
AL212023,Twenty-One,2023-10-24 06:00:00,TD,,13.0,-83.8,25,1007
AL202023,Tammy,2023-10-24 12:00:00,HU,,23.6,-62.6,65,987
AL202023,Tammy,2023-10-24 18:00:00,HU,,24.0,-62.0,65,987
AL202023,Tammy,2023-10-25 00:00:00,HU,,24.5,-61.2,75,976
AL202023,Tammy,2023-10-25 06:00:00,HU,,25.1,-60.4,85,969
AL202023,Tammy,2023-10-25 12:00:00,HU,,26.1,-59.4,95,965
AL202023,Tammy,2023-10-25 18:00:00,HU,,27.5,-58.3,85,968
AL202023,Tammy,2023-10-26 00:00:00,HU,,29.1,-57.8,80,970
AL202023,Tammy,2023-10-26 06:00:00,HU,,30.0,-58.3,75,972
AL202023,Tammy,2023-10-26 12:00:00,HU,,30.5,-58.8,70,975
AL202023,Tammy,2023-10-26 18:00:00,HU,,31.0,-59.5,65,977
AL202023,Tammy,2023-10-27 00:00:00,TS,,31.5,-60.1,60,980
AL202023,Tammy,2023-10-27 06:00:00,TS,,31.8,-60.6,55,985
AL202023,Tammy,2023-10-27 12:00:00,TS,,32.0,-61.0,55,988
AL202023,Tammy,2023-10-27 18:00:00,TS,,32.3,-61.4,55,988
AL202023,Tammy,2023-10-28 00:00:00,TS,,32.6,-61.5,50,991
AL202023,Tammy,2023-10-28 06:00:00,TS,,32.9,-61.0,45,994
AL202023,Tammy,2023-10-28 12:00:00,TS,,33.1,-59.5,45,995
AL202023,Tammy,2023-10-28 18:00:00,TS,,33.3,-58.0,40,997
AL012024,Alberto,2024-06-19 12:00:00,TS,,22.1,-94.2,35,995
AL012024,Alberto,2024-06-19 18:00:00,TS,,21.8,-94.8,40,995
AL012024,Alberto,2024-06-20 00:00:00,TS,,21.5,-95.5,45,992
AL012024,Alberto,2024-06-20 06:00:00,TS,,22.0,-96.7,45,993
AL012024,Alberto,2024-06-20 09:00:00,TS,L,22.4,-97.8,45,994
AL012024,Alberto,2024-06-20 12:00:00,TS,,22.4,-98.8,35,998
AL022024,Beryl,2024-06-28 12:00:00,TD,,8.9,-39.6,30,1007
AL022024,Beryl,2024-06-28 18:00:00,TD,,9.0,-41.3,30,1007
AL022024,Beryl,2024-06-29 00:00:00,TS,,9.2,-43.1,35,1006
AL022024,Beryl,2024-06-29 06:00:00,TS,,9.5,-45.2,45,1003
AL022024,Beryl,2024-06-29 12:00:00,TS,,9.7,-47.0,55,1000
AL022024,Beryl,2024-06-29 18:00:00,TS,,9.9,-48.7,60,995
AL022024,Beryl,2024-06-30 00:00:00,HU,,10.1,-50.5,70,989
AL022024,Beryl,2024-06-30 06:00:00,HU,,10.4,-52.3,85,980
AL022024,Beryl,2024-06-30 12:00:00,HU,,10.5,-54.0,100,968
AL022024,Beryl,2024-06-30 18:00:00,HU,,10.9,-55.7,115,958
AL032024,Chris,2024-06-30 18:00:00,TD,,19.7,-95.4,30,1007
AL022024,Beryl,2024-07-01 00:00:00,HU,,11.2,-57.3,110,958
AL032024,Chris,2024-07-01 00:00:00,TS,,19.9,-96.0,35,1006
AL032024,Chris,2024-07-01 03:00:00,TS,L,19.9,-96.5,40,1005
AL022024,Beryl,2024-07-01 06:00:00,HU,,11.5,-59.0,100,965
AL032024,Chris,2024-07-01 06:00:00,TD,,19.8,-97.0,30,1007
AL022024,Beryl,2024-07-01 12:00:00,HU,,12.0,-60.6,115,957
AL022024,Beryl,2024-07-01 15:20:00,HU,L,12.5,-61.5,120,950
AL022024,Beryl,2024-07-01 18:00:00,HU,,12.8,-62.3,130,944
AL022024,Beryl,2024-07-02 00:00:00,HU,,13.5,-64.1,140,938
AL022024,Beryl,2024-07-02 06:00:00,HU,,14.3,-65.9,145,935
AL022024,Beryl,2024-07-02 09:45:00,HU,I,14.8,-67.2,145,932
AL022024,Beryl,2024-07-02 12:00:00,HU,,15.0,-67.9,140,934
AL022024,Beryl,2024-07-02 18:00:00,HU,,15.6,-69.9,135,944
AL022024,Beryl,2024-07-03 00:00:00,HU,,16.0,-71.8,130,945
AL022024,Beryl,2024-07-03 06:00:00,HU,,16.3,-73.5,125,946
AL022024,Beryl,2024-07-03 12:00:00,HU,,16.8,-75.3,125,952
AL022024,Beryl,2024-07-03 18:00:00,HU,,17.3,-76.8,120,959
AL022024,Beryl,2024-07-04 00:00:00,HU,,17.8,-78.3,115,960
AL022024,Beryl,2024-07-04 06:00:00,HU,,18.3,-80.0,105,965
AL022024,Beryl,2024-07-04 12:00:00,HU,,18.8,-81.8,95,969
AL022024,Beryl,2024-07-04 18:00:00,HU,,19.3,-83.4,90,974
AL022024,Beryl,2024-07-05 00:00:00,HU,,19.4,-84.8,100,962
AL022024,Beryl,2024-07-05 06:00:00,HU,,19.8,-86.2,95,971
AL022024,Beryl,2024-07-05 11:00:00,HU,L,20.3,-87.4,80,977
AL022024,Beryl,2024-07-05 12:00:00,HU,,20.4,-87.6,75,980
AL022024,Beryl,2024-07-05 18:00:00,TS,,20.9,-88.8,60,987
AL022024,Beryl,2024-07-06 00:00:00,TS,,21.4,-89.8,50,996
AL022024,Beryl,2024-07-06 06:00:00,TS,,21.9,-90.9,45,1001
AL022024,Beryl,2024-07-06 12:00:00,TS,,22.6,-91.8,50,999
AL022024,Beryl,2024-07-06 18:00:00,TS,,23.6,-92.7,50,997
AL022024,Beryl,2024-07-07 00:00:00,TS,,24.4,-93.6,50,993
AL022024,Beryl,2024-07-07 06:00:00,TS,,24.9,-94.3,50,995
AL022024,Beryl,2024-07-07 12:00:00,TS,,25.5,-94.9,55,992
AL022024,Beryl,2024-07-07 18:00:00,TS,,26.3,-95.4,55,990
AL022024,Beryl,2024-07-08 00:00:00,TS,,27.1,-95.7,60,986
AL022024,Beryl,2024-07-08 06:00:00,HU,,28.2,-95.9,70,982
AL022024,Beryl,2024-07-08 08:40:00,HU,L,28.6,-96.0,80,978
AL022024,Beryl,2024-07-08 12:00:00,HU,,29.3,-96.0,70,978
AL022024,Beryl,2024-07-08 18:00:00,TS,,30.7,-95.6,50,988
AL022024,Beryl,2024-07-09 00:00:00,TD,,32.1,-94.9,30,997
AL022024,Beryl,2024-07-09 06:00:00,TD,,33.4,-94.1,25,1004
AL042024,Debby,2024-08-03 00:00:00,TD,,20.9,-78.9,25,1010
AL042024,Debby,2024-08-03 06:00:00,TD,,21.5,-80.2,25,1009
AL042024,Debby,2024-08-03 12:00:00,TD,,22.2,-81.5,30,1008
AL042024,Debby,2024-08-03 18:00:00,TS,,23.1,-82.6,35,1006
AL042024,Debby,2024-08-04 00:00:00,TS,,23.9,-83.2,35,1003
AL042024,Debby,2024-08-04 06:00:00,TS,,25.0,-83.8,40,1000
AL042024,Debby,2024-08-04 12:00:00,TS,,26.2,-84.3,50,994
AL042024,Debby,2024-08-04 18:00:00,TS,,27.3,-84.3,60,989
AL042024,Debby,2024-08-05 00:00:00,HU,,28.3,-84.1,70,986
AL042024,Debby,2024-08-05 06:00:00,HU,,29.1,-83.9,70,980
AL042024,Debby,2024-08-05 11:00:00,HU,L,29.7,-83.5,70,979
AL042024,Debby,2024-08-05 12:00:00,HU,,29.9,-83.4,65,982
AL042024,Debby,2024-08-05 18:00:00,TS,,30.4,-83.0,50,992
AL042024,Debby,2024-08-06 00:00:00,TS,,30.8,-82.3,45,996
AL042024,Debby,2024-08-06 06:00:00,TS,,31.3,-81.8,45,999
AL042024,Debby,2024-08-06 12:00:00,TS,,31.8,-81.4,40,999
AL042024,Debby,2024-08-06 18:00:00,TS,,32.0,-81.1,40,999
AL042024,Debby,2024-08-07 00:00:00,SS,,31.9,-80.4,40,997
AL042024,Debby,2024-08-07 06:00:00,SS,,31.8,-79.7,45,995
AL042024,Debby,2024-08-07 12:00:00,SS,,32.2,-79.3,50,994
AL042024,Debby,2024-08-07 18:00:00,SS,,32.5,-79.2,50,994
AL042024,Debby,2024-08-08 00:00:00,SS,,32.7,-79.4,45,995
AL042024,Debby,2024-08-08 06:00:00,SS,L,33.0,-79.6,40,995
AL042024,Debby,2024-08-08 12:00:00,SS,,33.7,-80.0,40,995
AL042024,Debby,2024-08-08 18:00:00,SS,,34.6,-80.3,40,997
AL052024,Ernesto,2024-08-12 12:00:00,TD,,15.6,-54.6,30,1008
AL052024,Ernesto,2024-08-12 18:00:00,TS,,15.9,-56.6,35,1007
AL052024,Ernesto,2024-08-13 00:00:00,TS,,16.0,-58.6,35,1007
AL052024,Ernesto,2024-08-13 06:00:00,TS,,16.1,-60.5,35,1007
AL052024,Ernesto,2024-08-13 09:40:00,TS,L,16.4,-61.4,35,1007
AL052024,Ernesto,2024-08-13 12:00:00,TS,,16.6,-62.0,40,1005
AL052024,Ernesto,2024-08-13 12:50:00,TS,L,16.7,-62.2,40,1005
AL052024,Ernesto,2024-08-13 18:00:00,TS,,17.6,-63.5,50,1001
AL052024,Ernesto,2024-08-13 23:30:00,TS,L,18.3,-64.7,55,998
AL052024,Ernesto,2024-08-14 00:00:00,TS,,18.4,-64.9,55,998
AL052024,Ernesto,2024-08-14 06:00:00,TS,,19.0,-66.0,60,996
AL052024,Ernesto,2024-08-14 12:00:00,HU,,19.9,-67.2,65,991
AL052024,Ernesto,2024-08-14 18:00:00,HU,,21.1,-68.0,65,989
AL052024,Ernesto,2024-08-15 00:00:00,HU,,22.3,-68.7,70,981
AL052024,Ernesto,2024-08-15 06:00:00,HU,,23.4,-69.2,75,979
AL052024,Ernesto,2024-08-15 12:00:00,HU,,24.5,-69.3,75,975
AL052024,Ernesto,2024-08-15 18:00:00,HU,,25.6,-69.0,80,975
AL052024,Ernesto,2024-08-16 00:00:00,HU,,26.6,-68.3,85,969
AL052024,Ernesto,2024-08-16 06:00:00,HU,,27.7,-67.5,85,968
AL052024,Ernesto,2024-08-16 12:00:00,HU,,28.9,-66.8,85,967
AL052024,Ernesto,2024-08-16 18:00:00,HU,,30.0,-66.1,85,969
AL052024,Ernesto,2024-08-17 00:00:00,HU,,31.0,-65.4,80,969
AL052024,Ernesto,2024-08-17 06:00:00,HU,,31.9,-65.0,75,972
AL052024,Ernesto,2024-08-17 08:30:00,HU,L,32.3,-64.8,75,972
AL052024,Ernesto,2024-08-17 12:00:00,HU,,32.6,-64.6,70,974
AL052024,Ernesto,2024-08-17 18:00:00,HU,,33.0,-64.2,65,977
AL052024,Ernesto,2024-08-18 00:00:00,TS,,33.5,-63.6,60,981
AL052024,Ernesto,2024-08-18 06:00:00,TS,,34.3,-63.2,60,982
AL052024,Ernesto,2024-08-18 12:00:00,TS,,35.4,-63.0,60,980
AL052024,Ernesto,2024-08-18 18:00:00,HU,,36.4,-62.6,65,977
AL052024,Ernesto,2024-08-19 00:00:00,HU,,37.7,-62.0,70,975
AL052024,Ernesto,2024-08-19 06:00:00,HU,,39.2,-61.2,75,972
AL052024,Ernesto,2024-08-19 12:00:00,HU,,40.9,-59.8,85,967
AL052024,Ernesto,2024-08-19 18:00:00,HU,,42.8,-58.1,80,970
AL052024,Ernesto,2024-08-20 00:00:00,HU,,44.8,-55.0,75,972
AL052024,Ernesto,2024-08-20 06:00:00,HU,,46.6,-51.4,65,976
AL062024,Francine,2024-09-09 12:00:00,TS,,23.2,-95.5,45,1002
AL062024,Francine,2024-09-09 18:00:00,TS,,23.7,-95.9,50,996
AL062024,Francine,2024-09-10 00:00:00,TS,,23.9,-96.1,55,992
AL062024,Francine,2024-09-10 06:00:00,TS,,24.1,-96.2,55,992
AL062024,Francine,2024-09-10 12:00:00,TS,,24.5,-95.8,55,990
AL062024,Francine,2024-09-10 18:00:00,TS,,25.3,-95.3,55,987
AL062024,Francine,2024-09-11 00:00:00,HU,,26.0,-94.7,65,982
AL062024,Francine,2024-09-11 06:00:00,HU,,26.6,-94.1,80,977
AL062024,Francine,2024-09-11 12:00:00,HU,,27.5,-93.2,80,976
AL072024,Gordon,2024-09-11 12:00:00,TD,,15.7,-27.9,30,1007
AL062024,Francine,2024-09-11 18:00:00,HU,,28.6,-92.1,85,974
AL072024,Gordon,2024-09-11 18:00:00,TD,,16.0,-29.6,30,1007
AL062024,Francine,2024-09-11 22:00:00,HU,L,29.3,-91.3,90,972
AL062024,Francine,2024-09-12 00:00:00,HU,,29.6,-90.9,70,980
AL072024,Gordon,2024-09-12 00:00:00,TD,,16.4,-31.0,30,1007
AL062024,Francine,2024-09-12 06:00:00,TS,,30.5,-90.3,45,988
AL072024,Gordon,2024-09-12 06:00:00,TD,,16.9,-32.3,30,1007
AL062024,Francine,2024-09-12 12:00:00,TD,,31.8,-90.1,30,995
AL072024,Gordon,2024-09-12 12:00:00,TD,,17.5,-33.9,30,1007
AL072024,Gordon,2024-09-12 18:00:00,TD,,18.1,-35.4,30,1007
AL072024,Gordon,2024-09-13 00:00:00,TD,,18.5,-36.5,30,1007
AL072024,Gordon,2024-09-13 06:00:00,TD,,19.0,-37.6,30,1007
AL072024,Gordon,2024-09-13 12:00:00,TS,,19.3,-38.3,35,1006
AL072024,Gordon,2024-09-13 18:00:00,TS,,19.7,-39.1,35,1006
AL072024,Gordon,2024-09-14 00:00:00,TS,,19.9,-39.8,40,1004
AL072024,Gordon,2024-09-14 06:00:00,TS,,20.0,-40.5,40,1004
AL072024,Gordon,2024-09-14 12:00:00,TS,,20.1,-41.3,40,1004
AL072024,Gordon,2024-09-14 18:00:00,TS,,20.3,-42.4,40,1004
AL072024,Gordon,2024-09-15 00:00:00,TS,,19.8,-43.6,35,1006
AL072024,Gordon,2024-09-15 06:00:00,TS,,19.5,-44.4,35,1006
AL072024,Gordon,2024-09-15 12:00:00,TS,,19.3,-45.1,35,1006
AL072024,Gordon,2024-09-15 18:00:00,TD,,19.2,-45.8,30,1007
AL072024,Gordon,2024-09-16 00:00:00,TD,,19.1,-46.5,30,1007
AL072024,Gordon,2024-09-16 06:00:00,TD,,19.1,-47.2,30,1007
AL072024,Gordon,2024-09-16 12:00:00,TD,,19.1,-47.8,30,1007
AL072024,Gordon,2024-09-16 18:00:00,TD,,19.0,-48.3,30,1007
AL072024,Gordon,2024-09-17 00:00:00,TD,,18.9,-48.8,30,1007
AL072024,Gordon,2024-09-17 06:00:00,TD,,18.9,-49.0,30,1007
AL092024,Helene,2024-09-24 12:00:00,TS,,19.2,-83.7,40,999
AL092024,Helene,2024-09-24 18:00:00,TS,,19.4,-84.6,45,997
AL092024,Helene,2024-09-25 00:00:00,TS,,19.7,-85.2,50,990
AL092024,Helene,2024-09-25 06:00:00,TS,,20.3,-85.9,55,985
AL092024,Helene,2024-09-25 12:00:00,HU,,21.1,-86.2,65,979
AL092024,Helene,2024-09-25 18:00:00,HU,,22.0,-86.5,70,978
AL102024,Isaac,2024-09-25 18:00:00,TS,,36.9,-55.7,45,998
AL092024,Helene,2024-09-26 00:00:00,HU,,22.8,-86.7,70,973
AL102024,Isaac,2024-09-26 00:00:00,TS,,37.0,-54.5,45,997
AL092024,Helene,2024-09-26 06:00:00,HU,,23.6,-86.5,75,970
AL102024,Isaac,2024-09-26 06:00:00,TS,,37.1,-53.4,45,997
AL092024,Helene,2024-09-26 12:00:00,HU,,24.7,-85.8,85,963
AL102024,Isaac,2024-09-26 12:00:00,TS,,37.2,-52.3,45,997
AL092024,Helene,2024-09-26 18:00:00,HU,,26.6,-85.0,105,958
AL102024,Isaac,2024-09-26 18:00:00,TS,,37.3,-51.2,50,992
AL092024,Helene,2024-09-27 00:00:00,HU,,28.7,-84.3,120,941
AL102024,Isaac,2024-09-27 00:00:00,TS,,37.2,-50.1,55,988
AL092024,Helene,2024-09-27 03:10:00,HU,L,30.0,-83.7,120,939
AL092024,Helene,2024-09-27 05:00:00,HU,R,30.8,-83.5,95,947
AL092024,Helene,2024-09-27 06:00:00,HU,,31.3,-83.3,80,957
AL102024,Isaac,2024-09-27 06:00:00,TS,,37.1,-49.1,60,985
AL112024,Joyce,2024-09-27 06:00:00,TD,,17.1,-41.5,30,1007
AL092024,Helene,2024-09-27 09:00:00,TS,R,32.9,-83.1,60,967
AL092024,Helene,2024-09-27 12:00:00,TS,,34.4,-83.2,45,973
AL102024,Isaac,2024-09-27 12:00:00,HU,,37.1,-47.7,65,981
AL112024,Joyce,2024-09-27 12:00:00,TS,,17.8,-42.5,35,1005
AL102024,Isaac,2024-09-27 18:00:00,HU,,37.5,-46.2,75,976
AL112024,Joyce,2024-09-27 18:00:00,TS,,18.2,-43.4,45,1001
AL102024,Isaac,2024-09-28 00:00:00,HU,,38.0,-44.4,85,965
AL112024,Joyce,2024-09-28 00:00:00,TS,,18.8,-44.3,45,1001
AL102024,Isaac,2024-09-28 06:00:00,HU,,38.8,-42.3,90,963
AL112024,Joyce,2024-09-28 06:00:00,TS,,19.3,-45.0,45,1001
AL102024,Isaac,2024-09-28 12:00:00,HU,,39.7,-40.4,90,963
AL112024,Joyce,2024-09-28 12:00:00,TS,,19.7,-45.7,45,1002
AL102024,Isaac,2024-09-28 18:00:00,HU,,40.6,-39.1,85,965
AL112024,Joyce,2024-09-28 18:00:00,TS,,20.2,-46.4,40,1003
AL102024,Isaac,2024-09-29 00:00:00,HU,,41.5,-38.0,75,967
AL112024,Joyce,2024-09-29 00:00:00,TS,,20.6,-47.1,40,1004
AL102024,Isaac,2024-09-29 06:00:00,HU,,42.3,-37.0,70,969
AL112024,Joyce,2024-09-29 06:00:00,TS,,21.1,-47.8,40,1004
AL102024,Isaac,2024-09-29 12:00:00,HU,,43.0,-36.1,65,971
AL112024,Joyce,2024-09-29 12:00:00,TS,,21.6,-48.4,40,1005
AL102024,Isaac,2024-09-29 18:00:00,TS,,43.7,-35.1,60,973
AL112024,Joyce,2024-09-29 18:00:00,TS,,22.0,-48.9,35,1006
AL122024,Kirk,2024-09-29 18:00:00,TD,,13.8,-32.1,30,1006
AL102024,Isaac,2024-09-30 00:00:00,TS,,44.1,-33.8,55,976
AL112024,Joyce,2024-09-30 00:00:00,TD,,22.1,-49.5,30,1006
AL122024,Kirk,2024-09-30 00:00:00,TD,,13.8,-32.8,30,1006
AL112024,Joyce,2024-09-30 06:00:00,TD,,22.5,-49.5,30,1006
AL122024,Kirk,2024-09-30 06:00:00,TS,,13.6,-33.4,35,1004
AL112024,Joyce,2024-09-30 12:00:00,TD,,22.6,-49.0,30,1006
AL122024,Kirk,2024-09-30 12:00:00,TS,,13.4,-34.3,45,1001
AL112024,Joyce,2024-09-30 18:00:00,TD,,22.5,-48.8,30,1006
AL122024,Kirk,2024-09-30 18:00:00,TS,,13.7,-35.3,50,999
AL122024,Kirk,2024-10-01 00:00:00,TS,,14.2,-36.3,50,998
AL122024,Kirk,2024-10-01 06:00:00,TS,,14.7,-37.5,50,995
AL122024,Kirk,2024-10-01 12:00:00,TS,,15.2,-38.7,60,988
AL122024,Kirk,2024-10-01 18:00:00,HU,,15.9,-39.7,65,986
AL122024,Kirk,2024-10-02 00:00:00,HU,,16.5,-40.6,65,986
AL122024,Kirk,2024-10-02 06:00:00,HU,,17.1,-41.6,70,982
AL132024,Leslie,2024-10-02 06:00:00,TD,,10.7,-27.6,30,1007
AL122024,Kirk,2024-10-02 12:00:00,HU,,17.8,-42.7,75,979
AL132024,Leslie,2024-10-02 12:00:00,TD,,10.6,-28.5,30,1006
AL122024,Kirk,2024-10-02 18:00:00,HU,,18.5,-43.5,80,975
AL132024,Leslie,2024-10-02 18:00:00,TD,,10.5,-29.3,30,1006
AL122024,Kirk,2024-10-03 00:00:00,HU,,19.1,-44.1,100,959
AL132024,Leslie,2024-10-03 00:00:00,TS,,10.4,-29.8,35,1005
AL122024,Kirk,2024-10-03 06:00:00,HU,,19.6,-44.7,105,955
AL132024,Leslie,2024-10-03 06:00:00,TS,,10.3,-30.2,40,1002
AL122024,Kirk,2024-10-03 12:00:00,HU,,20.1,-45.5,110,948
AL132024,Leslie,2024-10-03 12:00:00,TS,,10.1,-30.7,45,1001
AL122024,Kirk,2024-10-03 18:00:00,HU,,20.7,-46.3,115,944
AL132024,Leslie,2024-10-03 18:00:00,TS,,9.9,-31.3,45,1001
AL122024,Kirk,2024-10-04 00:00:00,HU,,21.2,-47.1,130,928
AL132024,Leslie,2024-10-04 00:00:00,TS,,9.8,-31.7,50,999
AL122024,Kirk,2024-10-04 06:00:00,HU,,21.9,-47.9,130,928
AL132024,Leslie,2024-10-04 06:00:00,TS,,9.8,-32.2,50,998
AL122024,Kirk,2024-10-04 12:00:00,HU,,22.5,-48.6,120,938
AL132024,Leslie,2024-10-04 12:00:00,TS,,9.9,-32.7,55,997
AL122024,Kirk,2024-10-04 18:00:00,HU,,23.3,-49.1,115,942
AL132024,Leslie,2024-10-04 18:00:00,TS,,10.1,-33.3,60,994
AL122024,Kirk,2024-10-05 00:00:00,HU,,24.3,-49.7,115,943
AL132024,Leslie,2024-10-05 00:00:00,HU,,10.3,-33.9,65,990
AL122024,Kirk,2024-10-05 06:00:00,HU,,25.4,-50.1,110,945
AL132024,Leslie,2024-10-05 06:00:00,HU,,10.5,-34.5,70,986
AL122024,Kirk,2024-10-05 12:00:00,HU,,26.8,-50.4,105,949
AL132024,Leslie,2024-10-05 12:00:00,HU,,10.9,-35.1,70,986
AL142024,Milton,2024-10-05 12:00:00,TD,,22.0,-95.5,30,1008
AL122024,Kirk,2024-10-05 18:00:00,HU,,28.7,-50.2,105,949
AL132024,Leslie,2024-10-05 18:00:00,HU,,11.3,-35.7,70,985
AL142024,Milton,2024-10-05 18:00:00,TS,,22.5,-95.5,35,1006
AL122024,Kirk,2024-10-06 00:00:00,HU,,30.6,-49.9,100,951
AL132024,Leslie,2024-10-06 00:00:00,HU,,11.8,-36.4,75,983
AL142024,Milton,2024-10-06 00:00:00,TS,,22.7,-95.5,35,1004
AL122024,Kirk,2024-10-06 06:00:00,HU,,32.6,-49.5,95,955
AL132024,Leslie,2024-10-06 06:00:00,HU,,12.4,-36.9,80,980
AL142024,Milton,2024-10-06 06:00:00,TS,,22.6,-95.2,45,999
AL122024,Kirk,2024-10-06 12:00:00,HU,,34.5,-48.6,85,959
AL132024,Leslie,2024-10-06 12:00:00,HU,,13.0,-37.6,80,980
AL142024,Milton,2024-10-06 12:00:00,TS,,22.5,-94.8,55,991
AL122024,Kirk,2024-10-06 18:00:00,HU,,36.4,-47.2,80,959
AL132024,Leslie,2024-10-06 18:00:00,HU,,13.7,-38.2,80,980
AL142024,Milton,2024-10-06 18:00:00,HU,,22.5,-94.1,70,986
AL122024,Kirk,2024-10-07 00:00:00,HU,,37.9,-45.0,70,964
AL132024,Leslie,2024-10-07 00:00:00,HU,,14.5,-39.1,80,980
AL142024,Milton,2024-10-07 00:00:00,HU,,22.5,-93.4,75,981
AL122024,Kirk,2024-10-07 06:00:00,HU,,39.5,-42.4,65,966
AL132024,Leslie,2024-10-07 06:00:00,HU,,15.2,-40.0,75,983
AL142024,Milton,2024-10-07 06:00:00,HU,,22.1,-92.9,90,972
AL132024,Leslie,2024-10-07 12:00:00,HU,,16.0,-40.9,70,985
AL142024,Milton,2024-10-07 12:00:00,HU,,21.8,-92.2,120,943
AL132024,Leslie,2024-10-07 18:00:00,HU,,16.8,-41.9,65,989
AL142024,Milton,2024-10-07 18:00:00,HU,,21.7,-91.3,150,908
AL142024,Milton,2024-10-07 20:00:00,HU,I,21.8,-90.9,155,895
AL132024,Leslie,2024-10-08 00:00:00,TS,,17.6,-43.0,60,992
AL142024,Milton,2024-10-08 00:00:00,HU,,21.8,-90.4,145,902
AL132024,Leslie,2024-10-08 06:00:00,TS,,18.3,-44.0,60,992
AL142024,Milton,2024-10-08 06:00:00,HU,,21.9,-89.5,125,925
AL132024,Leslie,2024-10-08 12:00:00,TS,,19.0,-45.1,60,992
AL142024,Milton,2024-10-08 12:00:00,HU,,22.5,-88.8,125,929
AL132024,Leslie,2024-10-08 18:00:00,HU,,19.7,-46.1,65,989
AL142024,Milton,2024-10-08 18:00:00,HU,,22.5,-88.0,140,916
AL142024,Milton,2024-10-08 22:05:00,HU,R,22.8,-87.2,145,902
AL132024,Leslie,2024-10-09 00:00:00,HU,,20.3,-46.8,70,987
AL142024,Milton,2024-10-09 00:00:00,HU,,23.0,-86.9,140,908
AL142024,Milton,2024-10-09 02:05:00,HU,R,23.3,-86.6,135,916
AL132024,Leslie,2024-10-09 06:00:00,HU,,20.9,-47.5,75,984
AL142024,Milton,2024-10-09 06:00:00,HU,,23.8,-85.9,140,909
AL142024,Milton,2024-10-09 08:25:00,HU,R,24.3,-85.4,140,907
AL132024,Leslie,2024-10-09 12:00:00,HU,,21.4,-48.2,80,981
AL142024,Milton,2024-10-09 12:00:00,HU,,25.0,-84.8,135,919
AL132024,Leslie,2024-10-09 18:00:00,HU,,21.9,-48.6,85,974
AL142024,Milton,2024-10-09 18:00:00,HU,,26.3,-84.0,115,945
AL132024,Leslie,2024-10-10 00:00:00,HU,,22.3,-49.0,90,970
AL142024,Milton,2024-10-10 00:00:00,HU,,27.3,-82.7,105,956
AL142024,Milton,2024-10-10 00:30:00,HU,L,27.4,-82.6,100,958
AL132024,Leslie,2024-10-10 06:00:00,HU,,22.6,-49.7,85,974
AL142024,Milton,2024-10-10 06:00:00,HU,,28.1,-81.3,70,975
AL132024,Leslie,2024-10-10 12:00:00,HU,,22.9,-50.2,75,980
AL142024,Milton,2024-10-10 12:00:00,HU,,29.0,-79.5,65,983
AL132024,Leslie,2024-10-10 18:00:00,HU,,23.5,-50.8,65,990
AL132024,Leslie,2024-10-11 00:00:00,TS,,24.1,-51.1,55,997
AL132024,Leslie,2024-10-11 06:00:00,TS,,24.9,-51.1,50,999
AL132024,Leslie,2024-10-11 12:00:00,TS,,25.8,-50.8,45,1000
AL132024,Leslie,2024-10-11 18:00:00,TS,,27.0,-50.0,45,1000
AL132024,Leslie,2024-10-12 00:00:00,TS,,28.4,-48.8,45,1001
AL132024,Leslie,2024-10-12 06:00:00,TS,,30.4,-47.1,45,1002
AL152024,Nadine,2024-10-19 00:00:00,TS,,17.3,-85.5,35,1004
AL162024,Oscar,2024-10-19 00:00:00,TS,,21.0,-66.5,35,1007
AL152024,Nadine,2024-10-19 06:00:00,TS,,17.4,-86.4,40,1004
AL162024,Oscar,2024-10-19 06:00:00,TS,,21.2,-68.2,45,1005
AL152024,Nadine,2024-10-19 12:00:00,TS,,17.4,-87.5,45,1003
AL162024,Oscar,2024-10-19 12:00:00,TS,,21.3,-69.8,55,996
AL152024,Nadine,2024-10-19 16:00:00,TS,L,17.5,-88.2,50,1002
AL152024,Nadine,2024-10-19 18:00:00,TS,,17.5,-88.7,45,1004
AL162024,Oscar,2024-10-19 18:00:00,HU,,21.4,-70.6,70,989
AL162024,Oscar,2024-10-19 20:15:00,HU,L,21.5,-71.1,75,987
AL152024,Nadine,2024-10-20 00:00:00,TD,,17.3,-90.0,30,1005
AL162024,Oscar,2024-10-20 00:00:00,HU,,21.5,-71.7,75,987
AL162024,Oscar,2024-10-20 06:00:00,HU,,21.1,-72.7,70,988
AL162024,Oscar,2024-10-20 12:00:00,HU,,20.8,-73.6,70,986
AL162024,Oscar,2024-10-20 18:00:00,HU,,20.5,-74.0,75,984
AL162024,Oscar,2024-10-20 22:00:00,HU,L,20.3,-74.4,75,984
AL162024,Oscar,2024-10-21 00:00:00,HU,,20.2,-74.5,65,988
AL162024,Oscar,2024-10-21 06:00:00,TS,,20.1,-75.0,50,996
AL162024,Oscar,2024-10-21 12:00:00,TS,,20.3,-75.4,40,1000
AL162024,Oscar,2024-10-21 18:00:00,TS,,20.7,-75.9,35,1003
AL162024,Oscar,2024-10-22 00:00:00,TS,,21.5,-75.6,35,1005
AL162024,Oscar,2024-10-22 06:00:00,TS,,22.2,-75.1,35,1006
AL162024,Oscar,2024-10-22 12:00:00,TS,,22.7,-74.6,35,1007
AL172024,Patty,2024-11-01 18:00:00,SS,,40.6,-36.5,45,983
AL172024,Patty,2024-11-02 00:00:00,SS,,40.6,-35.4,45,985
AL172024,Patty,2024-11-02 06:00:00,SS,,40.3,-34.6,50,986
AL172024,Patty,2024-11-02 12:00:00,SS,,39.4,-33.3,55,982
AL172024,Patty,2024-11-02 18:00:00,SS,,38.4,-31.6,55,982
AL172024,Patty,2024-11-03 00:00:00,SS,,37.9,-29.2,50,985
AL172024,Patty,2024-11-03 06:00:00,SS,,37.7,-27.0,45,988
AL172024,Patty,2024-11-03 12:00:00,TS,,37.5,-25.1,40,990
AL172024,Patty,2024-11-03 18:00:00,TS,,37.4,-23.3,40,990
AL172024,Patty,2024-11-04 00:00:00,TS,,37.6,-21.3,40,993
AL172024,Patty,2024-11-04 06:00:00,TS,,37.9,-19.2,35,996
AL182024,Rafael,2024-11-04 12:00:00,TD,,14.8,-76.6,30,1003
AL182024,Rafael,2024-11-04 18:00:00,TS,,15.1,-76.4,35,1001
AL182024,Rafael,2024-11-05 00:00:00,TS,,15.8,-76.9,40,999
AL182024,Rafael,2024-11-05 06:00:00,TS,,16.6,-77.6,45,994
AL182024,Rafael,2024-11-05 12:00:00,TS,,17.5,-78.3,50,993
AL182024,Rafael,2024-11-05 18:00:00,TS,,18.5,-79.1,60,990
AL182024,Rafael,2024-11-06 00:00:00,HU,,19.4,-80.0,70,985
AL182024,Rafael,2024-11-06 06:00:00,HU,,20.1,-80.9,80,975
AL182024,Rafael,2024-11-06 12:00:00,HU,,21.0,-81.6,90,964
AL182024,Rafael,2024-11-06 18:00:00,HU,,22.0,-82.3,100,955
AL182024,Rafael,2024-11-06 21:15:00,HU,L,22.7,-82.7,100,955
AL182024,Rafael,2024-11-07 00:00:00,HU,,23.1,-83.2,95,968
AL182024,Rafael,2024-11-07 06:00:00,HU,,23.8,-84.1,90,970
AL182024,Rafael,2024-11-07 12:00:00,HU,,24.3,-84.9,90,969
AL182024,Rafael,2024-11-07 18:00:00,HU,,24.6,-85.7,90,968
AL182024,Rafael,2024-11-08 00:00:00,HU,,24.6,-86.6,90,966
AL182024,Rafael,2024-11-08 06:00:00,HU,,24.4,-87.6,105,954
AL182024,Rafael,2024-11-08 12:00:00,HU,,24.4,-88.4,95,962
AL182024,Rafael,2024-11-08 18:00:00,HU,,24.6,-89.1,80,973
AL182024,Rafael,2024-11-09 00:00:00,HU,,24.7,-89.7,65,986
AL182024,Rafael,2024-11-09 06:00:00,TS,,24.8,-90.5,55,992
AL182024,Rafael,2024-11-09 12:00:00,TS,,25.0,-91.2,50,998
AL182024,Rafael,2024-11-09 18:00:00,TS,,25.3,-91.5,45,1000
AL182024,Rafael,2024-11-10 00:00:00,TS,,25.6,-91.7,40,1001
AL182024,Rafael,2024-11-10 06:00:00,TS,,25.9,-91.9,35,1003
AL192024,Sara,2024-11-14 06:00:00,TD,,15.9,-81.1,30,1003
AL192024,Sara,2024-11-14 12:00:00,TS,,15.8,-82.2,35,1001
AL192024,Sara,2024-11-14 18:00:00,TS,,15.8,-83.1,35,1000
AL192024,Sara,2024-11-15 00:00:00,TS,,15.7,-84.0,40,999
AL192024,Sara,2024-11-15 01:20:00,TS,L,15.8,-84.3,40,999
AL192024,Sara,2024-11-15 06:00:00,TS,,16.0,-85.0,40,998
AL192024,Sara,2024-11-15 12:00:00,TS,,16.1,-85.6,45,997
AL192024,Sara,2024-11-15 18:00:00,TS,,16.1,-86.1,45,997
AL192024,Sara,2024-11-16 00:00:00,TS,,16.1,-86.1,45,997
AL192024,Sara,2024-11-16 06:00:00,TS,,16.2,-86.2,40,999
AL192024,Sara,2024-11-16 12:00:00,TS,,16.2,-86.4,40,999
AL192024,Sara,2024-11-16 18:00:00,TS,,16.3,-86.8,35,1000
AL192024,Sara,2024-11-17 00:00:00,TS,,16.4,-87.1,35,1000
AL192024,Sara,2024-11-17 06:00:00,TS,,16.5,-87.5,35,1001
AL192024,Sara,2024-11-17 12:00:00,TS,,16.8,-87.9,35,1001
AL192024,Sara,2024-11-17 14:00:00,TS,L,17.0,-88.3,35,1001
AL192024,Sara,2024-11-17 18:00:00,TD,,17.4,-89.1,30,1003
AL192024,Sara,2024-11-18 00:00:00,TD,,17.9,-90.2,25,1004
AL012025,Andrea,2025-06-23 06:00:00,TD,,32.6,-56.3,30,1015
AL012025,Andrea,2025-06-23 12:00:00,TS,,33.2,-55.2,35,1014
AL012025,Andrea,2025-06-23 18:00:00,TS,,33.9,-54.2,35,1014
AL012025,Andrea,2025-06-24 00:00:00,TS,,34.6,-53.0,35,1014
AL012025,Andrea,2025-06-24 06:00:00,TS,,35.4,-51.5,35,1014
AL012025,Andrea,2025-06-24 12:00:00,TS,,36.3,-49.8,35,1014
AL022025,Barry,2025-06-28 18:00:00,TD,,19.2,-93.9,25,1011
AL022025,Barry,2025-06-29 00:00:00,TD,,19.5,-94.7,25,1011
AL022025,Barry,2025-06-29 06:00:00,TD,,19.7,-95.4,30,1010
AL022025,Barry,2025-06-29 12:00:00,TS,,20.1,-96.0,35,1008
AL022025,Barry,2025-06-29 18:00:00,TS,,20.9,-96.7,40,1006
AL022025,Barry,2025-06-30 00:00:00,TS,,21.7,-97.4,35,1008
AL022025,Barry,2025-06-30 02:00:00,TD,L,21.9,-97.7,30,1009
AL022025,Barry,2025-06-30 06:00:00,TD,,22.3,-98.2,25,1009
AL032025,Chantal,2025-07-04 18:00:00,TD,,30.7,-79.1,30,1011
AL032025,Chantal,2025-07-05 00:00:00,TD,,30.7,-79.0,30,1011
AL032025,Chantal,2025-07-05 06:00:00,TS,,30.8,-78.9,35,1010
AL032025,Chantal,2025-07-05 12:00:00,TS,,31.0,-78.8,35,1009
AL032025,Chantal,2025-07-05 18:00:00,TS,,31.6,-78.6,40,1006
AL032025,Chantal,2025-07-06 00:00:00,TS,,32.3,-78.6,45,1004
AL032025,Chantal,2025-07-06 06:00:00,TS,,33.3,-78.9,50,1002
AL032025,Chantal,2025-07-06 08:00:00,TS,L,33.6,-79.0,45,1003
AL032025,Chantal,2025-07-06 12:00:00,TS,,33.9,-79.1,35,1005
AL032025,Chantal,2025-07-06 18:00:00,TD,,34.6,-79.1,25,1006
AL032025,Chantal,2025-07-07 00:00:00,TD,,35.5,-78.9,25,1006
AL032025,Chantal,2025-07-07 06:00:00,TD,,36.3,-78.4,25,1009
AL042025,Dexter,2025-08-03 18:00:00,TS,,33.7,-71.0,35,1007
AL042025,Dexter,2025-08-04 00:00:00,TS,,34.0,-69.9,40,1003
AL042025,Dexter,2025-08-04 06:00:00,TS,,34.4,-68.8,40,1003
AL042025,Dexter,2025-08-04 12:00:00,TS,,35.0,-67.9,40,1004
AL042025,Dexter,2025-08-04 18:00:00,TS,,35.7,-66.9,40,1005
AL042025,Dexter,2025-08-05 00:00:00,TS,,36.4,-65.9,40,1005
AL042025,Dexter,2025-08-05 06:00:00,TS,,37.0,-64.9,35,1008
AL042025,Dexter,2025-08-05 12:00:00,TS,,37.7,-63.9,35,1009
AL042025,Dexter,2025-08-05 18:00:00,TS,,38.2,-62.8,35,1009
AL042025,Dexter,2025-08-06 00:00:00,TS,,38.8,-61.8,40,1006
AL042025,Dexter,2025-08-06 06:00:00,TS,,39.3,-60.5,45,1003
AL042025,Dexter,2025-08-06 12:00:00,TS,,39.6,-59.0,50,999
AL042025,Dexter,2025-08-06 18:00:00,TS,,39.8,-57.2,50,999
AL052025,Erin,2025-08-11 00:00:00,TD,,16.5,-23.1,30,1007
AL052025,Erin,2025-08-11 06:00:00,TS,L,17.2,-25.2,35,1006
AL052025,Erin,2025-08-11 12:00:00,TS,,17.3,-27.3,40,1004
AL052025,Erin,2025-08-11 18:00:00,TS,,17.4,-29.3,40,1004
AL052025,Erin,2025-08-12 00:00:00,TS,,17.5,-31.3,40,1004
AL052025,Erin,2025-08-12 06:00:00,TS,,17.5,-33.3,40,1004
AL052025,Erin,2025-08-12 12:00:00,TS,,17.3,-35.4,40,1004
AL052025,Erin,2025-08-12 18:00:00,TS,,17.1,-37.4,40,1004
AL052025,Erin,2025-08-13 00:00:00,TS,,16.8,-39.3,40,1004
AL052025,Erin,2025-08-13 06:00:00,TS,,16.6,-41.0,40,1004
AL052025,Erin,2025-08-13 12:00:00,TS,,16.4,-42.7,45,1002
AL052025,Erin,2025-08-13 18:00:00,TS,,16.3,-44.3,45,1002
AL052025,Erin,2025-08-14 00:00:00,TS,,16.3,-45.9,45,1002
AL052025,Erin,2025-08-14 06:00:00,TS,,16.3,-47.5,45,1002
AL052025,Erin,2025-08-14 12:00:00,TS,,16.3,-48.9,50,999
AL052025,Erin,2025-08-14 18:00:00,TS,,16.6,-50.4,55,998
AL052025,Erin,2025-08-15 00:00:00,TS,,16.9,-51.9,60,997
AL052025,Erin,2025-08-15 06:00:00,TS,,17.4,-53.5,60,997
AL052025,Erin,2025-08-15 12:00:00,HU,,18.0,-55.2,65,996
AL052025,Erin,2025-08-15 18:00:00,HU,,18.7,-56.8,65,993
AL052025,Erin,2025-08-16 00:00:00,HU,,19.4,-58.5,75,981
AL052025,Erin,2025-08-16 06:00:00,HU,,19.6,-60.4,95,967
AL052025,Erin,2025-08-16 12:00:00,HU,,19.6,-62.1,130,934
AL052025,Erin,2025-08-16 18:00:00,HU,,19.8,-63.4,140,913
AL052025,Erin,2025-08-17 00:00:00,HU,,20.0,-64.6,125,934
AL052025,Erin,2025-08-17 06:00:00,HU,,20.3,-65.8,110,940
AL052025,Erin,2025-08-17 12:00:00,HU,,20.7,-67.0,110,940
AL052025,Erin,2025-08-17 18:00:00,HU,,21.5,-68.0,110,946
AL052025,Erin,2025-08-18 00:00:00,HU,,22.0,-68.9,110,946
AL052025,Erin,2025-08-18 06:00:00,HU,,22.5,-69.7,115,945
AL052025,Erin,2025-08-18 12:00:00,HU,,22.9,-70.5,120,935
AL052025,Erin,2025-08-18 18:00:00,HU,,23.5,-71.0,115,937
AL052025,Erin,2025-08-19 00:00:00,HU,,24.0,-71.4,100,947
AL052025,Erin,2025-08-19 06:00:00,HU,,24.5,-71.8,90,955
AL052025,Erin,2025-08-19 12:00:00,HU,,25.2,-72.1,85,958
AL052025,Erin,2025-08-19 18:00:00,HU,,26.1,-72.5,85,958
AL052025,Erin,2025-08-20 00:00:00,HU,,27.2,-72.8,85,959
AL052025,Erin,2025-08-20 06:00:00,HU,,28.3,-73.2,90,954
AL052025,Erin,2025-08-20 12:00:00,HU,,29.5,-73.7,95,943
AL052025,Erin,2025-08-20 18:00:00,HU,,30.7,-73.6,95,942
AL052025,Erin,2025-08-21 00:00:00,HU,,32.1,-73.3,95,941
AL052025,Erin,2025-08-21 06:00:00,HU,,33.6,-72.6,90,945
AL052025,Erin,2025-08-21 12:00:00,HU,,34.9,-71.7,90,949
AL052025,Erin,2025-08-21 18:00:00,HU,,35.9,-70.1,85,952
AL052025,Erin,2025-08-22 00:00:00,HU,,36.9,-68.4,85,954
AL052025,Erin,2025-08-22 06:00:00,HU,,37.9,-66.5,80,956
AL052025,Erin,2025-08-22 12:00:00,HU,,38.5,-64.6,80,956
AL062025,Fernand,2025-08-23 18:00:00,TS,,26.6,-61.7,35,1010
AL062025,Fernand,2025-08-24 00:00:00,TS,,28.0,-61.3,35,1009
AL062025,Fernand,2025-08-24 06:00:00,TS,,29.2,-60.9,35,1009
AL062025,Fernand,2025-08-24 12:00:00,TS,,30.3,-60.4,35,1009
AL062025,Fernand,2025-08-24 18:00:00,TS,,31.3,-60.0,40,1006
AL062025,Fernand,2025-08-25 00:00:00,TS,,32.1,-59.6,45,1005
AL062025,Fernand,2025-08-25 06:00:00,TS,,33.0,-59.0,45,1004
AL062025,Fernand,2025-08-25 12:00:00,TS,,33.8,-58.4,50,999
AL062025,Fernand,2025-08-25 18:00:00,TS,,34.8,-57.6,50,999
AL062025,Fernand,2025-08-26 00:00:00,TS,,35.6,-56.8,45,1002
AL062025,Fernand,2025-08-26 06:00:00,TS,,36.4,-55.9,40,1005
AL062025,Fernand,2025-08-26 12:00:00,TS,,37.3,-55.1,35,1006
AL062025,Fernand,2025-08-26 18:00:00,TS,,37.8,-54.0,35,1004
AL062025,Fernand,2025-08-27 00:00:00,TS,,38.2,-52.7,40,1002
AL062025,Fernand,2025-08-27 06:00:00,TS,,38.3,-51.4,45,1000
AL062025,Fernand,2025-08-27 12:00:00,TS,,38.2,-50.3,45,1000
AL072025,Gabrielle,2025-09-17 18:00:00,TS,,19.0,-47.7,45,1005
AL072025,Gabrielle,2025-09-18 00:00:00,TS,,19.3,-48.9,45,1004
AL072025,Gabrielle,2025-09-18 06:00:00,TS,,19.6,-50.0,45,1004
AL072025,Gabrielle,2025-09-18 12:00:00,TS,,20.0,-51.2,45,1004
AL072025,Gabrielle,2025-09-18 18:00:00,TS,,20.5,-52.2,45,1004
AL072025,Gabrielle,2025-09-19 00:00:00,TS,,21.0,-53.1,45,1004
AL072025,Gabrielle,2025-09-19 06:00:00,TS,,21.4,-54.1,45,1004
AL072025,Gabrielle,2025-09-19 12:00:00,TS,,21.7,-55.1,45,1004
AL072025,Gabrielle,2025-09-19 18:00:00,TS,,22.1,-56.1,45,1004
AL072025,Gabrielle,2025-09-20 00:00:00,TS,,22.9,-57.0,45,1004
AL072025,Gabrielle,2025-09-20 06:00:00,TS,,23.9,-57.7,45,1004
AL072025,Gabrielle,2025-09-20 12:00:00,TS,,24.6,-58.3,50,1001
AL072025,Gabrielle,2025-09-20 18:00:00,TS,,25.2,-58.6,55,996
AL072025,Gabrielle,2025-09-21 00:00:00,TS,,25.9,-59.0,55,996
AL072025,Gabrielle,2025-09-21 06:00:00,TS,,26.6,-59.8,55,995
AL072025,Gabrielle,2025-09-21 12:00:00,TS,,27.3,-60.7,60,995
AL072025,Gabrielle,2025-09-21 18:00:00,HU,,28.1,-61.5,65,993
AL072025,Gabrielle,2025-09-22 00:00:00,HU,,28.9,-62.1,70,985
AL072025,Gabrielle,2025-09-22 06:00:00,HU,,29.6,-62.5,80,977
AL072025,Gabrielle,2025-09-22 12:00:00,HU,,30.4,-62.5,100,958
AL072025,Gabrielle,2025-09-22 18:00:00,HU,,31.3,-62.1,115,951
AL072025,Gabrielle,2025-09-23 00:00:00,HU,,32.1,-61.4,120,944
AL072025,Gabrielle,2025-09-23 06:00:00,HU,,32.8,-60.4,120,945
AL072025,Gabrielle,2025-09-23 12:00:00,HU,,33.5,-59.2,120,946
AL072025,Gabrielle,2025-09-23 18:00:00,HU,,34.3,-57.4,115,947
AL072025,Gabrielle,2025-09-24 00:00:00,HU,,34.9,-55.2,110,953
AL072025,Gabrielle,2025-09-24 06:00:00,HU,,35.4,-52.8,100,958
AL072025,Gabrielle,2025-09-24 12:00:00,HU,,35.8,-50.2,90,965
AL082025,Humberto,2025-09-24 12:00:00,TS,,19.1,-53.6,35,1008
AL072025,Gabrielle,2025-09-24 18:00:00,HU,,35.9,-47.2,85,970
AL082025,Humberto,2025-09-24 18:00:00,TS,,19.8,-54.5,35,1008
AL072025,Gabrielle,2025-09-25 00:00:00,HU,,35.9,-44.0,75,974
AL082025,Humberto,2025-09-25 00:00:00,TS,,20.4,-55.4,40,1007
AL072025,Gabrielle,2025-09-25 06:00:00,HU,,36.1,-40.2,70,976
AL082025,Humberto,2025-09-25 06:00:00,TS,,20.9,-56.2,45,1006
AL072025,Gabrielle,2025-09-25 12:00:00,HU,,36.4,-36.7,65,979
AL082025,Humberto,2025-09-25 12:00:00,TS,,21.3,-56.5,50,1002
AL082025,Humberto,2025-09-25 18:00:00,TS,,21.5,-56.7,55,998
AL082025,Humberto,2025-09-26 00:00:00,TS,,21.7,-56.9,60,993
AL082025,Humberto,2025-09-26 06:00:00,HU,,21.9,-57.0,70,984
AL082025,Humberto,2025-09-26 12:00:00,HU,,22.1,-57.4,80,978
AL082025,Humberto,2025-09-26 18:00:00,HU,,22.2,-57.8,95,966
AL082025,Humberto,2025-09-27 00:00:00,HU,,22.1,-58.4,115,949
AL082025,Humberto,2025-09-27 06:00:00,HU,,22.2,-58.9,125,938
AL082025,Humberto,2025-09-27 12:00:00,HU,,22.5,-59.7,130,932
AL082025,Humberto,2025-09-27 18:00:00,HU,,22.7,-60.7,140,919
AL082025,Humberto,2025-09-28 00:00:00,HU,,23.1,-61.6,140,918
AL092025,Imelda,2025-09-28 00:00:00,TD,,22.4,-76.7,30,1004
AL082025,Humberto,2025-09-28 06:00:00,HU,,23.7,-62.7,135,921
AL092025,Imelda,2025-09-28 06:00:00,TD,,22.7,-77.1,30,1003
AL082025,Humberto,2025-09-28 12:00:00,HU,,24.2,-63.8,125,926
AL092025,Imelda,2025-09-28 12:00:00,TD,,23.1,-77.4,30,1001
AL082025,Humberto,2025-09-28 18:00:00,HU,,25.1,-64.8,125,926
AL092025,Imelda,2025-09-28 18:00:00,TS,,23.8,-77.3,35,998
AL082025,Humberto,2025-09-29 00:00:00,HU,,25.8,-65.8,120,928
AL092025,Imelda,2025-09-29 00:00:00,TS,,24.6,-77.1,35,997
AL082025,Humberto,2025-09-29 06:00:00,HU,,26.7,-66.6,120,933
AL092025,Imelda,2025-09-29 06:00:00,TS,,25.3,-77.1,40,995
AL082025,Humberto,2025-09-29 12:00:00,HU,,27.5,-67.3,125,938
AL092025,Imelda,2025-09-29 12:00:00,TS,L,26.4,-77.1,45,989
AL082025,Humberto,2025-09-29 18:00:00,HU,,28.5,-67.9,115,948
AL092025,Imelda,2025-09-29 18:00:00,TS,,27.3,-77.3,50,987
AL082025,Humberto,2025-09-30 00:00:00,HU,,29.5,-68.6,100,961
AL092025,Imelda,2025-09-30 00:00:00,TS,,28.0,-77.3,55,985
AL082025,Humberto,2025-09-30 06:00:00,HU,,31.0,-69.4,90,967
AL092025,Imelda,2025-09-30 06:00:00,TS,,28.6,-77.2,55,983
AL082025,Humberto,2025-09-30 12:00:00,HU,,32.5,-69.8,70,977
AL092025,Imelda,2025-09-30 12:00:00,HU,,28.9,-76.9,65,981
AL082025,Humberto,2025-09-30 18:00:00,HU,,33.5,-69.9,70,979
AL092025,Imelda,2025-09-30 18:00:00,HU,,29.2,-76.0,70,979
AL082025,Humberto,2025-10-01 00:00:00,HU,,34.6,-69.0,70,979
AL092025,Imelda,2025-10-01 00:00:00,HU,,29.4,-74.8,70,977
AL082025,Humberto,2025-10-01 06:00:00,HU,,35.7,-67.5,70,979
AL092025,Imelda,2025-10-01 06:00:00,HU,,29.9,-73.1,75,973
AL092025,Imelda,2025-10-01 12:00:00,HU,,30.7,-71.4,80,968
AL092025,Imelda,2025-10-01 18:00:00,HU,,31.2,-69.2,80,966
AL092025,Imelda,2025-10-02 00:00:00,HU,,31.8,-66.4,80,971
AL092025,Imelda,2025-10-02 06:00:00,HU,,32.6,-63.2,80,974
AL102025,Jerry,2025-10-07 06:00:00,TS,,11.0,-41.3,35,1007
AL102025,Jerry,2025-10-07 12:00:00,TS,,11.4,-43.6,40,1006
AL102025,Jerry,2025-10-07 18:00:00,TS,,11.9,-45.7,40,1005
AL102025,Jerry,2025-10-08 00:00:00,TS,,12.4,-47.9,45,1004
AL102025,Jerry,2025-10-08 06:00:00,TS,,12.9,-49.9,45,1003
AL102025,Jerry,2025-10-08 12:00:00,TS,,13.6,-51.9,55,1002
AL102025,Jerry,2025-10-08 18:00:00,TS,,14.3,-53.8,55,1000
AL102025,Jerry,2025-10-09 00:00:00,TS,,15.0,-55.5,55,1000
AL102025,Jerry,2025-10-09 06:00:00,TS,,15.4,-57.2,55,1001
AL102025,Jerry,2025-10-09 12:00:00,TS,,16.0,-58.6,50,1002
AL112025,Karen,2025-10-09 12:00:00,SS,,43.5,-34.8,40,998
AL102025,Jerry,2025-10-09 18:00:00,TS,,16.7,-60.0,50,1004
AL112025,Karen,2025-10-09 18:00:00,SS,,43.9,-34.2,40,998
AL102025,Jerry,2025-10-10 00:00:00,TS,,17.6,-61.1,50,1006
AL112025,Karen,2025-10-10 00:00:00,SS,,44.4,-33.5,40,998
AL102025,Jerry,2025-10-10 06:00:00,TS,,18.6,-62.2,50,1006
AL112025,Karen,2025-10-10 06:00:00,SS,,45.0,-32.6,40,998
AL102025,Jerry,2025-10-10 12:00:00,TS,,19.7,-63.1,50,1006
AL112025,Karen,2025-10-10 12:00:00,SS,,45.7,-31.5,40,998
AL102025,Jerry,2025-10-10 18:00:00,TS,,20.9,-63.6,50,1006
AL112025,Karen,2025-10-10 18:00:00,SS,,46.8,-30.6,35,1000
AL102025,Jerry,2025-10-11 00:00:00,TS,,22.4,-63.7,50,1006
AL102025,Jerry,2025-10-11 06:00:00,TS,,23.9,-63.7,45,1006
AL102025,Jerry,2025-10-11 12:00:00,TS,,25.2,-63.3,45,1006
AL122025,Lorenzo,2025-10-13 06:00:00,TS,,13.8,-39.7,40,1005
AL122025,Lorenzo,2025-10-13 12:00:00,TS,,14.4,-40.6,45,1003
AL122025,Lorenzo,2025-10-13 18:00:00,TS,,15.0,-41.5,45,1002
AL122025,Lorenzo,2025-10-14 00:00:00,TS,,15.8,-42.4,50,1000
AL122025,Lorenzo,2025-10-14 06:00:00,TS,,16.9,-43.6,50,1000
AL122025,Lorenzo,2025-10-14 12:00:00,TS,,17.6,-44.7,40,1004
AL122025,Lorenzo,2025-10-14 18:00:00,TS,,18.3,-45.3,35,1005
AL122025,Lorenzo,2025-10-15 00:00:00,TS,,19.2,-45.5,35,1005
AL122025,Lorenzo,2025-10-15 06:00:00,TS,,20.1,-45.3,35,1004
AL122025,Lorenzo,2025-10-15 12:00:00,TS,,21.1,-44.5,35,1004
AL132025,Melissa,2025-10-21 06:00:00,TS,,14.0,-70.0,40,1003
AL132025,Melissa,2025-10-21 12:00:00,TS,,14.0,-71.4,45,1003
AL132025,Melissa,2025-10-21 18:00:00,TS,,14.0,-72.4,45,1003
AL132025,Melissa,2025-10-22 00:00:00,TS,,14.1,-73.3,45,1003
AL132025,Melissa,2025-10-22 06:00:00,TS,,14.2,-73.5,45,1002
AL132025,Melissa,2025-10-22 12:00:00,TS,,14.3,-73.7,45,1002
AL132025,Melissa,2025-10-22 18:00:00,TS,,14.3,-74.1,45,1002
AL132025,Melissa,2025-10-23 00:00:00,TS,,14.3,-74.5,45,1002
AL132025,Melissa,2025-10-23 06:00:00,TS,,14.7,-74.8,40,1003
AL132025,Melissa,2025-10-23 12:00:00,TS,,15.2,-75.0,40,1003
AL132025,Melissa,2025-10-23 18:00:00,TS,,15.5,-75.3,40,1002
AL132025,Melissa,2025-10-24 00:00:00,TS,,15.7,-75.5,40,1002
AL132025,Melissa,2025-10-24 06:00:00,TS,,15.8,-75.3,40,1002
AL132025,Melissa,2025-10-24 12:00:00,TS,,15.9,-75.1,45,1000
AL132025,Melissa,2025-10-24 18:00:00,TS,,15.9,-74.8,50,997
AL132025,Melissa,2025-10-25 00:00:00,TS,,16.1,-74.7,55,993
AL132025,Melissa,2025-10-25 06:00:00,TS,,16.3,-74.7,60,986
AL132025,Melissa,2025-10-25 12:00:00,TS,,16.4,-74.9,60,984
AL132025,Melissa,2025-10-25 18:00:00,HU,,16.4,-75.3,75,976
AL132025,Melissa,2025-10-26 00:00:00,HU,,16.4,-75.7,90,971
AL132025,Melissa,2025-10-26 06:00:00,HU,,16.3,-76.0,105,958
AL132025,Melissa,2025-10-26 12:00:00,HU,,16.3,-76.4,115,952
AL132025,Melissa,2025-10-26 18:00:00,HU,,16.3,-76.9,120,944
AL132025,Melissa,2025-10-27 00:00:00,HU,,16.3,-77.3,125,934
AL132025,Melissa,2025-10-27 06:00:00,HU,,16.3,-77.7,135,923
AL132025,Melissa,2025-10-27 12:00:00,HU,,16.3,-78.0,145,912
AL132025,Melissa,2025-10-27 18:00:00,HU,,16.4,-78.3,155,906
AL132025,Melissa,2025-10-28 00:00:00,HU,,16.5,-78.6,155,909
AL132025,Melissa,2025-10-28 06:00:00,HU,,16.9,-78.4,155,900
AL132025,Melissa,2025-10-28 12:00:00,HU,,17.5,-78.1,165,892
AL132025,Melissa,2025-10-28 17:25:00,HU,L,18.1,-78.0,160,897
AL132025,Melissa,2025-10-28 18:00:00,HU,,18.2,-78.0,145,910
AL132025,Melissa,2025-10-29 00:00:00,HU,,18.8,-77.1,105,953
AL132025,Melissa,2025-10-29 06:00:00,HU,,19.7,-76.4,105,952
AL132025,Melissa,2025-10-29 07:20:00,HU,L,20.0,-76.2,100,954
AL132025,Melissa,2025-10-29 12:00:00,HU,,20.9,-75.8,85,968
AL132025,Melissa,2025-10-29 18:00:00,HU,,22.1,-75.4,80,972
AL132025,Melissa,2025-10-29 22:15:00,HU,L,23.1,-75.0,80,972
AL132025,Melissa,2025-10-30 00:00:00,HU,,23.5,-74.8,80,970
AL132025,Melissa,2025-10-30 02:00:00,HU,L,24.0,-74.5,80,970
AL132025,Melissa,2025-10-30 06:00:00,HU,,25.0,-73.8,85,968
AL132025,Melissa,2025-10-30 12:00:00,HU,,26.7,-72.7,90,965
AL132025,Melissa,2025-10-30 18:00:00,HU,,28.9,-70.9,85,967
AL132025,Melissa,2025-10-31 00:00:00,HU,,31.3,-68.7,80,970
AL132025,Melissa,2025-10-31 06:00:00,HU,,34.5,-65.5,75,972
