county_fips,county,state,median_household_income_usd,life_expectancy_years,age_65_plus_percent,primary_care_physicians_per_100000
02013,Aleutians East Borough,AK,83000.0,,9.50592314,
02016,Aleutians West Census Area,AK,104159.0,85.9151672696493,7.05426357,59.30026
02020,Anchorage Borough,AK,93881.0,76.3425688698637,13.294415800000001,116.27059000000001
02050,Bethel Census Area,AK,62140.0,68.8646951552752,8.85096576,86.22083
02060,Bristol Bay Borough,AK,99790.0,,20.14218009,0.0
02063,Chugach Census Area,AK,95180.0,,18.03811494,158.47861
02066,Copper River Census Area,AK,69092.0,,20.45624533,38.02281
02068,Denali Borough,AK,86118.0,88.5917622374075,13.4469697,62.774640000000005
02070,Dillingham Census Area,AK,62598.0,68.174982433657,12.52441936,251.46689
02090,Fairbanks North Star Borough,AK,86780.0,77.6845207151173,13.069380010000001,85.78034
02100,Haines Borough,AK,78649.0,78.3364642422984,26.85990338,289.71511000000004
02105,Hoonah-Angoon Census Area,AK,64720.0,78.265212213829,26.92307692,
02110,Juneau Borough,AK,99748.0,79.7906759555364,16.97353827,128.23319999999998
02122,Kenai Peninsula Borough,AK,74185.0,77.885547846568,20.616435,80.31188
02130,Ketchikan Gateway Borough,AK,87760.0,77.6255049644468,18.991119519999998,123.60041
02150,Kodiak Island Borough,AK,86250.0,77.4393341783352,14.803024270000002,140.76797
02158,Kusilvak Census Area,AK,42029.0,64.9934069584741,7.39907512,
02164,Lake and Peninsula Borough,AK,62547.0,,14.500375660000001,0.0
02170,Matanuska-Susitna Borough,AK,94376.0,76.2208920995753,14.22261561,48.78666
02180,Nome Census Area,AK,75296.0,68.924182125986,9.33114821,131.77902
02185,North Slope Borough,AK,103556.0,75.7554504339956,8.41271338,36.45643
02188,Northwest Arctic Borough,AK,78619.0,67.8490549387564,9.36014129,79.36507999999999
02195,Petersburg Census Area,AK,68449.0,78.465812259458,22.52699154,148.98689
02198,Prince of Wales-Hyder Census Area,AK,57304.0,71.9022624560971,20.54073034,174.55052999999998
02220,Sitka Borough,AK,89264.0,79.0067603181404,19.2465588,214.10728999999998
02230,Skagway Municipality,AK,79412.0,,20.0913242,0.0
02240,Southeast Fairbanks Census Area,AK,79014.0,75.4288676858588,15.81178465,57.38881
02275,Wrangell City,AK,65011.0,77.453729985567,29.602713180000002,145.9854
02282,Yakutat Borough,AK,77108.0,,22.27074236,0.0
02290,Yukon-Koyukuk Census Area,AK,49498.0,67.3389696556447,18.17118347,18.957349999999998
01001,Autauga County,AL,68857.0,74.8006458245758,16.782672100000003,43.996950000000005
01003,Baldwin County,AL,74248.0,76.5801092338992,22.05974588,62.6844
01005,Barbour County,AL,45298.0,72.7089917086476,20.58165548,40.05768
01007,Bibb County,AL,56025.0,72.9773785138194,18.2869947,66.73487999999999
01009,Blount County,AL,64962.0,72.9361722994437,19.19386117,20.324859999999997
01011,Bullock County,AL,36204.0,70.9674563696085,19.26846519,19.379839999999998
01013,Butler County,AL,44729.0,71.5419170660704,22.11946469,26.477439999999998
01015,Calhoun County,AL,51841.0,70.8131548732634,18.745329769999998,58.634840000000004
01017,Chambers County,AL,50390.0,71.8617832242156,21.14205229,40.53154
01019,Cherokee County,AL,56400.0,72.3955291829557,25.169484920000002,44.00704
01021,Chilton County,AL,59165.0,72.706851129762,17.55723547,22.087729999999997
01023,Choctaw County,AL,47432.0,73.0612710597115,24.81227555,39.89468
01025,Clarke County,AL,50868.0,69.9498894407377,20.96521467,39.54306
01027,Clay County,AL,52077.0,71.8511395478806,21.8552902,28.18887
01029,Cleburne County,AL,59526.0,72.1003327485776,19.52170855,26.4848
01031,Coffee County,AL,64737.0,74.199504455592,17.54758011,51.68531
01033,Colbert County,AL,57770.0,73.022425448528,20.96948305,66.11685
01035,Conecuh County,AL,46702.0,68.9610859888541,25.228208340000002,44.138419999999996
01037,Coosa County,AL,59736.0,72.2305356293815,26.694585119999996,
01039,Covington County,AL,50119.0,70.6401138746821,22.528457,47.9693
01041,Crenshaw County,AL,49128.0,70.4189270209392,20.09770247,22.93052
01043,Cullman County,AL,61231.0,72.8537883285058,19.411841420000002,48.046839999999996
01045,Dale County,AL,54697.0,73.0087303691979,18.559884500000003,28.373390000000004
01047,Dallas County,AL,39013.0,67.7064932741924,21.11433707,71.77224
01049,DeKalb County,AL,50614.0,72.3576155513404,18.095881159999998,40.38266
01051,Elmore County,AL,73125.0,74.6054211303807,17.0774317,22.395410000000002
01053,Escambia County,AL,50333.0,70.098328136574,19.01088681,29.97357
01055,Etowah County,AL,52504.0,70.2432893186333,20.04533083,73.67054
01057,Fayette County,AL,49235.0,70.6794830917696,22.25840797,99.08348
01059,Franklin County,AL,49682.0,71.5063736075385,17.69700019,40.6085
01061,Geneva County,AL,50006.0,70.5796384140003,21.146435450000002,29.961419999999997
01063,Greene County,AL,34619.0,70.55895081699,25.841166049999998,39.32363
01065,Hale County,AL,42380.0,69.9461759368664,20.1706072,20.33347
01067,Henry County,AL,55598.0,74.2166014538532,24.1857087,34.36623
01069,Houston County,AL,59412.0,73.5421749286322,19.18920912,81.89246
01071,Jackson County,AL,51479.0,70.8995641875735,21.289767519999998,51.162530000000004
01073,Jefferson County,AL,64726.0,72.4320833102653,17.22655926,111.10778
01075,Lamar County,AL,50929.0,72.385633338661,22.72893639,
01077,Lauderdale County,AL,63895.0,74.9038648234493,20.85338897,54.23051
01079,Lawrence County,AL,61064.0,71.1445647329955,19.2018387,18.132369999999998
01081,Lee County,AL,62301.0,77.1462064606839,13.969926039999999,49.65636
01083,Limestone County,AL,81811.0,76.0617579216676,15.98897553,34.41316
01085,Lowndes County,AL,42011.0,67.5998042608951,21.32345374,10.035120000000001
01087,Macon County,AL,40710.0,71.4200072748553,21.932498640000002,31.75443
01089,Madison County,AL,86172.0,76.4751752475815,16.12675715,85.52394
01091,Marengo County,AL,47228.0,70.7648143959953,20.969813740000003,42.114129999999996
01093,Marion County,AL,48829.0,72.4040857473197,21.642046230000002,23.9349
01095,Marshall County,AL,59882.0,71.9002130033585,17.36869268,54.97414
01097,Mobile County,AL,55538.0,72.6189140264295,17.78714411,71.17386
01099,Monroe County,AL,49314.0,70.7912694485998,22.3412554,45.80619
01101,Montgomery County,AL,60063.0,72.7245505764632,16.74193262,96.73136
01103,Morgan County,AL,70387.0,72.7550574942936,18.4124092,50.94285
01105,Perry County,AL,34176.0,68.8218704441339,22.25381235,35.906639999999996
01107,Pickens County,AL,47372.0,71.4985800133147,19.84696062,37.23206
01109,Pike County,AL,50675.0,71.6423579398985,15.91574373,42.43582
01111,Randolph County,AL,57148.0,73.0642251936467,21.58342842,27.28637
01113,Russell County,AL,52312.0,71.0174468650967,16.015252620000002,17.02939
01117,Shelby County,AL,90280.0,79.4040635480232,17.4639485,77.12581
01115,St. Clair County,AL,78349.0,72.792927371418,18.25498158,18.32924
01119,Sumter County,AL,37021.0,71.3437582025665,20.533810860000003,57.546859999999995
01121,Talladega County,AL,59491.0,70.4510401716781,19.94897205,25.75929
01123,Tallapoosa County,AL,60583.0,72.783391237551,24.180740959999998,46.31548
01125,Tuscaloosa County,AL,61117.0,74.5157109795595,14.4464619,62.993649999999995
01127,Walker County,AL,57950.0,67.7994890943596,20.059325180000002,46.28344
01129,Washington County,AL,57311.0,72.5985868350009,21.5683664,6.60197
01131,Wilcox County,AL,34426.0,68.7390157600417,23.64239743,9.573039999999999
01133,Winston County,AL,52280.0,72.6769200313161,22.42598789,38.05175
05001,Arkansas County,AR,50198.0,68.6900271696045,20.49426627,47.84117
05003,Ashley County,AR,49560.0,70.864945848476,22.09506078,42.840309999999995
05005,Baxter County,AR,48804.0,74.1732996850543,30.84314869,85.42141
05007,Benton County,AR,92632.0,78.1716673066735,14.00873918,59.58622999999999
05009,Boone County,AR,56154.0,74.1941030805049,21.32104853,60.79831
05011,Bradley County,AR,44525.0,71.526980158619,19.804038,57.64796
05013,Calhoun County,AR,57689.0,69.8733280552534,23.033828919999998,21.0926
05015,Carroll County,AR,53986.0,75.265721648179,24.32151038,66.81906000000001
05017,Chicot County,AR,40381.0,69.7656824454484,23.15999161,59.88622
05019,Clark County,AR,53561.0,72.0604032751183,16.82335245,46.90212
05021,Clay County,AR,47663.0,72.8125637886508,21.73086402,6.96864
05023,Cleburne County,AR,56692.0,75.3495638916955,27.506386319999997,67.95922
05025,Cleveland County,AR,54458.0,71.5369782867356,22.0113852,
05027,Columbia County,AR,44175.0,71.4879722576416,18.126410840000002,61.75017999999999
05029,Conway County,AR,53863.0,73.1066253787624,20.38715187,57.49054
05031,Craighead County,AR,60204.0,74.4319983476084,14.40000702,122.97492000000001
05033,Crawford County,AR,63905.0,73.1959926971958,18.08825193,34.78088
05035,Crittenden County,AR,52153.0,69.1617730932247,15.49247969,27.35402
05037,Cross County,AR,47669.0,70.9019826459777,18.76979294,41.96391
05039,Dallas County,AR,46701.0,70.5198046995972,25.82053355,15.852889999999999
05041,Desha County,AR,43469.0,70.6443004952836,21.13751312,45.085660000000004
05043,Drew County,AR,48746.0,72.4231967500059,18.6485689,93.51257
05045,Faulkner County,AR,68543.0,75.6736826573664,14.22997899,59.14984
05047,Franklin County,AR,54077.0,72.2684828239194,20.643462330000002,34.93857
05049,Fulton County,AR,46346.0,72.7568046574156,25.778922789999996,41.16921
05051,Garland County,AR,53849.0,72.0866399371331,25.38984206,82.72699999999999
05053,Grant County,AR,64306.0,73.2645780224214,18.9686123,11.05583
05055,Greene County,AR,55444.0,73.5236340664081,16.74475323,49.65779
05057,Hempstead County,AR,50576.0,73.3162977071379,19.59882128,25.38844
05059,Hot Spring County,AR,53767.0,72.1660136175871,19.87491731,24.13419
05061,Howard County,AR,47308.0,72.4012822349888,19.20529801,47.25154
05063,Independence County,AR,59695.0,73.3865713092052,18.564718159999998,76.87618
05065,Izard County,AR,47320.0,73.7192016211399,25.26642671,28.754220000000004
05067,Jackson County,AR,45762.0,70.5291794941573,18.2971878,35.69092
05069,Jefferson County,AR,49581.0,70.2880297761249,19.40748653,72.88076000000001
05071,Johnson County,AR,50387.0,73.4212169344898,18.00681235,54.16908
05073,Lafayette County,AR,43824.0,71.6793597200972,26.16899098,32.451730000000005
05075,Lawrence County,AR,49015.0,71.3241689395876,19.506066920000002,30.68991
05077,Lee County,AR,36735.0,68.8553338831082,20.546274840000002,11.60227
05079,Lincoln County,AR,53381.0,72.559078596024,15.15738874,7.67048
05081,Little River County,AR,48837.0,71.8360162584781,22.100804739999997,16.74481
05083,Logan County,AR,51290.0,71.1908886582718,20.72897196,18.854580000000002
05085,Lonoke County,AR,74687.0,74.1206518251326,15.16907195,14.721229999999998
05087,Madison County,AR,52262.0,74.1977897863193,19.59493671,29.48113
05089,Marion County,AR,49975.0,73.6872706978366,29.633436109999998,29.449879999999997
05091,Miller County,AR,50421.0,71.3878273705525,17.812094780000002,67.9969
05093,Mississippi County,AR,49484.0,67.9308317255559,16.09290536,35.29916
05095,Monroe County,AR,40631.0,68.8085559885681,24.07862408,44.89002
05097,Montgomery County,AR,48991.0,71.9040962885196,27.911832949999997,23.22611
05099,Nevada County,AR,45562.0,72.7301041387187,22.2044335,24.42897
05101,Newton County,AR,46307.0,73.5966377452259,27.86027436,
05103,Ouachita County,AR,49690.0,70.7786167921914,22.03918689,58.280280000000005
05105,Perry County,AR,57996.0,74.088937256276,21.612333070000002,20.07226
05107,Phillips County,AR,37338.0,67.3762766801475,21.61620213,62.86936
05109,Pike County,AR,53108.0,71.5559852392909,21.12068966,39.73773
05111,Poinsett County,AR,51635.0,68.6640159567921,18.51587266,8.82613
05113,Polk County,AR,47766.0,72.1723419237371,23.55422927,77.50736
05115,Pope County,AR,59016.0,75.1436087632422,16.89037512,64.2744
05117,Prairie County,AR,54962.0,72.7928786658869,24.01692384,12.29256
05119,Pulaski County,AR,61344.0,73.8004494526496,17.142864290000002,117.89222000000001
05121,Randolph County,AR,51480.0,72.0563222437743,19.44253451,53.00822
05125,Saline County,AR,77844.0,75.5466192758223,18.791578559999998,39.12707
05127,Scott County,AR,46026.0,68.3166132034596,21.3886915,20.36245
05129,Searcy County,AR,40688.0,73.6200860542255,26.26184986,25.380710000000004
05131,Sebastian County,AR,58112.0,73.4589145835056,17.39918512,130.84112000000002
05133,Sevier County,AR,52845.0,72.1918162674163,14.81576254,44.35152
05135,Sharp County,AR,45258.0,73.0079767118075,25.89047195,22.698900000000002
05123,St. Francis County,AR,41708.0,70.4233762743813,18.40640695,57.170500000000004
05137,Stone County,AR,43767.0,74.0509078449518,28.68755426,48.07307
05139,Union County,AR,49664.0,70.3907107397862,19.98021232,62.59781
05141,Van Buren County,AR,50332.0,73.925062180936,26.731507869999998,25.48745
05143,Washington County,AR,66158.0,76.8408333062775,12.598021789999999,79.98176
05145,White County,AR,56178.0,72.7581941022225,17.17228369,66.05619
05147,Woodruff County,AR,43259.0,73.1853819742775,25.016767270000003,32.70111
05149,Yell County,AR,51997.0,73.9102617271416,18.68389543,59.538579999999996
04001,Apache County,AZ,43121.0,63.8453463113274,17.25044591,41.14411
04003,Cochise County,AZ,53011.0,76.0894323664976,25.63944159,57.91353
04005,Coconino County,AZ,71528.0,75.8644704348021,15.004983659999999,82.03954
04007,Gila County,AZ,55804.0,69.5937265687047,31.56676481,44.785309999999996
04009,Graham County,AZ,66469.0,73.543255414819,14.719797600000001,40.97311
04011,Greenlee County,AZ,71273.0,75.1034552468839,14.409221899999999,63.802640000000004
04012,La Paz County,AZ,48801.0,69.329962472741,43.57271095,36.56753
04013,Maricopa County,AZ,86973.0,77.4704317973944,16.62929463,69.91968
04015,Mohave County,AZ,56302.0,72.784224520584,33.0616679,53.28629
04017,Navajo County,AZ,51011.0,67.1312880835615,20.55965193,62.877379999999995
04019,Pima County,AZ,69553.0,76.4858988543722,22.01865755,87.06976
04021,Pinal County,AZ,77290.0,78.1119677139707,21.46811802,17.7953
04023,Santa Cruz County,AZ,52400.0,79.8655024761196,19.85841572,37.59163
04025,Yavapai County,AZ,67317.0,76.3882597271681,34.75014152,55.314069999999994
04027,Yuma County,AZ,61225.0,77.7881014042039,21.01247063,42.51413
06001,Alameda County,CA,119230.0,81.9807241016403,16.09720945,112.03744
06003,Alpine County,CA,83265.0,,27.87028922,0.0
06005,Amador County,CA,80767.0,78.5185310702869,28.1002607,46.05056
06007,Butte County,CA,63084.0,75.7147279902711,18.76749754,58.566840000000006
06009,Calaveras County,CA,77041.0,78.8449036690988,29.70900891,38.94334
06011,Colusa County,CA,66675.0,79.1834105127732,15.968598270000001,27.376009999999997
06013,Contra Costa County,CA,122000.0,81.1831153802525,17.733728709999998,101.42817
06015,Del Norte County,CA,70231.0,73.8083484644037,21.67061567,60.498219999999996
06017,El Dorado County,CA,107063.0,80.6020334710376,24.3414926,75.56115
06019,Fresno County,CA,71271.0,75.9157820712685,13.205467760000001,67.58216999999999
06021,Glenn County,CA,64197.0,75.3671132894116,17.2526574,17.3581
06023,Humboldt County,CA,61307.0,75.7992427026467,20.37840057,60.89061999999999
06025,Imperial County,CA,58768.0,76.2348877585024,14.05027449,25.020709999999998
06027,Inyo County,CA,71656.0,76.6421549584084,25.64365521,68.52926
06029,Kern County,CA,68436.0,74.220994057853,12.175702,47.838390000000004
06031,Kings County,CA,65768.0,76.571550805857,11.154556529999999,37.14734
06033,Lake County,CA,57945.0,74.1274378990504,24.558767200000002,42.172
06035,Lassen County,CA,77743.0,74.8895489253379,18.36041717,27.14195
06037,Los Angeles County,CA,86499.0,79.4110592514606,15.73750083,75.39516
06039,Madera County,CA,66084.0,76.5395211539397,14.642203640000002,47.04849
06041,Marin County,CA,139197.0,84.3237077593983,24.66323647,149.11263
06043,Mariposa County,CA,64352.0,78.3141835352633,30.98882913,23.3277
06045,Mendocino County,CA,65891.0,76.8112768990478,25.4230821,77.76135
06047,Merced County,CA,58962.0,76.1546110055601,11.95019183,41.890519999999995
06049,Modoc County,CA,51996.0,74.5735979986739,30.67058824,46.18404
06051,Mono County,CA,82973.0,93.5536104341932,19.286698299999998,83.03767
06053,Monterey County,CA,86809.0,80.8471266197383,15.48234016,64.7116
06055,Napa County,CA,100469.0,81.2165132945551,21.79242734,98.37966999999999
06057,Nevada County,CA,87142.0,79.9885611506065,30.13024687,72.47287
06059,Orange County,CA,109768.0,81.2813961334985,16.89931133,99.62722
06061,Placer County,CA,110020.0,81.2260774348406,20.95731193,121.99853999999999
06063,Plumas County,CA,64121.0,78.1528845514001,32.96220793,75.32011
06065,Riverside County,CA,90251.0,77.7862790696549,15.73854076,46.20901
06067,Sacramento County,CA,89984.0,77.9903528969091,15.787722940000002,89.05414
06069,San Benito County,CA,105112.0,79.9248281869121,13.93912725,26.995820000000002
06071,San Bernardino County,CA,84576.0,75.4061987066641,12.91162232,58.868829999999996
06073,San Diego County,CA,103476.0,80.3006154555023,15.91095706,84.38654
06075,San Francisco County,CA,125456.0,82.4095510337611,18.441435470000002,164.00862999999998
06077,San Joaquin County,CA,86211.0,76.4064229785169,13.78424775,58.524719999999995
06079,San Luis Obispo County,CA,89809.0,80.6805909118592,22.85549942,82.99224
06081,San Mateo County,CA,151004.0,84.0862430020946,18.678659,108.95963
06083,Santa Barbara County,CA,90155.0,80.6065276815871,17.07349685,76.60002999999999
06085,Santa Clara County,CA,154573.0,83.7901894130285,15.4103767,106.97382
06087,Santa Cruz County,CA,102723.0,81.7666694325505,19.823588110000003,102.31822
06089,Shasta County,CA,71935.0,74.2730915441628,21.89048934,77.96244
06091,Sierra County,CA,67675.0,81.3450535448392,32.59375,
06093,Siskiyou County,CA,58975.0,73.1362442580331,28.68663326,74.79939999999999
06095,Solano County,CA,99117.0,78.8131299271191,18.01085442,83.90227
06097,Sonoma County,CA,100157.0,80.5952910397756,22.305795619999998,101.66973000000002
06099,Stanislaus County,CA,81582.0,75.4434430842726,14.104600770000001,65.46124
06101,Sutter County,CA,71968.0,77.3175837560212,16.82321232,75.7094
06103,Tehama County,CA,58333.0,74.3248896938208,20.49278846,53.436749999999996
06105,Trinity County,CA,52079.0,77.0383342583208,32.10593491,18.67995
06107,Tulare County,CA,71368.0,75.5004908989746,12.1945573,46.325990000000004
06109,Tuolumne County,CA,72329.0,76.4405922312907,28.693454359999997,62.712779999999995
06111,Ventura County,CA,106526.0,80.7371167797611,18.08471655,81.33044
06113,Yolo County,CA,91192.0,79.9149019080602,13.88067687,123.51027
06115,Yuba County,CA,71493.0,75.0544537915552,13.35246494,20.37856
08001,Adams County,CO,95278.0,76.868546413837,11.56956306,51.90179
08003,Alamosa County,CO,50056.0,72.9673402178201,15.508856200000002,72.52069999999999
08005,Arapahoe County,CO,97560.0,79.0922121150992,14.93184323,82.91342
08007,Archuleta County,CO,74432.0,79.6369268369666,29.10705476,87.01958
08009,Baca County,CO,47421.0,69.7553364332531,25.59808612,56.9152
08011,Bent County,CO,44960.0,74.7529891755094,20.13729977,
08013,Boulder County,CO,97170.0,82.2815464043184,17.062029000000003,119.86296000000002
08014,Broomfield County,CO,113162.0,81.8698983417846,16.30366901,116.82708
08015,Chaffee County,CO,75298.0,81.0478476970264,26.19682786,94.6498
08017,Cheyenne County,CO,63177.0,73.8253229942486,21.88766647,0.0
08019,Clear Creek County,CO,94093.0,83.6091930580933,24.42330819,21.17298
08021,Conejos County,CO,53174.0,72.6476566856666,20.90147587,13.13715
08023,Costilla County,CO,38731.0,69.9017720695094,28.445424479999996,
08025,Crowley County,CO,46979.0,70.1273343533835,14.62029808,
08027,Custer County,CO,77137.0,79.2395806359516,33.7911095,19.82161
08029,Delta County,CO,57075.0,75.9535740702486,28.62407862,63.1692
08031,Denver County,CO,93572.0,77.4078149701193,12.821511159999998,130.43545
08033,Dolores County,CO,57701.0,78.5033290032659,23.51770792,41.71882
08035,Douglas County,CO,144807.0,82.4499892787237,14.49417305,69.92059
08037,Eagle County,CO,110598.0,89.6671595759405,15.53299866,78.95634
08041,El Paso County,CO,88794.0,76.2308873932947,14.44528799,63.15501
08039,Elbert County,CO,123083.0,80.7413494281289,19.350135390000002,11.05868
08043,Fremont County,CO,61015.0,75.554569825528,22.91625263,46.314009999999996
08045,Garfield County,CO,94696.0,80.001164573407,15.186502299999999,75.61011
08047,Gilpin County,CO,88589.0,79.9967229192379,21.4478569,34.05415
08049,Grand County,CO,93257.0,83.9090555684204,21.79479134,56.74652999999999
08051,Gunnison County,CO,79658.0,82.9096971589529,15.20120085,86.80053000000001
08053,Hinsdale County,CO,71541.0,,37.12418301,0.0
08055,Huerfano County,CO,47855.0,72.5322170583993,32.94117647,72.25434
08057,Jackson County,CO,96811.0,,27.42551566,73.36757
08059,Jefferson County,CO,102146.0,78.8588190977112,18.38085522,88.33968
08061,Kiowa County,CO,55523.0,,26.95086705,0.0
08063,Kit Carson County,CO,55304.0,75.6029523114682,21.389762649999998,43.16547
08067,La Plata County,CO,83542.0,80.2995829603277,21.75261936,131.55555999999999
08065,Lake County,CO,86215.0,81.2725673443209,15.69585879,40.50223
08069,Larimer County,CO,88519.0,80.5384406548605,17.79696902,83.02692
08071,Las Animas County,CO,52067.0,74.0032878668583,26.60998049,54.67095
08073,Lincoln County,CO,58034.0,77.5540140604387,19.17883212,105.48523000000002
08075,Logan County,CO,55415.0,73.9816813444518,20.3162132,65.15568
08077,Mesa County,CO,66339.0,76.7419879735568,21.69450342,116.94791
08079,Mineral County,CO,37108.0,,29.76694915,108.22511
08081,Moffat County,CO,73875.0,75.0743428100538,17.55834021,22.75313
08083,Montezuma County,CO,60809.0,74.3403553505944,25.12155592,103.15185999999999
08085,Montrose County,CO,67113.0,77.869693349307,26.447141950000002,85.71164
08087,Morgan County,CO,68541.0,75.5702696201792,16.47134535,55.157199999999996
08089,Otero County,CO,52169.0,71.9177619692174,21.65306573,69.91503
08091,Ouray County,CO,92760.0,85.4353874726395,32.90185471,79.44389000000001
08093,Park County,CO,103720.0,81.5042308219475,24.7723133,16.930020000000003
08095,Phillips County,CO,59367.0,76.2801262075998,21.67113494,88.65248
08097,Pitkin County,CO,109268.0,94.2189930006121,23.99639423,86.4653
08099,Prowers County,CO,50365.0,73.7013781104147,18.94306868,33.34445
08101,Pueblo County,CO,63801.0,72.4645802357573,19.9997639,66.61872
08103,Rio Blanco County,CO,72088.0,78.7265129520713,19.51590805,123.53304999999999
08105,Rio Grande County,CO,55574.0,72.3211339184422,23.14086521,96.42356
08107,Routt County,CO,112377.0,83.3102538233056,19.757421,131.52126
08109,Saguache County,CO,47829.0,77.1254560001629,27.37739234,30.907120000000003
08111,San Juan County,CO,102689.0,,24.688279299999998,0.0
08113,San Miguel County,CO,94927.0,86.5427626741559,18.86120996,86.69803999999999
08115,Sedgwick County,CO,45999.0,73.4990612591435,31.31796433,42.80822
08117,Summit County,CO,105135.0,92.4158817028703,16.28754308,80.79894
08119,Teller County,CO,88089.0,78.4386568233397,26.66856238,36.10688
08121,Washington County,CO,54255.0,73.9957790656527,22.96601442,61.7157
08123,Weld County,CO,90675.0,78.7647847364001,13.194618329999999,57.64096000000001
08125,Yuma County,CO,61870.0,79.0767343701915,18.65747313,80.4748
09110,Capitol Planning Region,CT,90965.0,,18.55140014,
09120,Greater Bridgeport Planning Region,CT,92858.0,,16.755938479999998,
09130,Lower Connecticut River Valley Planning Region,CT,99807.0,,23.02244417,
09140,Naugatuck Valley Planning Region,CT,81392.0,,19.71069524,
09150,Northeastern Connecticut Planning Region,CT,88129.0,,20.4742895,
09160,Northwest Hills Planning Region,CT,91206.0,,23.56451002,
09170,South Central Connecticut Planning Region,CT,80953.0,,19.16157125,
09180,Southeastern Connecticut Planning Region,CT,82733.0,,20.236451929999998,
09190,Western Connecticut Planning Region,CT,121285.0,,18.02688542,
11001,District of Columbia,DC,104643.0,76.523411163805,13.06858015,128.79636
10001,Kent County,DE,72498.0,75.0846768460595,18.61962495,50.50258
10003,New Castle County,DE,86798.0,77.0678267382427,17.60964548,86.58266
10005,Sussex County,DE,78092.0,77.0946908022996,31.15339514,61.407439999999994
12001,Alachua County,FL,61843.0,77.6799713444692,15.77585544,155.42297000000002
12003,Baker County,FL,69399.0,73.4811206821472,15.18612521,38.3075
12005,Bay County,FL,70859.0,74.1890610699618,18.50562722,57.487939999999995
12007,Bradford County,FL,59468.0,74.1191758872474,19.0860794,14.015419999999999
12009,Brevard County,FL,77961.0,75.8354025257657,24.88978678,72.32885999999999
12011,Broward County,FL,74367.0,79.2726908064012,18.48510928,75.71273000000001
12013,Calhoun County,FL,47523.0,72.72123909438,19.48032665,29.323359999999997
12015,Charlotte County,FL,71381.0,78.8065825384516,40.55371748,62.10128
12017,Citrus County,FL,54447.0,72.5090889504802,36.478979700000004,46.178270000000005
12019,Clay County,FL,82249.0,75.4197668870883,17.42607738,53.516580000000005
12021,Collier County,FL,91402.0,84.0270567194378,34.35631075,82.12861
12023,Columbia County,FL,58949.0,72.3789853605881,20.66435816,51.14726
12027,DeSoto County,FL,54288.0,76.5625841386575,23.6221129,26.15671
12029,Dixie County,FL,50966.0,73.3465410755638,25.0042943,23.38908
12031,Duval County,FL,69455.0,74.2563212820501,15.712218019999998,81.00527000000001
12033,Escambia County,FL,70838.0,72.7327275453715,18.21593745,76.30510000000001
12035,Flagler County,FL,74753.0,77.9006849159587,31.58118975,52.9223
12037,Franklin County,FL,55816.0,75.1207539473095,28.13244402,31.81674
12039,Gadsden County,FL,51288.0,72.9135619724685,20.304336919999997,22.87597
12041,Gilchrist County,FL,56884.0,74.9128446680742,21.01393782,43.57298
12043,Glades County,FL,55240.0,79.954970285365,26.310026590000003,
12045,Gulf County,FL,66806.0,74.2709936508179,23.20779966,48.73634
12047,Hamilton County,FL,49260.0,71.5201138026667,20.66661718,7.14643
12049,Hardee County,FL,53913.0,73.9516599492376,16.73136646,15.73255
12051,Hendry County,FL,54619.0,74.8645191145633,13.587796830000002,27.28648
12053,Hernando County,FL,64092.0,74.4345858464075,26.2016757,55.82193
12055,Highlands County,FL,51495.0,74.9638272937275,36.2201944,58.0855
12057,Hillsborough County,FL,76528.0,77.4528374105315,15.367448049999998,83.5479
12059,Holmes County,FL,51582.0,71.1467766302855,20.53249097,35.38213
12061,Indian River County,FL,73686.0,78.2720902042366,35.56170676,62.93458
12063,Jackson County,FL,50923.0,71.9068461896274,21.095388919999998,31.4505
12065,Jefferson County,FL,59967.0,75.3213050900432,25.15210356,27.481959999999997
12067,Lafayette County,FL,58096.0,73.2794935815345,18.81653875,11.93033
12069,Lake County,FL,70784.0,77.3854873245377,26.714523330000002,58.61487
12071,Lee County,FL,71811.0,80.6010920557119,29.048267799999998,66.49949
12073,Leon County,FL,66063.0,77.0890361784879,15.2825912,88.45115
12075,Levy County,FL,53214.0,74.361429212047,25.53013213,11.32298
12077,Liberty County,FL,51523.0,74.3200705297279,17.68751622,
12079,Madison County,FL,52713.0,72.439122906771,22.94400346,10.93613
12081,Manatee County,FL,79213.0,79.8390244956449,28.97924483,62.03008
12083,Marion County,FL,58584.0,73.961486772546,28.784829699999996,58.04387
12085,Martin County,FL,76430.0,80.3597040577208,32.73244956,69.40016
12086,Miami-Dade County,FL,72030.0,79.6971291643141,17.40372709,82.80829
12087,Monroe County,FL,85639.0,80.7504951725018,25.35291637,65.71742
12089,Nassau County,FL,92766.0,76.4297302670299,24.294341929999998,38.221019999999996
12091,Okaloosa County,FL,81990.0,75.9068231063033,16.9565695,69.86941
12093,Okeechobee County,FL,54297.0,73.1985872826348,20.93803558,42.21924
12095,Orange County,FL,78487.0,78.9470326711062,13.487416199999998,92.56747
12097,Osceola County,FL,76416.0,77.7347824348348,13.53635583,41.162259999999996
12099,Palm Beach County,FL,84789.0,80.6954568494073,25.407468109999996,80.37453000000001
12101,Pasco County,FL,72065.0,76.2334513842759,21.8200431,51.36397
12103,Pinellas County,FL,70684.0,77.5802311991656,27.025070820000003,91.36382
12105,Polk County,FL,66709.0,76.1019223528732,19.40231936,46.050540000000005
12107,Putnam County,FL,51585.0,70.7909541285467,24.0458166,37.75264
12113,Santa Rosa County,FL,87581.0,76.3470403293897,17.035666120000002,57.73255
12115,Sarasota County,FL,78218.0,80.2522461272719,37.77443269,78.96085
12117,Seminole County,FL,80698.0,79.0684307509516,17.01526625,79.34599999999999
12109,St. Johns County,FL,106281.0,81.0159687025632,21.36890444,95.05378
12111,St. Lucie County,FL,66876.0,78.2146724265086,24.7576194,33.76225
12119,Sumter County,FL,79334.0,78.3851907005418,57.14841817000001,43.49813
12121,Suwannee County,FL,56009.0,72.9365822568793,22.37155864,13.48769
12123,Taylor County,FL,50556.0,72.5731889454638,22.14808637,45.840019999999996
12125,Union County,FL,60843.0,67.9000938322049,16.2760752,30.60912
12127,Volusia County,FL,66111.0,74.966048004239,25.69445268,67.50388000000001
12129,Wakulla County,FL,72916.0,74.5422211727407,17.28716837,31.70943
12131,Walton County,FL,82259.0,76.9257335263611,20.52829053,44.961220000000004
12133,Washington County,FL,54678.0,72.5696567680052,18.98289196,31.45149
13001,Appling County,GA,51054.0,71.4866670759773,19.16887902,43.27131
13003,Atkinson County,GA,44890.0,69.1208302754835,14.675027130000002,
13005,Bacon County,GA,48915.0,69.4691530291127,17.57461345,45.130430000000004
13007,Baker County,GA,47850.0,71.7731046085041,27.77980314,
13009,Baldwin County,GA,51206.0,72.735733369951,17.9693981,43.39782
13011,Banks County,GA,70067.0,73.8779827406092,18.40416393,16.16205
13013,Barrow County,GA,72075.0,74.8730419057952,13.05931546,21.925269999999998
13015,Bartow County,GA,78771.0,73.9381038512916,15.233699289999999,36.98926
13017,Ben Hill County,GA,40325.0,69.707900938286,18.811303130000002,46.625479999999996
13019,Berrien County,GA,50581.0,71.166782215011,18.03984922,22.04221
13021,Bibb County,GA,51569.0,70.6257637276153,16.93097015,139.70222
13023,Bleckley County,GA,58877.0,72.2056533570035,18.467709590000002,23.7963
13025,Brantley County,GA,57325.0,71.4914787596496,18.374001409999998,16.57367
13027,Brooks County,GA,46796.0,73.872965398564,22.56694367,18.438840000000003
13029,Bryan County,GA,97746.0,74.8974934967442,11.33919057,55.392219999999995
13031,Bulloch County,GA,54787.0,75.2729389732553,12.791869750000002,55.796800000000005
13033,Burke County,GA,51388.0,72.9791306826406,18.28300188,32.90827
13035,Butts County,GA,59622.0,71.9406849769361,15.89987726,27.15178
13037,Calhoun County,GA,41260.0,73.5500253026956,17.573758480000002,18.15211
13039,Camden County,GA,72185.0,76.5127396034016,15.64575519,26.947400000000002
13043,Candler County,GA,49332.0,67.7957881956586,18.27470838,18.12087
13045,Carroll County,GA,71083.0,72.9730498424358,14.4250893,50.83301
13047,Catoosa County,GA,70315.0,75.2864167722115,19.09301988,57.02004
13049,Charlton County,GA,52191.0,73.5092289301598,15.617751660000001,23.49992
13051,Chatham County,GA,70556.0,75.6181059497588,17.17969406,92.80226
13053,Chattahoochee County,GA,57550.0,75.372307889251,5.7499134,165.78249000000002
13055,Chattooga County,GA,51225.0,70.5755957109836,19.20545555,8.02182
13057,Cherokee County,GA,104220.0,79.4298271394121,16.42661251,41.148520000000005
13059,Clarke County,GA,54550.0,77.264265627255,12.92281407,81.57811000000001
13061,Clay County,GA,37858.0,72.5557861092589,29.5828952,34.69813
13063,Clayton County,GA,57974.0,73.7884370326994,11.20482736,25.24403
13065,Clinch County,GA,45718.0,69.7609888171152,17.50667062,14.869889999999998
13067,Cobb County,GA,99134.0,79.1385280847304,14.10234788,77.98622999999999
13069,Coffee County,GA,49804.0,71.6221734431714,14.75863979,53.01249
13071,Colquitt County,GA,47821.0,71.6271661208821,16.34500834,37.10818
13073,Columbia County,GA,97031.0,78.4268269378176,15.522335649999999,105.23743999999999
13075,Cook County,GA,50258.0,71.8107064479309,16.72688269,52.24964000000001
13077,Coweta County,GA,93326.0,76.4351590531877,15.69034973,45.34664
13079,Crawford County,GA,61519.0,71.6912292438409,20.59134968,16.45684
13081,Crisp County,GA,43174.0,70.0796449975137,20.238398450000002,70.42608
13083,Dade County,GA,58644.0,73.0477999446221,21.58985462,30.625999999999998
13085,Dawson County,GA,89330.0,76.9046860541655,20.17206605,66.67367999999999
13089,DeKalb County,GA,77722.0,78.2249757846498,14.25362258,106.10807999999999
13087,Decatur County,GA,50452.0,71.0148222218111,17.87740228,34.43763
13091,Dodge County,GA,46462.0,71.3425841982326,20.28721683,30.36591
13093,Dooly County,GA,50396.0,73.2062179557644,22.25662508,9.186950000000001
13095,Dougherty County,GA,45863.0,70.3241034848377,17.77965999,77.78983
13097,Douglas County,GA,79672.0,75.5823272605454,12.481228210000001,43.20573
13099,Early County,GA,43444.0,69.7268249906557,20.20259396,47.08541
13101,Echols County,GA,50311.0,76.8431327361253,14.23564303,
13103,Effingham County,GA,83900.0,74.9467557792237,12.792664349999999,22.47494
13105,Elbert County,GA,50367.0,71.146985393889,21.44606006,40.86011
13107,Emanuel County,GA,46017.0,70.0769981645205,16.56213504,39.61965
13109,Evans County,GA,50831.0,70.7006457641666,17.156406920000002,37.48126
13111,Fannin County,GA,60037.0,74.0995727428786,32.09786168,61.97467
13113,Fayette County,GA,108579.0,79.5161696908206,20.66136472,111.96444000000001
13115,Floyd County,GA,61058.0,72.5964301296889,17.154615279999998,134.65491
13117,Forsyth County,GA,136347.0,81.0264136079683,12.983396059999999,39.58402
13119,Franklin County,GA,53221.0,72.1051218696734,19.16310225,33.63464
13121,Fulton County,GA,94510.0,77.5284316297179,13.10650956,112.26526
13123,Gilmer County,GA,62317.0,75.4052831924185,27.63237979,43.71448
13125,Glascock County,GA,54862.0,71.7742216559794,18.00947867,34.25831
13127,Glynn County,GA,70067.0,74.7252273520584,23.27786288,51.924139999999994
13129,Gordon County,GA,64795.0,73.1273549820199,16.075104170000003,46.36228
13131,Grady County,GA,52456.0,74.1662698362417,19.592572699999998,46.299870000000006
13133,Greene County,GA,79890.0,76.1174521400139,31.623395430000002,56.306309999999996
13135,Gwinnett County,GA,84076.0,79.2661728333437,11.77162576,65.93776
13137,Habersham County,GA,71753.0,74.8150476069086,19.08238817,47.03468
13139,Hall County,GA,78309.0,77.1834127446547,16.61504048,59.79679
13141,Hancock County,GA,40099.0,70.7243423070855,25.28815122,11.58749
13143,Haralson County,GA,59384.0,71.2269513460282,15.740682940000001,42.52257
13145,Harris County,GA,91977.0,78.8197689077478,20.085120309999997,28.069390000000002
13147,Hart County,GA,53100.0,74.2498240922526,22.97503266,41.65247
13149,Heard County,GA,57670.0,71.2448804349472,17.99900283,17.29356
13151,Henry County,GA,80908.0,75.3041144331979,12.669816549999998,48.524879999999996
13153,Houston County,GA,75266.0,75.016285678192,14.031190760000001,52.74862
13155,Irwin County,GA,52918.0,71.7475023041548,19.100877190000002,31.191520000000004
13157,Jackson County,GA,84439.0,75.0890271593843,14.72324099,56.049620000000004
13159,Jasper County,GA,67681.0,73.7810431842588,17.84867821,32.726800000000004
13161,Jeff Davis County,GA,47635.0,70.6859207567548,16.31557762,6.724049999999999
13163,Jefferson County,GA,45829.0,68.7949720519191,19.034446420000002,12.883280000000001
13165,Jenkins County,GA,42539.0,71.7739568283478,17.88570766,34.726240000000004
13167,Johnson County,GA,51602.0,71.8200858677139,20.28657617,54.585150000000006
13169,Jones County,GA,65524.0,75.6316759216761,18.22983189,24.64789
13171,Lamar County,GA,63622.0,71.9059968723735,17.23444929,26.205450000000003
13173,Lanier County,GA,54586.0,74.5883355653751,15.413318030000001,
13175,Laurens County,GA,56867.0,70.7528503717097,18.505836889999998,84.768
13177,Lee County,GA,80806.0,75.0735040842345,14.66698158,50.881449999999994
13179,Liberty County,GA,57699.0,72.8670889578909,10.358329719999999,39.5672
13181,Lincoln County,GA,58502.0,74.6872416445023,26.29775352,25.80978
13183,Long County,GA,63146.0,75.7402701088642,10.21230989,5.83022
13185,Lowndes County,GA,54984.0,73.4769666712893,13.561203529999998,56.17224
13187,Lumpkin County,GA,72676.0,75.283983267001,18.89500255,32.09055
13193,Macon County,GA,41895.0,71.8894655327439,20.04738935,8.33056
13195,Madison County,GA,65296.0,74.1963893221455,17.942903299999998,19.426910000000003
13197,Marion County,GA,51270.0,73.3792262025929,22.72849462,
13189,McDuffie County,GA,53389.0,71.9261778228287,19.50089454,50.848240000000004
13191,McIntosh County,GA,56573.0,74.3129699895106,30.01478132,
13199,Meriwether County,GA,54428.0,70.7755476704125,21.46576848,28.85586
13201,Miller County,GA,50799.0,67.2710702304246,22.96850531,50.68424
13205,Mitchell County,GA,48774.0,72.3541763726563,18.42853083,46.46624
13207,Monroe County,GA,80692.0,74.5197482366958,19.229387759999998,52.242960000000004
13209,Montgomery County,GA,53248.0,71.4071701679419,18.34265495,
13211,Morgan County,GA,69090.0,75.7968419279593,20.95526561,38.76908
13213,Murray County,GA,63836.0,72.5207030409192,16.04240283,15.018400000000002
13215,Muscogee County,GA,52492.0,71.9870493973115,15.311798770000001,103.59066
13217,Newton County,GA,76151.0,74.0857197421648,13.635493400000001,23.40601
13219,Oconee County,GA,114230.0,79.8109676368508,17.88511158,113.89257
13221,Oglethorpe County,GA,67249.0,75.9569649696182,19.98222674,6.605020000000001
13223,Paulding County,GA,93773.0,76.884831251572,12.08425236,13.810569999999998
13225,Peach County,GA,68464.0,71.3892915173509,17.54556501,21.11412
13227,Pickens County,GA,78032.0,75.144961563061,23.25613723,44.08653
13229,Pierce County,GA,56330.0,71.0922061459497,17.45899633,25.03004
13231,Pike County,GA,80652.0,73.1566139754299,16.34817458,20.53704
13233,Polk County,GA,56271.0,70.9956576311988,15.928363070000001,22.99062
13235,Pulaski County,GA,46123.0,75.1803413408529,22.25854383,60.50217
13237,Putnam County,GA,59068.0,73.9788739452799,25.548013320000003,39.84946
13239,Quitman County,GA,42480.0,72.8632222920589,33.771929820000004,
13241,Rabun County,GA,60085.0,74.3089643355894,29.595229899999996,70.09755
13243,Randolph County,GA,39926.0,71.2585716675091,27.41033235,31.81167
13245,Richmond County,GA,52073.0,71.4022959983745,15.72823663,88.97619
13247,Rockdale County,GA,76081.0,75.6737911858795,16.07821893,70.15157
13249,Schley County,GA,60750.0,75.4080699921705,19.0455148,22.331400000000002
13251,Screven County,GA,49034.0,70.8829908579481,21.32072809,14.17937
13253,Seminole County,GA,49423.0,72.687551123897,26.19885614,86.98489
13255,Spalding County,GA,56834.0,71.2096217109182,19.2519944,41.231649999999995
13257,Stephens County,GA,50685.0,71.5401536860287,21.23182019,67.00168000000001
13259,Stewart County,GA,41227.0,71.0008496786873,16.28155755,
13261,Sumter County,GA,43835.0,71.9579624130352,18.362755280000002,51.22426
13263,Talbot County,GA,41656.0,73.3614590042403,28.558936689999996,34.831070000000004
13265,Taliaferro County,GA,46469.0,,28.21628341,0.0
13267,Tattnall County,GA,48998.0,72.5355556561718,15.94912743,17.35207
13269,Taylor County,GA,44708.0,73.4277778154732,22.54447022,
13271,Telfair County,GA,42203.0,72.6629586732083,21.17216117,16.11084
13273,Terrell County,GA,45616.0,70.3183235423282,21.862812570000003,
13275,Thomas County,GA,54989.0,72.7776887317597,19.79451905,93.80045
13277,Tift County,GA,53295.0,71.9612386714303,16.62896472,65.51490000000001
13279,Toombs County,GA,48866.0,70.6713768172131,16.79363905,78.035
13281,Towns County,GA,60563.0,75.7596401999106,37.621787499999996,54.36893
13283,Treutlen County,GA,45699.0,70.2991609721588,18.687904120000002,
13285,Troup County,GA,60839.0,72.2696520923917,16.38065082,50.200799999999994
13287,Turner County,GA,42769.0,71.9540535361317,19.27264564,
13289,Twiggs County,GA,50700.0,70.3127510305892,25.12027045,12.729120000000002
13291,Union County,GA,65505.0,77.62390883935,34.88423536,74.44848999999999
13293,Upson County,GA,54439.0,70.4330446102771,18.76304709,50.50505
13295,Walker County,GA,58363.0,73.3017313324012,19.9700672,18.97533
13297,Walton County,GA,79829.0,74.7117616558192,16.42893292,24.035330000000002
13299,Ware County,GA,40901.0,69.7263570743652,17.5840852,61.05514
13301,Warren County,GA,48308.0,71.1454991352775,24.44183314,57.25191
13303,Washington County,GA,48809.0,71.653893907687,18.42078708,70.76068
13305,Wayne County,GA,55797.0,70.6655815690235,16.09664361,36.20803
13307,Webster County,GA,45036.0,75.9716685111885,26.57252888,42.247569999999996
13309,Wheeler County,GA,41163.0,76.5493461886539,17.10210422,26.770180000000003
13311,White County,GA,66962.0,74.4259534547798,23.513401780000002,14.06371
13313,Whitfield County,GA,63111.0,75.0695708421874,15.30664403,53.47698
13315,Wilcox County,GA,45726.0,70.6429992609348,20.21870372,11.44296
13317,Wilkes County,GA,48635.0,72.0254329754499,24.31183022,42.04772
13319,Wilkinson County,GA,51498.0,69.9012374754155,21.08882521,33.97124
13321,Worth County,GA,50830.0,72.9356456663482,20.8257288,29.191399999999998
15001,Hawaii County,HI,73092.0,79.5220011846729,24.43272403,76.88289
15003,Honolulu County,HI,102382.0,81.7078692691967,20.157609400000002,93.11713
15005,Kalawao County,HI,,,34.56790123,0.0
15007,Kauai County,HI,90084.0,82.3618632153168,23.065361340000003,81.68377
15009,Maui County,HI,83764.0,81.740477546274,21.486390189999998,83.42417
19001,Adair County,IA,67873.0,77.0337065388085,22.98010556,53.04335999999999
19003,Adams County,IA,63399.0,77.6447049755469,25.0,54.92996
19005,Allamakee County,IA,65586.0,78.3887333609073,23.70328265,57.4465
19007,Appanoose County,IA,54629.0,75.4309776990863,24.36669692,65.26883
19009,Audubon County,IA,64977.0,79.1864661869893,25.316226959999998,53.23869
19011,Benton County,IA,86364.0,79.2155094533083,20.39075826,19.46207
19013,Black Hawk County,IA,61558.0,76.67521730558,18.04922167,95.11537
19015,Boone County,IA,77381.0,77.0703221704488,20.59044754,44.905139999999996
19017,Bremer County,IA,79410.0,79.6556616007257,20.02212826,47.84498
19019,Buchanan County,IA,80402.0,78.9881006599623,19.0179305,38.72779
19021,Buena Vista County,IA,65671.0,79.380435146653,17.33845481,52.95845
19023,Butler County,IA,73033.0,79.6077288939768,23.8639571,13.95479
19025,Calhoun County,IA,63597.0,77.7422586090128,23.7939158,70.6001
19027,Carroll County,IA,61806.0,77.8575364430855,21.757138679999997,86.99014
19029,Cass County,IA,59509.0,76.19258497689,23.754760089999998,45.97701
19031,Cedar County,IA,77777.0,79.0856677133872,21.964812589999998,16.29549
19033,Cerro Gordo County,IA,63161.0,76.4980737331356,24.34561147,142.83707
19035,Cherokee County,IA,70197.0,77.9146314393213,25.325290820000003,52.160309999999996
19037,Chickasaw County,IA,73547.0,77.9465267444656,23.40881798,33.65021
19039,Clarke County,IA,65162.0,75.4318087949269,19.28452232,51.098620000000004
19041,Clay County,IA,72021.0,78.3910745063517,22.86354552,85.15814999999999
19043,Clayton County,IA,65814.0,79.0554037351567,25.9296364,41.18132
19045,Clinton County,IA,67095.0,75.9104814218815,20.84579055,47.3495
19047,Crawford County,IA,64170.0,78.5023825459385,18.94710548,18.52652
19049,Dallas County,IA,102189.0,81.8819878246139,13.09905304,42.39084
19051,Davis County,IA,66410.0,77.3319013858769,18.79158033,21.88663
19053,Decatur County,IA,54409.0,76.0258801206833,21.3568167,26.11307
19055,Delaware County,IA,69339.0,79.2632159504906,22.31818182,45.68818
19057,Des Moines County,IA,60599.0,75.9266438669109,21.85710925,75.34229
19059,Dickinson County,IA,80922.0,81.1885259826708,28.8879043,84.02891
19061,Dubuque County,IA,72749.0,78.6956306463421,19.87015482,76.98697
19063,Emmet County,IA,61500.0,77.033211062128,24.119622930000002,64.37078000000001
19065,Fayette County,IA,62103.0,77.0902814575761,23.34200937,31.155879999999996
19067,Floyd County,IA,67582.0,76.6729342931556,22.71956153,38.92818
19069,Franklin County,IA,71041.0,75.9043938573566,22.78481013,10.04823
19071,Fremont County,IA,72129.0,76.3325851163492,25.1316197,15.22765
19073,Greene County,IA,63082.0,76.8065048835115,24.44082013,68.83102
19075,Grundy County,IA,81093.0,79.2690982062385,21.624677000000002,24.2974
19077,Guthrie County,IA,78027.0,78.8135165741173,24.52900578,28.39027
19079,Hamilton County,IA,71731.0,77.1667635707611,21.51537783,26.869079999999997
19081,Hancock County,IA,67979.0,78.6316616421862,24.35233161,9.37822
19083,Hardin County,IA,67903.0,77.3282940638926,24.30905667,35.910940000000004
19085,Harrison County,IA,63139.0,76.2715499490613,20.62031357,34.08549
19087,Henry County,IA,65627.0,77.2428084195489,20.76021896,58.861039999999996
19089,Howard County,IA,67552.0,77.7035695736944,20.94709898,52.75375
19091,Humboldt County,IA,72307.0,78.2440314987602,22.610526319999998,10.3799
19093,Ida County,IA,71238.0,77.5076253912403,22.42060588,28.75216
19095,Iowa County,IA,75419.0,78.0946755913808,20.670288749999997,60.35732
19097,Jackson County,IA,74910.0,77.8603098236303,22.73291283,36.142089999999996
19099,Jasper County,IA,72394.0,77.8827429058041,20.22205227,39.72037
19101,Jefferson County,IA,58146.0,77.1221428989555,27.882124349999998,76.69202
19103,Johnson County,IA,74665.0,81.9543598864477,13.840714030000001,191.92494
19105,Jones County,IA,74193.0,79.7598851079902,21.51196172,33.64576
19107,Keokuk County,IA,65656.0,76.6802637312529,22.49344362,10.08675
19109,Kossuth County,IA,66667.0,78.7211554418028,25.64601278,48.1795
19111,Lee County,IA,60053.0,74.8285768456308,22.438200520000002,63.22445
19113,Linn County,IA,73079.0,78.5011965433596,17.88908688,62.46205
19115,Louisa County,IA,76120.0,78.6501058508382,20.84086369,9.30319
19117,Lucas County,IA,59540.0,75.9688591120687,22.396250140000003,103.32951000000001
19119,Lyon County,IA,74790.0,82.4600420373092,19.21454073,33.30281
19121,Madison County,IA,84509.0,78.8151417449165,17.724353309999998,53.65766
19123,Mahaska County,IA,71332.0,76.6218082861995,19.61232513,72.78020000000001
19125,Marion County,IA,79709.0,78.1807300274443,19.8549008,95.86579
19127,Marshall County,IA,64005.0,74.9054465490133,18.421052630000002,42.656760000000006
19129,Mills County,IA,82260.0,76.4395909432457,20.904804209999998,55.30591
19131,Mitchell County,IA,74249.0,79.2682434266089,22.05742537,28.422549999999998
19133,Monona County,IA,59814.0,75.0470444207795,24.17284823,93.30534
19135,Monroe County,IA,65959.0,75.2855529423954,20.695629,52.562419999999996
19137,Montgomery County,IA,60487.0,75.4700325236308,23.01015879,38.75218
19139,Muscatine County,IA,66309.0,76.7297730683015,18.69581695,37.48126
19141,O'Brien County,IA,69914.0,76.4296320538298,21.424493289999997,57.081700000000005
19143,Osceola County,IA,72569.0,77.8383109972891,23.92104383,32.4728
19145,Page County,IA,60695.0,77.5551066573038,24.49047556,52.64197
19147,Palo Alto County,IA,64952.0,76.6696475060952,23.04199773,44.91354
19149,Plymouth County,IA,74765.0,78.9507571345662,19.97511858,54.5809
19151,Pocahontas County,IA,68654.0,76.4226078380505,24.6559633,28.272550000000003
19153,Polk County,IA,79509.0,77.1736426412605,14.35750265,93.1882
19155,Pottawattamie County,IA,70768.0,75.4911938524686,19.25755803,45.01415
19157,Poweshiek County,IA,73434.0,78.2422807091104,21.909716579999998,86.08630000000001
19159,Ringgold County,IA,61463.0,74.5629047245068,24.04136148,107.78185
19161,Sac County,IA,72395.0,77.1191655829275,24.69543671,61.525839999999995
19163,Scott County,IA,77100.0,77.5420439068799,18.11327251,99.90239
19165,Shelby County,IA,68695.0,78.2932548975142,23.699813650000003,50.97706
19167,Sioux County,IA,85985.0,82.5872991332371,16.956353800000002,80.7957
19169,Story County,IA,71539.0,81.5051274793508,13.832355979999999,64.33971
19171,Tama County,IA,66288.0,76.6902062734091,21.23210361,17.78621
19173,Taylor County,IA,59116.0,76.0096130434443,22.36664416,51.124739999999996
19175,Union County,IA,59066.0,75.5593163892747,21.190996140000003,99.85022
19177,Van Buren County,IA,57666.0,77.5366107858305,23.09386182,82.8386
19179,Wapello County,IA,61642.0,74.4817699326242,18.77381562,56.72792999999999
19181,Warren County,IA,92695.0,78.3663454972975,16.940494519999998,61.79544
19183,Washington County,IA,75136.0,78.469887996754,20.585106380000003,80.03201
19185,Wayne County,IA,59904.0,76.375848166895,23.28808907,76.82852
19187,Webster County,IA,63557.0,74.4523121359868,20.22200904,43.072120000000005
19189,Winnebago County,IA,65086.0,78.7957135542885,22.42928767,28.153150000000004
19191,Winneshiek County,IA,80932.0,81.8029438896856,24.11809235,100.54293000000001
19193,Woodbury County,IA,65984.0,75.5360377232141,15.923398550000002,63.44276
19195,Worth County,IA,75449.0,78.8023750485487,23.14649856,13.54096
19197,Wright County,IA,74189.0,77.7587788052047,22.68489254,39.10833
16001,Ada County,ID,90513.0,79.7390774721777,16.779212960000002,88.68383
16003,Adams County,ID,59829.0,79.1953807241203,31.756067710000004,64.86486000000001
16005,Bannock County,ID,67371.0,75.2161442945429,15.596238940000001,73.64354
16007,Bear Lake County,ID,67519.0,77.9340916739994,21.62281998,76.39419
16009,Benewah County,ID,60872.0,73.9078585844839,23.97531102,30.208440000000003
16011,Bingham County,ID,73409.0,75.1077758128392,15.68806429,28.64392
16013,Blaine County,ID,94471.0,85.2554883422727,23.50545106,80.75587
16015,Boise County,ID,74433.0,79.067264434302,29.44698838,12.354830000000002
16017,Bonner County,ID,68030.0,78.7712502402202,26.7113251,48.49367
16019,Bonneville County,ID,74948.0,76.9224778464667,14.09573253,38.3022
16021,Boundary County,ID,65044.0,78.0562646847542,23.36062551,55.72805
16023,Butte County,ID,57678.0,74.332789614313,26.17839014,
16025,Camas County,ID,72175.0,,25.649350650000002,0.0
16027,Canyon County,ID,72059.0,77.4489553240481,14.71510513,31.26093
16029,Caribou County,ID,70183.0,76.7417042978124,18.42360438,56.25088
16031,Cassia County,ID,68267.0,76.8599280758667,14.8505604,87.42648
16033,Clark County,ID,55625.0,,21.97253433,0.0
16035,Clearwater County,ID,58757.0,75.8698985986641,28.93423052,134.90725
16037,Custer County,ID,58294.0,78.688278745783,31.81516692,
16039,Elmore County,ID,64247.0,77.3878208051863,15.22675279,55.50352
16041,Franklin County,ID,80768.0,78.8616978983946,14.77991481,34.092459999999996
16043,Fremont County,ID,72061.0,77.6611141209301,18.25162017,29.42908
16045,Gem County,ID,62479.0,75.9243070761412,23.15504722,60.63056
16047,Gooding County,ID,65662.0,76.3667480531124,18.84689621,31.70175
16049,Idaho County,ID,57210.0,78.4296201652967,29.54164338,82.15962
16051,Jefferson County,ID,81566.0,77.4275291096374,12.59430376,21.73778
16053,Jerome County,ID,62543.0,76.3832302432108,14.03901252,28.38375
16055,Kootenai County,ID,75235.0,78.3879664671027,20.42213934,80.09389
16057,Latah County,ID,63916.0,80.750184381391,15.127963,71.93709
16059,Lemhi County,ID,57562.0,75.3283015079643,31.453619240000002,61.259499999999996
16061,Lewis County,ID,53212.0,73.3697015689476,29.045199249999996,26.9179
16063,Lincoln County,ID,65511.0,77.5290733624301,15.43119266,37.86445
16065,Madison County,ID,58236.0,79.1442152949863,5.663006210000001,42.68666
16067,Minidoka County,ID,68029.0,76.9589202215088,16.34341637,27.32863
16069,Nez Perce County,ID,70340.0,75.0937642632045,21.59024821,65.95374
16071,Oneida County,ID,67137.0,78.5919627359738,20.008075910000002,65.06181
16073,Owyhee County,ID,60701.0,75.1746926201618,19.11649112,8.106359999999999
16075,Payette County,ID,67532.0,77.1740906409704,19.86509769,37.95066
16077,Power County,ID,68403.0,77.8801594694106,17.09681328,25.15723
16079,Shoshone County,ID,59937.0,73.5962544713411,23.43504919,44.07875
16081,Teton County,ID,94895.0,83.0797052279534,15.124711129999998,32.60781
16083,Twin Falls County,ID,66664.0,75.9887659469276,16.83866493,65.04558999999999
16085,Valley County,ID,84024.0,82.9573242101196,27.9658336,130.70828
16087,Washington County,ID,57369.0,75.9178307537316,25.829321659999998,45.87998
17001,Adams County,IL,63424.0,76.4568361993387,21.15888953,104.68947
17003,Alexander County,IL,45550.0,69.708540915293,25.303514379999996,19.88072
17005,Bond County,IL,66162.0,77.0198632085187,19.25227964,54.229929999999996
17007,Boone County,IL,83129.0,78.3048492536124,17.41099959,52.67217
17009,Brown County,IL,76076.0,77.9163530538457,15.30028599,15.5739
17011,Bureau County,IL,66854.0,76.8399502519165,23.72513673,45.616279999999996
17013,Calhoun County,IL,72574.0,74.7078734535064,25.22585129,22.88853
17015,Carroll County,IL,61982.0,76.7341227584449,24.94525312,19.110709999999997
17017,Cass County,IL,64413.0,76.7702865329737,18.50587488,7.82901
17019,Champaign County,IL,62169.0,78.7942491476786,14.516348640000002,104.39782
17021,Christian County,IL,72650.0,75.779214798364,20.62718189,38.61921
17023,Clark County,IL,66923.0,74.85752167861,20.6588017,32.67974
17025,Clay County,IL,54837.0,75.7504945743268,21.57089007,22.82584
17027,Clinton County,IL,88977.0,79.2049790300285,19.25241267,32.614900000000006
17029,Coles County,IL,57728.0,75.3303802305938,19.04689535,79.119
17031,Cook County,IL,80547.0,77.3903501312014,16.571831500000002,91.64636
17033,Crawford County,IL,64168.0,76.6706872750257,20.41530055,48.2341
17035,Cumberland County,IL,71741.0,77.1191294228444,21.83997661,
17039,De Witt County,IL,74553.0,75.0657948793873,20.93719492,32.5924
17037,DeKalb County,IL,69439.0,77.2864149029151,14.298819400000001,26.888679999999997
17041,Douglas County,IL,82895.0,77.6129194613281,19.124764380000002,35.49336
17043,DuPage County,IL,107032.0,81.3274875889372,18.03502556,134.93569
17045,Edgar County,IL,59330.0,73.9624653531085,24.89286152,24.213079999999998
17047,Edwards County,IL,59867.0,76.0825341866713,23.20710456,
17049,Effingham County,IL,72158.0,77.4154170218371,19.300340799999997,78.41998
17051,Fayette County,IL,61952.0,77.0095430117797,19.34416934,18.70557
17053,Ford County,IL,71110.0,74.2722010005526,19.93962264,51.80964
17055,Franklin County,IL,52533.0,72.4503584958299,21.03775109,34.72037
17057,Fulton County,IL,62914.0,74.922802581913,21.81555576,36.14784
17059,Gallatin County,IL,56852.0,72.6353019648699,26.209850109999998,
17061,Greene County,IL,59146.0,73.6134521120049,21.50220913,16.88761
17063,Grundy County,IL,91254.0,76.4913050694766,15.50823099,32.08213
17065,Hamilton County,IL,65472.0,76.0746501977885,22.75312856,37.92188
17067,Hancock County,IL,63408.0,77.2964602220111,24.90399162,28.73563
17069,Hardin County,IL,51216.0,71.6185470276268,27.01036705,82.19178
17071,Henderson County,IL,62610.0,77.2953050133688,28.449408669999997,15.84284
17073,Henry County,IL,73198.0,77.3632180728083,22.22176354,22.49167
17075,Iroquois County,IL,64995.0,74.6687575467736,23.3241506,29.8207
17077,Jackson County,IL,48289.0,74.919669193525,17.16499492,161.70456000000001
17079,Jasper County,IL,69924.0,77.8241499536532,21.68635171,10.877839999999999
17081,Jefferson County,IL,60543.0,74.120151659084,20.4157489,48.81091
17083,Jersey County,IL,70158.0,74.6672575223535,21.454648900000002,46.87573
17085,Jo Daviess County,IL,74426.0,79.9293756285838,30.814487959999997,45.58093
17087,Johnson County,IL,63160.0,75.8190215398818,20.141077590000002,7.427759999999999
17089,Kane County,IL,97543.0,79.7703789757354,16.14464195,39.95438
17091,Kankakee County,IL,68451.0,74.5823840520089,18.25372853,34.70887
17093,Kendall County,IL,114606.0,80.466067289922,11.48911242,29.658849999999997
17095,Knox County,IL,57569.0,74.736773787674,22.79440623,48.71316
17099,La Salle County,IL,72225.0,75.8030652930708,20.52738,37.62676
17097,Lake County,IL,108349.0,80.4322505047787,16.48371804,106.43397999999999
17101,Lawrence County,IL,55411.0,74.9125506617668,19.23310606,19.79937
17103,Lee County,IL,66598.0,77.3919204578571,21.74184347,73.4236
17105,Livingston County,IL,68544.0,75.3582119219422,20.51245753,47.66712
17107,Logan County,IL,64779.0,76.7289152739801,20.12323306,28.579590000000003
17115,Macon County,IL,61033.0,74.6244272958976,21.61525385,88.83943000000001
17117,Macoupin County,IL,70256.0,75.0581214876749,22.30223999,24.77143
17119,Madison County,IL,73194.0,75.37621718513,19.06055901,47.63885
17121,Marion County,IL,54774.0,72.4113806279285,20.4455594,34.76865
17123,Marshall County,IL,70246.0,76.3068133379626,24.36874091,17.148249999999997
17125,Mason County,IL,62146.0,73.8309294579178,23.47680268,38.81686
17127,Massac County,IL,58202.0,73.5383019830458,22.604494550000002,21.48997
17109,McDonough County,IL,50487.0,76.7236351340672,19.2145758,52.18429
17111,McHenry County,IL,101205.0,79.4724280975715,17.18638107,44.99843
17113,McLean County,IL,79622.0,78.517526472464,15.067970729999999,61.44339
17129,Menard County,IL,80964.0,78.3122750139458,21.197925379999997,32.88392
17131,Mercer County,IL,77098.0,77.265103125126,22.12177956,12.835320000000001
17133,Monroe County,IL,103032.0,79.617051286023,20.59673313,40.07787
17135,Montgomery County,IL,60599.0,74.1333729475131,21.48357011,39.16821
17137,Morgan County,IL,64268.0,76.063927578951,21.52146857,46.0038
17139,Moultrie County,IL,72928.0,74.9829521932395,19.2093153,27.567200000000003
17141,Ogle County,IL,78109.0,77.7914518906181,20.37647518,56.366499999999995
17143,Peoria County,IL,62873.0,75.2674538639053,18.67863199,133.75540999999998
17145,Perry County,IL,62830.0,75.3944292675428,20.66039116,61.94901
17147,Piatt County,IL,81611.0,78.4152459676113,21.74823501,53.72172
17149,Pike County,IL,58733.0,74.6104325937141,22.21447497,61.567930000000004
17151,Pope County,IL,58093.0,75.6828032375279,32.34421365,
17153,Pulaski County,IL,50863.0,71.6357056601921,23.27428222,
17155,Putnam County,IL,75469.0,79.7763610929961,25.534975720000002,17.96622
17157,Randolph County,IL,70526.0,75.7725561593376,21.57638772,46.44682
17159,Richland County,IL,57119.0,73.665738364512,21.45532025,56.97645
17161,Rock Island County,IL,63457.0,76.4355597915778,20.830383190000003,48.98222
17165,Saline County,IL,53318.0,72.4535182201172,21.95601801,64.32247
17167,Sangamon County,IL,73004.0,76.787168545648,20.016951690000003,120.67744
17169,Schuyler County,IL,64444.0,74.8325146396638,24.12000594,
17171,Scott County,IL,67157.0,75.5869757033583,22.1656051,
17173,Shelby County,IL,68618.0,77.0781889565933,24.47491249,24.05118
17163,St. Clair County,IL,66007.0,74.1321907663652,17.98157901,58.870630000000006
17175,Stark County,IL,69523.0,74.9155333620034,23.380605600000003,
17177,Stephenson County,IL,64926.0,76.1659679391303,24.74654912,47.7045
17179,Tazewell County,IL,73659.0,76.5787154223658,20.26076686,42.9405
17181,Union County,IL,64452.0,74.65289298697,22.85954281,76.81853
17183,Vermilion County,IL,51813.0,72.5212702744971,20.65399431,35.57015
17185,Wabash County,IL,64466.0,76.4119543082107,23.19502833,35.70791
17187,Warren County,IL,64493.0,76.0474071664588,20.55607044,54.443169999999995
17189,Washington County,IL,74848.0,77.082502471113,22.44385343,14.64665
17191,Wayne County,IL,56071.0,74.6513617182885,22.6318127,56.38038
17193,White County,IL,56768.0,73.5464390757785,23.39377658,29.01915
17195,Whiteside County,IL,68641.0,75.4776190746052,22.41733642,50.628330000000005
17197,Will County,IL,103587.0,78.5464739263145,15.09073421,54.0694
17199,Williamson County,IL,60704.0,75.5338016273562,20.50040476,79.24759999999999
17201,Winnebago County,IL,65795.0,74.5341861304688,19.00349563,70.28847
17203,Woodford County,IL,90169.0,78.6938980243536,19.60820165,44.473510000000005
18001,Adams County,IN,66567.0,77.0263801631947,16.71902557,38.93106
18003,Allen County,IN,66194.0,75.6141212185046,16.03213829,73.85334
18005,Bartholomew County,IN,79870.0,76.0258745592586,17.243431779999998,78.81175999999999
18007,Benton County,IN,64671.0,74.4845420243394,18.398441979999998,22.95157
18009,Blackford County,IN,51799.0,71.8224767528865,22.18111494,66.16492
18011,Boone County,IN,103970.0,78.2081017122442,15.373095110000001,210.80874
18013,Brown County,IN,72141.0,76.6572404141688,27.23439596,32.15021
18015,Carroll County,IN,71740.0,78.2681559697766,21.15956151,9.78282
18017,Cass County,IN,54436.0,74.9361308118674,19.099453089999997,45.2573
18019,Clark County,IN,71718.0,73.1949202458269,17.18619239,38.292950000000005
18021,Clay County,IN,62834.0,74.9488169005936,19.6031746,49.223780000000005
18023,Clinton County,IN,66119.0,74.3659661154845,16.82859762,15.121730000000001
18025,Crawford County,IN,56019.0,72.8978823829541,21.996551059999998,
18027,Daviess County,IN,76778.0,76.121857000646,16.36558117,41.91993
18033,De Kalb County,IN,68933.0,75.8475699231459,17.69763338,46.1542
18029,Dearborn County,IN,82578.0,76.17393568741,19.61729962,45.261340000000004
18031,Decatur County,IN,71150.0,74.0080001057647,18.29614758,60.79027
18035,Delaware County,IN,55704.0,72.6063011682918,17.88000463,114.4175
18037,Dubois County,IN,74001.0,77.7629445794886,19.35654251,75.77671000000001
18039,Elkhart County,IN,69262.0,76.2437861139034,15.82198451,48.810900000000004
18041,Fayette County,IN,60483.0,70.1543015332005,21.10692578,42.80822
18043,Floyd County,IN,79008.0,74.6432607630021,18.082144319999998,55.93258
18045,Fountain County,IN,63747.0,73.7509971486565,20.37535114,24.350160000000002
18047,Franklin County,IN,77456.0,76.5623650470635,20.51437478,70.04641
18049,Fulton County,IN,60258.0,73.7007096814477,21.08753316,49.053270000000005
18051,Gibson County,IN,67497.0,76.2736591330347,18.72416727,39.48487
18053,Grant County,IN,53872.0,70.7922171304186,19.55135952,42.25586
18055,Greene County,IN,59626.0,74.0704263220959,20.59879472,29.23407
18057,Hamilton County,IN,121231.0,80.6511933060453,14.44738931,138.79153
18059,Hancock County,IN,94581.0,77.1802919480488,17.345588749999997,83.14076
18061,Harrison County,IN,75443.0,73.6513808224967,19.982002700000002,47.785520000000005
18063,Hendricks County,IN,95323.0,78.6056979384861,15.474255179999998,48.50715
18065,Henry County,IN,62048.0,73.9661239014268,19.820556319999998,40.87054
18067,Howard County,IN,61548.0,72.9558222492876,20.14290656,54.966719999999995
18069,Huntington County,IN,67462.0,74.7984997482818,19.08594111,54.47068
18071,Jackson County,IN,69753.0,75.125168649285,17.11795093,67.29329
18073,Jasper County,IN,75027.0,75.2547601535173,19.22170866,24.17576
18075,Jay County,IN,61030.0,73.1389557709863,18.91473642,29.632559999999998
18077,Jefferson County,IN,62153.0,73.6936233890507,19.89956438,60.348209999999995
18079,Jennings County,IN,61695.0,72.7262643489399,17.50778365,43.781240000000004
18081,Johnson County,IN,91676.0,76.2132915669037,15.98031212,80.34182
18083,Knox County,IN,57242.0,73.6652290862026,19.18491821,72.31060000000001
18085,Kosciusko County,IN,72726.0,76.0521690949763,18.77706436,43.69211
18091,La Porte County,IN,64204.0,74.3150319598506,20.00161137,37.36987
18087,Lagrange County,IN,81738.0,78.6045074357201,14.93142983,24.67673
18089,Lake County,IN,69182.0,74.354373815649,18.30930207,50.74635000000001
18093,Lawrence County,IN,64958.0,73.8154489352272,20.76124567,39.937870000000004
18095,Madison County,IN,62000.0,73.1588935481194,18.93603212,48.17177
18097,Marion County,IN,66653.0,73.0434844971741,13.586105779999999,77.95268
18099,Marshall County,IN,70390.0,75.8685134441033,19.43389713,52.03703
18101,Martin County,IN,60862.0,75.7975941805486,21.98646054,30.67485
18103,Miami County,IN,59297.0,74.09080458221,18.51590306,22.17233
18105,Monroe County,IN,60553.0,77.5089972296724,15.28254223,58.62377
18107,Montgomery County,IN,69928.0,75.5874290907511,19.2829181,28.899459999999998
18109,Morgan County,IN,74193.0,75.3226367761459,18.61198738,40.16287
18111,Newton County,IN,70836.0,73.6292563139477,20.9025788,7.24218
18113,Noble County,IN,66072.0,75.8112666762999,17.98439806,33.87893
18115,Ohio County,IN,70757.0,77.9719149074625,23.76748834,16.728
18117,Orange County,IN,59750.0,74.1725455508833,21.208880739999998,40.342909999999996
18119,Owen County,IN,62247.0,72.8249596824951,21.55861044,13.98862
18121,Parke County,IN,70989.0,77.8612480416916,21.1841786,30.4748
18123,Perry County,IN,63098.0,77.2770013880994,19.88651153,46.5935
18125,Pike County,IN,66716.0,74.2230579412741,21.46869321,32.93808
18127,Porter County,IN,79398.0,76.9910299076514,18.87871788,56.243289999999995
18129,Posey County,IN,76228.0,78.3438852852083,21.68929712,31.85221
18131,Pulaski County,IN,70303.0,72.1821423771354,21.85708518,32.417539999999995
18133,Putnam County,IN,73137.0,75.8301634871793,17.86940666,32.45085
18135,Randolph County,IN,58725.0,73.7927881527978,20.95721837,16.40218
18137,Ripley County,IN,66942.0,74.6674950693977,18.81137305,3.43867
18139,Rush County,IN,65326.0,74.9716130761748,19.76613047,35.988479999999996
18143,Scott County,IN,62584.0,69.0818766533533,17.20809506,36.953399999999995
18145,Shelby County,IN,71548.0,75.5760723481968,19.39820035,35.524770000000004
18147,Spencer County,IN,77467.0,76.3267300777402,21.00452034,35.35711
18141,St. Joseph County,IN,65977.0,75.0541959407102,17.23560371,90.00338
18149,Starke County,IN,61259.0,72.147844637534,21.05920883,12.835869999999998
18151,Steuben County,IN,71355.0,77.3539823037543,22.696680699999998,28.87503
18153,Sullivan County,IN,59148.0,75.1694020980481,19.18870742,33.721940000000004
18155,Switzerland County,IN,60219.0,74.0250166227709,19.79239445,
18157,Tippecanoe County,IN,61681.0,77.5883126247154,12.603817959999999,70.02502
18159,Tipton County,IN,76188.0,75.8705606661657,22.60094389,26.02134
18161,Union County,IN,64648.0,75.1252877971804,21.48286247,14.190439999999999
18163,Vanderburgh County,IN,60923.0,74.0539180576999,18.71975975,77.7834
18165,Vermillion County,IN,58743.0,74.3026728459739,20.39955893,58.666320000000006
18167,Vigo County,IN,50665.0,73.7051552211221,17.66224224,83.02357
18169,Wabash County,IN,60668.0,73.9120689345419,22.23345289,42.18588
18171,Warren County,IN,74750.0,77.5657604457723,21.44869688,
18173,Warrick County,IN,87293.0,76.9003162407067,19.18259523,153.45506
18175,Washington County,IN,55682.0,72.4932568571435,19.06754122,24.90926
18177,Wayne County,IN,52956.0,72.2737384411463,19.84514646,60.1902
18179,Wells County,IN,69833.0,76.6748060795901,19.22605498,46.1042
18181,White County,IN,67077.0,75.3390926207119,21.94887025,36.509679999999996
18183,Whitley County,IN,76326.0,77.8028349844069,19.91825456,58.088879999999996
20001,Allen County,KS,54761.0,74.5004100414663,21.23751209,64.18485000000001
20003,Anderson County,KS,61742.0,76.630782483105,21.000255170000003,38.57033
20005,Atchison County,KS,65818.0,75.8848135363577,18.60014985,49.26412
20007,Barber County,KS,59514.0,74.2192094800112,25.595676740000002,48.6618
20009,Barton County,KS,58568.0,74.7283035265506,21.27796297,63.45178
20011,Bourbon County,KS,54428.0,73.6278876147593,20.00971682,41.89067
20013,Brown County,KS,58989.0,72.8588056714108,22.691891889999997,84.61131999999999
20015,Butler County,KS,76742.0,75.3085790851487,16.77788787,78.06860999999999
20017,Chase County,KS,62302.0,78.0284019685299,24.466847620000003,
20019,Chautauqua County,KS,49510.0,73.9833659362761,25.42575441,
20021,Cherokee County,KS,55853.0,72.0902806987056,20.53637032,20.909570000000002
20023,Cheyenne County,KS,52424.0,76.3986998403142,27.16236722,
20025,Clark County,KS,64998.0,73.0050243666751,22.30644288,252.90845000000002
20027,Clay County,KS,66389.0,78.1881612567471,24.12888722,136.18918
20029,Cloud County,KS,60403.0,73.4264125088453,20.93968828,56.00358
20031,Coffey County,KS,67933.0,76.5664093247917,23.439583080000002,71.9597
20033,Comanche County,KS,51956.0,75.014084573352,25.98187311,119.76048
20035,Cowley County,KS,57549.0,73.6806557182537,19.126386980000003,40.58442
20037,Crawford County,KS,52285.0,72.4878298309317,16.11546796,66.47916
20039,Decatur County,KS,54613.0,75.4301386495107,29.71976401,
20041,Dickinson County,KS,63417.0,74.1048921149166,21.19273516,48.7567
20043,Doniphan County,KS,63765.0,76.8533419652743,20.512478310000002,53.54036000000001
20045,Douglas County,KS,68561.0,79.2274110987966,14.405282320000001,86.2914
20047,Edwards County,KS,59055.0,63.6320045000877,22.64910355,
20049,Elk County,KS,48121.0,74.2253799394596,27.11795703,40.96682
20051,Ellis County,KS,59048.0,79.0070070866744,17.09822978,62.52171
20053,Ellsworth County,KS,65396.0,76.7438763628965,24.0364952,31.565659999999998
20055,Finney County,KS,67640.0,76.2410495084591,12.21907863,57.73218000000001
20057,Ford County,KS,68766.0,76.1363634603974,11.995291349999999,52.69475
20059,Franklin County,KS,67883.0,75.0315927804194,18.44976077,42.33049
20061,Geary County,KS,56899.0,72.7077052968753,9.22760864,38.960319999999996
20063,Gove County,KS,65003.0,77.0550942137739,24.02193784,217.78584
20065,Graham County,KS,53247.0,75.940494448996,28.198653200000003,83.33333
20067,Grant County,KS,65399.0,77.841197965801,15.08325171,40.961220000000004
20069,Gray County,KS,77786.0,77.4770563578288,16.47222706,17.717930000000003
20071,Greeley County,KS,70566.0,,20.49110923,76.68712
20073,Greenwood County,KS,59179.0,73.5290556483335,26.1669506,33.6757
20075,Hamilton County,KS,72657.0,74.4391902240722,15.1415675,40.25765
20077,Harper County,KS,54423.0,74.8164721067925,22.42870285,56.27462
20079,Harvey County,KS,67078.0,75.5593632697774,21.20940783,73.92730999999999
20081,Haskell County,KS,68202.0,78.9063512726186,17.60330579,
20083,Hodgeman County,KS,66919.0,72.1133077549322,21.9939577,116.95906000000001
20085,Jackson County,KS,73051.0,75.3931335645204,20.257330940000003,67.86818000000001
20087,Jefferson County,KS,81301.0,76.5371343818414,21.30190429,54.315349999999995
20089,Jewell County,KS,56505.0,80.0824636772874,31.75272216,
20091,Johnson County,KS,103085.0,80.6371301600339,16.52939314,118.71778
20093,Kearny County,KS,71237.0,76.3564599143363,16.636149619999998,128.50167
20095,Kingman County,KS,54731.0,61.0075744688205,19.27540334,27.05628
20097,Kiowa County,KS,56222.0,75.133831918302,23.67312553,41.806020000000004
20099,Labette County,KS,49874.0,74.3629036277285,20.50385239,50.22097
20101,Lane County,KS,64875.0,,24.19882276,0.0
20103,Leavenworth County,KS,83086.0,76.9688244055879,16.50901602,48.67127
20105,Lincoln County,KS,53667.0,77.2205020088636,27.500000000000004,68.89425
20107,Linn County,KS,62431.0,72.4567605757264,22.55578093,10.25957
20109,Logan County,KS,60216.0,74.4286691352194,21.50093809,110.21308
20111,Lyon County,KS,55659.0,76.9190464866622,16.70396618,59.37871
20115,Marion County,KS,62268.0,76.620388998905,23.75534645,17.0765
20117,Marshall County,KS,64514.0,76.5952960115756,23.497432800000002,60.12627
20113,McPherson County,KS,78908.0,77.6438356552268,20.61746037,69.66098
20119,Meade County,KS,71572.0,74.0579324188156,18.53745845,
20121,Miami County,KS,85620.0,77.124281090721,18.51075878,57.815160000000006
20123,Mitchell County,KS,60486.0,77.6356155845554,22.5389054,104.38413000000001
20125,Montgomery County,KS,53379.0,72.2104401445084,20.96964146,22.46758
20127,Morris County,KS,65283.0,75.5489262277517,27.296587929999998,56.011950000000006
20129,Morton County,KS,58093.0,74.0007883915904,21.43410853,111.44130999999999
20131,Nemaha County,KS,74744.0,79.0210643445877,20.43701799,127.25137000000001
20133,Neosho County,KS,53085.0,73.8811824594929,20.856031129999998,63.3553
20135,Ness County,KS,64935.0,72.0968954721591,25.401069520000004,74.8503
20137,Norton County,KS,57738.0,78.7568815244722,20.694183860000003,74.87832
20139,Osage County,KS,69666.0,73.6668241923467,21.4673913,6.34196
20141,Osborne County,KS,54638.0,75.7230306021721,26.72891742,28.587760000000003
20143,Ottawa County,KS,66956.0,75.2871916530598,21.70849089,34.25831
20145,Pawnee County,KS,64704.0,75.5753380529294,24.64903689,96.38554
20147,Phillips County,KS,59453.0,75.8190803816199,25.37282084,20.76843
20149,Pottawatomie County,KS,84434.0,78.7244461030932,16.007126069999998,73.67197
20151,Pratt County,KS,61078.0,75.6450154156595,21.79035455,87.13647999999999
20153,Rawlins County,KS,63255.0,77.5016043927996,28.014616320000002,39.23107
20155,Reno County,KS,62470.0,75.2538579029056,21.1278599,58.61856
20157,Republic County,KS,54981.0,76.5391560949717,27.49081478,85.80009
20159,Rice County,KS,62922.0,75.310997685242,20.23758099,53.24814000000001
20161,Riley County,KS,63076.0,79.6889494853163,10.77140696,69.24441
20163,Rooks County,KS,59998.0,75.4864187978348,24.131435749999998,103.49824
20165,Rush County,KS,55709.0,69.02969144908,26.32508834,33.86387
20167,Russell County,KS,55415.0,74.7869722064289,26.34240666,44.75608
20169,Saline County,KS,63587.0,75.5183921775309,19.94613733,96.49644
20171,Scott County,KS,73436.0,76.7731038298001,19.82933767,97.44689
20173,Sedgwick County,KS,67435.0,74.839780583854,16.34608653,88.9605
20175,Seward County,KS,66540.0,77.185411082681,11.05045806,32.18835
20177,Shawnee County,KS,63612.0,74.9526118306566,19.981884259999998,72.92555
20179,Sheridan County,KS,65350.0,72.4263746358844,23.978538999999998,80.71025
20181,Sherman County,KS,57628.0,77.2490893833329,21.76591376,33.927060000000004
20183,Smith County,KS,55568.0,79.008354326914,29.69359331,139.82103
20185,Stafford County,KS,54808.0,74.1611061856843,22.230749550000002,24.78929
20187,Stanton County,KS,74063.0,78.8666721777109,18.832193580000002,
20189,Stevens County,KS,68600.0,75.3865299903223,16.70277723,18.892879999999998
20191,Sumner County,KS,63049.0,74.0199948252996,20.46655324,26.80366
20193,Thomas County,KS,69774.0,77.6952932496623,19.32612842,50.780750000000005
20195,Trego County,KS,56168.0,80.2933636508631,27.60893446,71.60759
20197,Wabaunsee County,KS,69893.0,80.5645889085236,22.10571064,43.06632
20199,Wallace County,KS,61157.0,,24.055666000000002,0.0
20201,Washington County,KS,58302.0,79.566299153191,23.782703490000003,72.58211
20203,Wichita County,KS,61825.0,71.5157326957999,21.32564841,96.06148
20205,Wilson County,KS,54164.0,73.3786521549724,23.52660463,46.91532
20207,Woodson County,KS,40327.0,73.2542203398386,26.64526485,
20209,Wyandotte County,KS,61088.0,73.7043421429315,13.739631290000002,55.673289999999994
21001,Adair County,KY,45974.0,71.6595576227724,20.04256645,26.41031
21003,Allen County,KY,56483.0,73.1058816984233,18.34955021,14.425160000000002
21005,Anderson County,KY,78336.0,74.4090240528631,16.92601471,29.124190000000002
21007,Ballard County,KY,69716.0,72.9024763012924,22.63255078,
21009,Barren County,KY,51068.0,73.6832112266026,18.545591889999997,69.59411
21011,Bath County,KY,54247.0,68.8298611369713,17.54142582,15.651900000000001
21013,Bell County,KY,35566.0,67.2915153537551,20.152678299999998,50.29759
21015,Boone County,KY,89313.0,77.9952226053707,15.31645029,58.946819999999995
21017,Bourbon County,KY,61530.0,73.786911107753,20.403297900000002,64.26418
21019,Boyd County,KY,57112.0,71.6275473406685,20.69167398,100.21086
21021,Boyle County,KY,62541.0,74.6271999579099,19.44623725,58.5423
21023,Bracken County,KY,64458.0,71.4578580140771,18.85829575,11.84975
21025,Breathitt County,KY,40093.0,67.5085392427488,19.362309890000002,44.27064
21027,Breckinridge County,KY,59267.0,72.3547050120217,20.51694755,24.2119
21029,Bullitt County,KY,75402.0,75.7275682796279,17.974853590000002,18.09016
21031,Butler County,KY,56395.0,72.7487113582998,19.57979798,8.13405
21033,Caldwell County,KY,52719.0,73.007959040546,21.822962309999998,23.76426
21035,Calloway County,KY,51424.0,74.1436079409596,17.54440961,47.92332
21037,Campbell County,KY,80573.0,77.131799591113,18.245074810000002,53.73455
21039,Carlisle County,KY,58639.0,70.9411765369589,20.30187075,41.74494
21041,Carroll County,KY,62710.0,70.7177344458463,16.68335305,27.61668
21043,Carter County,KY,50853.0,70.3744042471517,20.24956383,18.930790000000002
21045,Casey County,KY,42914.0,72.1275682438726,21.020228669999998,12.60557
21047,Christian County,KY,54934.0,71.4913789155533,13.024766770000001,60.8096
21049,Clark County,KY,72386.0,72.7537795369355,18.86124812,46.106700000000004
21051,Clay County,KY,36330.0,68.2579617743156,16.42406352,39.5922
21053,Clinton County,KY,39877.0,71.714171223549,21.05378225,53.966539999999995
21055,Crittenden County,KY,53894.0,71.8377597641609,21.941163359999997,44.70772
21057,Cumberland County,KY,43127.0,73.1200983970076,23.11666667,51.029090000000004
21059,Daviess County,KY,63213.0,74.9326824965899,18.24315181,55.30598
21061,Edmonson County,KY,56545.0,75.2637628581609,21.60186375,8.13603
21063,Elliott County,KY,43501.0,76.3318952518619,21.83574879,13.5483
21065,Estill County,KY,45129.0,69.4638713983625,19.58955224,21.28867
21067,Fayette County,KY,67320.0,76.7338115785227,15.40789745,120.26365
21069,Fleming County,KY,50804.0,72.5600502062997,19.01308121,32.84288
21071,Floyd County,KY,40604.0,66.9552422492454,20.25099497,56.69899
21073,Franklin County,KY,66920.0,72.996457275268,19.06320192,36.76328
21075,Fulton County,KY,41088.0,68.3348414262479,21.52098454,15.356270000000002
21077,Gallatin County,KY,66789.0,71.581033441867,16.08280255,45.58405
21079,Garrard County,KY,62980.0,73.6717470185639,19.44023781,23.03882
21081,Grant County,KY,68309.0,72.0455691666797,14.77809438,39.613369999999996
21083,Graves County,KY,53947.0,73.0300091526279,19.302816710000002,27.31121
21085,Grayson County,KY,54543.0,71.040319407399,18.75862069,60.32273
21087,Green County,KY,48153.0,73.8164286669952,21.95674922,17.71322
21089,Greenup County,KY,59151.0,72.5098893531235,22.71940036,50.4923
21091,Hancock County,KY,70998.0,74.7882807389576,19.2264574,
21093,Hardin County,KY,65472.0,73.7143923951171,15.50061012,60.03207999999999
21095,Harlan County,KY,36916.0,65.6641579504658,19.85863213,34.39841
21097,Harrison County,KY,63689.0,72.3503872882493,18.80504764,52.77045
21099,Hart County,KY,51921.0,73.2255807718144,17.95781789,25.69373
21101,Henderson County,KY,58742.0,73.3231706208886,19.957387970000003,51.88477
21103,Henry County,KY,66530.0,72.6903224782502,19.08846178,57.482279999999996
21105,Hickman County,KY,56348.0,71.4542304148862,26.10748819,
21107,Hopkins County,KY,55080.0,72.2784220256776,19.66435932,99.69427
21109,Jackson County,KY,44713.0,71.1270020194661,18.62789988,23.10536
21111,Jefferson County,KY,64977.0,73.299649371625,17.79991815,91.53153
21113,Jessamine County,KY,75155.0,75.6861549237789,17.05654616,74.59068
21115,Johnson County,KY,45126.0,69.3630252507517,19.63736661,57.63433
21117,Kenton County,KY,79604.0,76.3074756320356,16.32549425,87.31821000000001
21119,Knott County,KY,42345.0,67.113046842034,21.25338605,21.34775
21121,Knox County,KY,37640.0,69.5308016960045,17.73511445,26.747799999999998
21123,Larue County,KY,66310.0,72.7092906146487,18.159837940000003,13.30849
21125,Laurel County,KY,52093.0,72.480017384828,17.50189585,38.36256
21127,Lawrence County,KY,46200.0,70.5069826581358,19.3625,36.832409999999996
21129,Lee County,KY,37939.0,68.2668996294584,19.758672699999998,
21131,Leslie County,KY,39855.0,68.694172701815,20.1946472,19.459039999999998
21133,Letcher County,KY,41737.0,67.6823265826521,21.64716251,56.46262
21135,Lewis County,KY,46340.0,70.0337232314305,20.0339166,15.40002
21137,Lincoln County,KY,51359.0,70.4665715515119,18.63496933,24.74941
21139,Livingston County,KY,57586.0,71.0106561228728,23.07692308,33.48588
21141,Logan County,KY,61186.0,73.799810133479,19.14224092,21.60527
21143,Lyon County,KY,63989.0,76.0209483796187,23.718297590000002,34.07929
21151,Madison County,KY,65438.0,73.8283462660258,15.00801158,47.53555
21153,Magoffin County,KY,40162.0,68.1472685954223,19.41574635,34.79168
21155,Marion County,KY,54466.0,73.1690314248206,17.90359988,50.69708
21157,Marshall County,KY,61426.0,74.8003074641205,23.15713206,40.94746
21159,Martin County,KY,35522.0,70.5977517462287,18.0545388,35.906639999999996
21161,Mason County,KY,56706.0,72.2230664916857,19.606911699999998,53.156929999999996
21145,McCracken County,KY,60801.0,73.7949842525886,20.94085543,100.80944000000001
21147,McCreary County,KY,36348.0,69.5940782361102,16.33431085,5.9199600000000006
21149,McLean County,KY,58403.0,74.507585311389,20.620720119999998,
21163,Meade County,KY,69228.0,75.0755559194289,16.18930669,23.23189
21165,Menifee County,KY,44734.0,70.0092181724763,21.969455930000002,48.43397
21167,Mercer County,KY,67348.0,73.4111936307124,19.46140191,26.258210000000002
21169,Metcalfe County,KY,40690.0,71.759117593618,20.15836672,19.32554
21171,Monroe County,KY,44605.0,72.2491616242798,19.732885189999998,44.51171
21173,Montgomery County,KY,54848.0,71.8883127591612,17.01896449,49.61196
21175,Morgan County,KY,44587.0,73.0040366319916,17.94440944,7.2358899999999995
21177,Muhlenberg County,KY,52291.0,72.904494169216,20.77008636,32.57966
21179,Nelson County,KY,65928.0,74.2350385749592,17.67651372,53.08081000000001
21181,Nicholas County,KY,52978.0,72.6791133656267,16.835805360000002,12.9668
21183,Ohio County,KY,55512.0,72.7872880292198,18.74629645,21.10773
21185,Oldham County,KY,120818.0,79.714395932625,15.109072000000001,59.692800000000005
21187,Owen County,KY,64868.0,72.6415913149111,20.92283214,35.41704
21189,Owsley County,KY,35000.0,64.4952476530281,20.49487628,
21191,Pendleton County,KY,71116.0,72.0980306568287,18.136394329999998,27.38413
21193,Perry County,KY,42519.0,65.6789840725175,18.519883540000002,114.57625
21195,Pike County,KY,46402.0,69.327587603926,20.77608847,74.92464
21197,Powell County,KY,46014.0,68.5618982469535,16.69750231,7.61441
21199,Pulaski County,KY,54487.0,72.1322161541122,20.2671058,71.84018
21201,Robertson County,KY,55507.0,71.7467967014687,23.90834414,
21203,Rockcastle County,KY,49406.0,69.2022194684245,19.88264361,49.64319
21205,Rowan County,KY,51712.0,71.8031586743472,15.252570770000002,64.35783
21207,Russell County,KY,47397.0,72.0804578353501,21.28672247,38.55475
21209,Scott County,KY,81956.0,75.6815374990403,13.555378269999999,58.36709
21211,Shelby County,KY,76693.0,76.2169771228504,17.47753206,35.07975
21213,Simpson County,KY,60371.0,73.0406056538591,17.251795,25.35754
21215,Spencer County,KY,97726.0,76.2234352992131,16.39472018,30.12653
21217,Taylor County,KY,52832.0,71.6566376840812,18.52664221,72.42234
21219,Todd County,KY,57288.0,73.0058121233828,16.91211782,16.28002
21221,Trigg County,KY,57844.0,72.4596227613929,23.529821140000003,
21223,Trimble County,KY,65885.0,72.1849009441261,18.91483676,23.44666
21225,Union County,KY,60771.0,73.345325419615,21.06668701,22.15003
21227,Warren County,KY,62108.0,75.3461332111918,13.655442979999998,65.59193
21229,Washington County,KY,59071.0,74.2021985362164,19.28751936,33.13453
21231,Wayne County,KY,42721.0,72.6553210671355,22.91624106,51.17706999999999
21233,Webster County,KY,59260.0,70.0929420346983,18.639006759999997,15.60915
21235,Whitley County,KY,43910.0,68.5363688166857,16.10590631,86.62931
21237,Wolfe County,KY,40949.0,65.4551372509256,20.20057307,30.736130000000003
21239,Woodford County,KY,78344.0,76.6842029476531,21.36570339,77.56233
22001,Acadia Parish,LA,43133.0,70.6069769225944,16.95551346,36.65689
22003,Allen Parish,LA,47937.0,70.6599830845591,15.055173660000001,17.631240000000002
22005,Ascension Parish,LA,89558.0,76.3189233815948,13.68740124,44.40324
22007,Assumption Parish,LA,54511.0,73.9946637419499,20.828373019999997,14.50046
22009,Avoyelles Parish,LA,44650.0,71.0741645368651,18.46490315,28.035480000000003
22011,Beauregard Parish,LA,57108.0,73.410218369584,16.547641679999998,43.73497
22013,Bienville Parish,LA,39743.0,68.6872801034689,21.43781336,15.654349999999999
22015,Bossier Parish,LA,71061.0,75.9445939721553,15.94283293,47.2341
22017,Caddo Parish,LA,50773.0,71.4305485677889,19.56437236,125.70144
22019,Calcasieu Parish,LA,63912.0,73.4674220674304,16.795166889999997,78.91583
22021,Caldwell Parish,LA,48050.0,70.7516525559939,19.086164659999998,31.344689999999996
22023,Cameron Parish,LA,66189.0,78.4687353743075,20.260067109999998,39.370079999999994
22025,Catahoula Parish,LA,40139.0,70.8841371772514,19.37247445,11.35718
22027,Claiborne Parish,LA,39576.0,73.7689268459852,22.911485000000003,49.86465
22029,Concordia Parish,LA,43136.0,70.4930864007807,20.08141113,21.76752
22031,De Soto Parish,LA,53165.0,73.7884351155048,19.29630449,18.57424
22033,East Baton Rouge Parish,LA,60205.0,73.1877074333688,15.8100819,86.69736
22035,East Carroll Parish,LA,34604.0,71.0839694343841,15.888124179999998,41.55125
22037,East Feliciana Parish,LA,58360.0,71.0603807703949,20.536689380000002,31.026989999999998
22039,Evangeline Parish,LA,46178.0,71.1351482294283,16.33494993,65.18702
22041,Franklin Parish,LA,42066.0,70.9453258378089,19.71480425,55.92841
22043,Grant Parish,LA,58560.0,72.8806927915573,16.005659259999998,4.49721
22045,Iberia Parish,LA,51770.0,71.6856273848696,17.23791366,46.39362
22047,Iberville Parish,LA,54265.0,71.8910748793874,17.895127799999997,30.17704
22049,Jackson Parish,LA,51215.0,73.3461006366554,21.063339210000002,20.16671
22053,Jefferson Davis Parish,LA,62563.0,71.3352547251289,17.4119735,37.10002
22051,Jefferson Parish,LA,61168.0,75.1822973372919,19.5088874,92.2322
22059,LaSalle Parish,LA,57556.0,72.9884847529778,16.28378378,53.93016000000001
22055,Lafayette Parish,LA,64181.0,75.759984478314,15.43103103,107.6964
22057,Lafourche Parish,LA,60107.0,74.5603478614458,17.27507995,50.25435
22061,Lincoln Parish,LA,47851.0,74.9714769247907,14.657437139999999,66.45622
22063,Livingston Parish,LA,73745.0,73.8895459143781,14.213593529999999,20.5719
22065,Madison Parish,LA,34704.0,70.2793081733509,18.516115080000002,20.41025
22067,Morehouse Parish,LA,37255.0,68.1735095419964,20.27969109,23.976020000000002
22069,Natchitoches Parish,LA,47476.0,70.4016560639325,17.31283238,54.0161
22071,Orleans Parish,LA,53729.0,73.6709279030634,18.16024782,111.67968
22073,Ouachita Parish,LA,52904.0,71.9513839188861,16.317399469999998,93.84763000000001
22075,Plaquemines Parish,LA,71460.0,75.8289629441889,15.134459040000001,21.45646
22077,Pointe Coupee Parish,LA,57045.0,72.2802663645239,23.165,29.47534
22079,Rapides Parish,LA,52379.0,70.4492332018424,17.56534136,83.94609
22081,Red River Parish,LA,46817.0,71.5639052760789,20.03806417,39.66155
22083,Richland Parish,LA,45093.0,71.5397456536181,19.04931006,65.63999
22085,Sabine Parish,LA,53183.0,71.9720770654256,21.58769287,13.5532
22087,St. Bernard Parish,LA,52139.0,73.1558634205562,13.788993099999999,24.854260000000004
22089,St. Charles Parish,LA,81482.0,75.3217333036814,16.26629791,34.42868
22091,St. Helena Parish,LA,46835.0,69.9837940371987,21.58901058,18.32845
22093,St. James Parish,LA,64089.0,74.5246632654541,20.43145224,25.32671
22095,St. John the Baptist Parish,LA,63183.0,73.6289502019739,16.36441705,33.2589
22097,St. Landry Parish,LA,43051.0,69.6477994994462,17.27020524,67.01514999999999
22099,St. Martin Parish,LA,54516.0,73.3133742883239,17.77229371,21.34265
22101,St. Mary Parish,LA,51179.0,71.8269457490422,19.47720752,43.539559999999994
22103,St. Tammany Parish,LA,78484.0,76.5435447811611,19.01750108,77.21205
22105,Tangipahoa Parish,LA,55432.0,72.0609587732611,15.62753506,39.93581
22107,Tensas Parish,LA,35670.0,72.2506390784034,28.79914984,24.73411
22109,Terrebonne Parish,LA,62566.0,73.1864613375212,16.42410439,47.83457
22111,Union Parish,LA,52753.0,71.1173614395423,23.457627119999998,18.96544
22113,Vermilion Parish,LA,53711.0,74.0777404852312,17.06379843,41.95511
22115,Vernon Parish,LA,55872.0,72.9581137192378,14.36756757,27.068110000000004
22117,Washington Parish,LA,45073.0,68.9327051526018,19.67457929,19.94106
22119,Webster Parish,LA,47088.0,69.5328014411048,20.82978603,63.564009999999996
22121,West Baton Rouge Parish,LA,73173.0,74.4855883115904,15.32229534,17.99079
22123,West Carroll Parish,LA,47030.0,71.7431590748685,22.03153491,52.11591
22125,West Feliciana Parish,LA,74368.0,73.7197905819404,16.31644005,51.63289
22127,Winn Parish,LA,48430.0,70.1032393058888,19.33262712,44.483990000000006
25001,Barnstable County,MA,89448.0,79.4923823974437,33.96465791,89.92689999999999
25003,Berkshire County,MA,74535.0,77.6513765017596,26.17215222,109.59373000000001
25005,Bristol County,MA,81047.0,77.3632790937286,18.26340873,50.50296
25007,Dukes County,MA,94059.0,83.0668133221941,28.032086080000003,47.4001
25009,Essex County,MA,96303.0,79.6651905328352,19.054819900000002,74.09482
25011,Franklin County,MA,71256.0,79.2959523452936,25.75103055,63.36689
25013,Hampden County,MA,67155.0,76.2945708562936,18.75335386,66.56322
25015,Hampshire County,MA,80839.0,80.1851900713901,19.88529372,128.11625999999998
25017,Middlesex County,MA,123288.0,81.5448262197632,16.86829414,124.60195
25019,Nantucket County,MA,108671.0,82.8415200856082,17.13514262,41.40501
25021,Norfolk County,MA,123449.0,81.1878876972037,18.29208782,119.66791
25023,Plymouth County,MA,107828.0,78.7832635588383,20.4295471,63.414280000000005
25025,Suffolk County,MA,91386.0,80.1026040182093,13.873312290000001,157.40783
25027,Worcester County,MA,93561.0,78.7549184044254,17.64909455,93.38432999999999
24001,Allegany County,MD,54759.0,73.4871109597196,21.39491326,53.15301
24003,Anne Arundel County,MD,116956.0,78.8177045579269,16.46316236,67.24984
24005,Baltimore County,MD,86807.0,76.8898734713106,18.695210030000002,86.42249
24510,Baltimore city,MD,58616.0,70.6129387470125,15.82941021,115.87204
24009,Calvert County,MD,124486.0,78.6688025934596,16.929524530000002,47.909040000000005
24011,Caroline County,MD,63491.0,74.4620604075013,17.84597982,29.95267
24013,Carroll County,MD,113885.0,78.239522776465,18.29154377,44.285199999999996
24015,Cecil County,MD,87592.0,73.7028991156296,17.6498978,39.45912
24017,Charles County,MD,105141.0,76.7149278764728,14.15745495,37.93762
24019,Dorchester County,MD,63087.0,74.1590789552803,23.60169105,33.85761
24021,Frederick County,MD,114089.0,80.0180212903814,15.61874768,56.10449
24023,Garrett County,MD,65991.0,76.8133670639004,25.20142138,48.77709
24025,Harford County,MD,104553.0,77.872771707873,18.01892354,53.99712
24027,Howard County,MD,140113.0,82.4935367409812,15.85709566,183.54164
24029,Kent County,MD,69781.0,76.754948357048,28.59141066,72.65178999999999
24031,Montgomery County,MD,125076.0,83.1717248207584,17.69708089,134.71403
24033,Prince George's County,MD,97171.0,77.5958571559168,15.630389580000001,49.61761
24035,Queen Anne's County,MD,112527.0,79.6112916359094,21.33008303,31.497300000000003
24039,Somerset County,MD,51841.0,73.9686315847718,18.285828979999998,36.609179999999995
24037,St. Mary's County,MD,102345.0,76.9536822959026,14.663300979999999,36.69148
24041,Talbot County,MD,80371.0,78.8993520244698,30.46294583,116.94041
24043,Washington County,MD,71685.0,74.5077305980207,18.36624672,54.86101
24045,Wicomico County,MD,70975.0,74.9091381308118,17.21374046,64.43547
24047,Worcester County,MD,75459.0,78.5276579821439,29.342268,84.69472
23001,Androscoggin County,ME,63456.0,74.9969876515185,19.280973940000003,73.85125000000001
23003,Aroostook County,ME,56361.0,74.994174159798,26.15996793,112.17637
23005,Cumberland County,ME,96255.0,79.5435971722191,20.998936269999998,165.77607999999998
23007,Franklin County,ME,56509.0,76.2419700905727,24.07227196,104.42281
23009,Hancock County,ME,72647.0,78.127151808416,27.394473339999998,104.99714999999999
23011,Kennebec County,ME,64643.0,76.1326413942239,21.720271259999997,110.85584
23013,Knox County,ME,70533.0,78.8872390466734,28.62337409,107.09764999999999
23015,Lincoln County,ME,74569.0,78.8531327072912,30.175034919999998,108.85341
23017,Oxford County,ME,60220.0,76.0837032506532,24.54719973,66.51997999999999
23019,Penobscot County,ME,65215.0,75.2487300813251,20.73310498,135.50224
23021,Piscataquis County,ME,51787.0,75.4396275115016,28.0281368,58.25808
23023,Sagadahoc County,ME,83180.0,80.0970307526314,25.1832698,64.74063
23025,Somerset County,ME,56422.0,74.3884356271413,23.48641379,57.32132
23027,Waldo County,ME,68345.0,76.4980924073346,25.88380108,80.17639
23029,Washington County,ME,48104.0,72.3406425286026,26.987799080000002,41.772439999999996
23031,York County,ME,85445.0,78.6426411539677,23.11081222,67.57039999999999
26001,Alcona County,MI,53033.0,75.116171366075,37.00066737,48.851980000000005
26003,Alger County,MI,62543.0,78.8693579448775,27.737809749999997,79.35607999999999
26005,Allegan County,MI,78772.0,77.5533838239314,18.96440023,20.6697
26007,Alpena County,MI,53480.0,77.0258766158193,25.61237199,76.14301
26009,Antrim County,MI,72369.0,78.7782853297567,29.202343400000004,67.19019
26011,Arenac County,MI,56213.0,73.9257707893114,27.731924730000003,40.06678
26013,Baraga County,MI,55856.0,74.9006927291537,23.33333333,73.03713
26015,Barry County,MI,75377.0,77.8981071676438,20.10406219,30.162560000000003
26017,Bay County,MI,59523.0,75.1482297962803,22.422439020000002,44.6667
26019,Benzie County,MI,65594.0,77.1214651847643,29.23919527,60.36328
26021,Berrien County,MI,62758.0,75.9759964432627,22.00760536,79.68596
26023,Branch County,MI,57641.0,76.0639022280812,19.89384054,35.567409999999995
26025,Calhoun County,MI,58617.0,73.5777674437473,18.965853369999998,57.54041
26027,Cass County,MI,68720.0,76.0917643203476,23.06262345,21.36628
26029,Charlevoix County,MI,78405.0,78.0104692125749,28.200619290000002,84.33643
26031,Cheboygan County,MI,61488.0,75.3947516618588,29.468673220000003,54.36471
26033,Chippewa County,MI,59852.0,77.1916087804023,19.87370395,70.62147
26035,Clare County,MI,47793.0,73.6739310392152,25.862179079999997,28.97151
26037,Clinton County,MI,91911.0,79.8573884171796,19.480682390000002,30.21681
26039,Crawford County,MI,59220.0,76.6078867256293,27.4855961,75.73463
26041,Delta County,MI,58072.0,76.4859942008882,26.632237019999998,81.46418
26043,Dickinson County,MI,61704.0,76.8024420983477,24.94034331,73.68054000000001
26045,Eaton County,MI,73130.0,77.0662337642477,20.609263,33.0445
26047,Emmet County,MI,77292.0,78.6914919442022,25.84473815,116.87362999999999
26049,Genesee County,MI,60192.0,73.085697665709,19.3834958,82.87812
26051,Gladwin County,MI,51395.0,73.9814125514685,27.64089274,15.69551
26053,Gogebic County,MI,48043.0,76.602151514448,30.068897639999996,83.55964
26055,Grand Traverse County,MI,82824.0,78.720786588813,22.80623516,132.48487
26057,Gratiot County,MI,60251.0,75.5066162830464,17.977663890000002,48.141729999999995
26059,Hillsdale County,MI,58676.0,75.335813860003,21.95362713,19.76024
26061,Houghton County,MI,56074.0,77.6211606698457,18.380808000000002,69.68081
26063,Huron County,MI,59319.0,76.6125415766827,27.77508326,57.59631
26065,Ingham County,MI,63483.0,75.4265017130863,15.20146713,115.47913
26067,Ionia County,MI,70177.0,77.4624515351733,16.42872234,25.29875
26069,Iosco County,MI,52734.0,73.5116246877432,31.45863713,31.53455
26071,Iron County,MI,49137.0,74.6343158402756,32.34241908,68.75806
26073,Isabella County,MI,53213.0,74.9143302954729,14.498268819999998,49.372809999999994
26075,Jackson County,MI,64070.0,75.0563711082522,19.64823364,43.111529999999995
26077,Kalamazoo County,MI,67671.0,77.1119871782938,16.563507050000002,98.80969
26079,Kalkaska County,MI,60410.0,74.6523736892273,22.41752299,22.248179999999998
26081,Kent County,MI,79715.0,78.4619543217632,15.44256177,93.61048000000001
26083,Keweenaw County,MI,54912.0,79.1837413564717,36.4640884,
26085,Lake County,MI,50660.0,75.4551527663614,27.58756086,8.1248
26087,Lapeer County,MI,71515.0,75.8259294030403,20.770536210000003,36.15288
26089,Leelanau County,MI,91727.0,80.9224438056343,34.58881793,44.2028
26091,Lenawee County,MI,65707.0,76.0421321993982,21.03671042,22.2321
26093,Livingston County,MI,103737.0,79.6793140919983,20.49482356,49.22723
26095,Luce County,MI,51664.0,76.3288618405073,24.05594406,131.85156999999998
26097,Mackinac County,MI,51353.0,77.2377855164128,30.64233711,64.18485000000001
26099,Macomb County,MI,73929.0,76.2774848811098,18.79691601,54.28882
26101,Manistee County,MI,57434.0,75.2082178577211,28.824035679999998,51.282050000000005
26103,Marquette County,MI,62319.0,78.006929841294,20.68836848,114.97209
26105,Mason County,MI,59543.0,76.5043770270933,26.85277273,78.27655
26107,Mecosta County,MI,59260.0,76.2921413548715,20.91535074,47.46322
26109,Menominee County,MI,55853.0,78.3882857677155,27.84484637,34.336240000000004
26111,Midland County,MI,73722.0,79.0291145548781,20.78796749,100.65063
26113,Missaukee County,MI,66397.0,76.6492352471508,22.59813206,19.82816
26115,Monroe County,MI,73617.0,76.411640273957,20.49340514,35.421260000000004
26117,Montcalm County,MI,64912.0,75.9702671209747,18.53156088,31.2407
26119,Montmorency County,MI,47374.0,73.5986715836909,33.26100434,75.29311
26121,Muskegon County,MI,61223.0,75.080422899041,18.93760903,56.08716
26123,Newaygo County,MI,61951.0,76.5827085054981,21.10824137,35.78813
26125,Oakland County,MI,92230.0,79.0926453306406,19.08084375,137.79343
26127,Oceana County,MI,61907.0,76.9079495496932,23.06808495,48.48033
26129,Ogemaw County,MI,51390.0,73.5613955480283,28.31824678,14.47457
26131,Ontonagon County,MI,51306.0,73.0718702059397,38.68946834,34.08316
26133,Osceola County,MI,55388.0,76.8614983780045,22.918988430000002,30.29647
26135,Oscoda County,MI,49622.0,72.8005574614519,29.53774137,12.03225
26137,Otsego County,MI,69029.0,75.5082514762971,22.73274556,86.99435
26139,Ottawa County,MI,81772.0,80.0786776189541,17.14396846,66.18598
26141,Presque Isle County,MI,54675.0,77.5867508210961,34.82122695,15.27534
26143,Roscommon County,MI,54305.0,73.2410128150056,34.76511755,46.54509
26145,Saginaw County,MI,59188.0,74.489371895317,20.828939939999998,86.502
26151,Sanilac County,MI,57382.0,75.2821697525493,23.793598890000002,32.09401
26153,Schoolcraft County,MI,56019.0,76.4173217813915,29.27966622,74.7198
26155,Shiawassee County,MI,63988.0,76.0346034285648,20.50275634,36.83133
26147,St. Clair County,MI,68831.0,75.0214448952484,20.93398551,43.73551
26149,St. Joseph County,MI,65540.0,74.9058638027743,19.525937120000002,27.97985
26157,Tuscola County,MI,64273.0,75.2697042144263,22.44349373,30.23603
26159,Van Buren County,MI,66174.0,75.5279536591014,20.54803557,50.22602
26161,Washtenaw County,MI,84704.0,80.4754297038087,16.46595684,177.59008
26163,Wayne County,MI,57418.0,72.9376555878908,17.111198289999997,70.14811999999999
26165,Wexford County,MI,59697.0,74.9018260484864,21.06851884,85.5432
27001,Aitkin County,MN,59844.0,77.9030807981958,34.827971680000005,88.12236
27003,Anoka County,MN,96661.0,79.8600612966039,15.98937818,47.136649999999996
27005,Becker County,MN,71719.0,77.8741719402438,23.41921038,79.50254
27007,Beltrami County,MN,65855.0,74.0515350921116,17.89032065,107.80508999999999
27009,Benton County,MN,74677.0,77.2734321094436,14.58894231,21.70819
27011,Big Stone County,MN,62245.0,77.4879365086023,27.482859939999997,174.92711
27013,Blue Earth County,MN,67236.0,79.6973990714666,15.3515413,92.37875
27015,Brown County,MN,71884.0,80.1546446523109,22.56126112,92.95479999999999
27017,Carlton County,MN,75512.0,76.2790943113717,18.9490835,87.89036
27019,Carver County,MN,129437.0,82.3342285714366,15.17599071,84.69427
27021,Cass County,MN,61490.0,74.6494702528814,27.54563378,29.37433
27023,Chippewa County,MN,75774.0,76.5985928265941,22.14919487,97.11095
27025,Chisago County,MN,91338.0,79.357373538278,17.70906295,48.721920000000004
27027,Clay County,MN,72172.0,78.0477615013348,14.38618733,19.82493
27029,Clearwater County,MN,62435.0,75.949446204692,21.205460430000002,34.98134
27031,Cook County,MN,62435.0,82.9912133470487,32.2752261,160.22788
27033,Cottonwood County,MN,63898.0,78.2568674357513,23.16459051,60.50653
27035,Crow Wing County,MN,74540.0,78.6511562009177,24.986823610000002,101.08518
27037,Dakota County,MN,100012.0,80.9060748174388,16.46745932,60.402049999999996
27039,Dodge County,MN,87661.0,81.208913202281,16.43588771,42.99021
27041,Douglas County,MN,76508.0,79.3925906846631,24.98435662,112.13619
27043,Faribault County,MN,65264.0,78.5435745465385,24.36387227,50.327130000000004
27045,Fillmore County,MN,69157.0,79.5714674269889,22.57689806,28.207420000000003
27047,Freeborn County,MN,66215.0,78.0815123686366,23.82762576,65.04277
27049,Goodhue County,MN,83979.0,78.6830196828674,21.25949828,81.30420000000001
27051,Grant County,MN,72935.0,76.9849851299034,23.863821469999998,32.50447
27053,Hennepin County,MN,93642.0,79.4666925089961,16.25716108,120.24466
27055,Houston County,MN,77043.0,79.6174746637665,24.20622107,58.57919
27057,Hubbard County,MN,72166.0,80.0746228675882,27.19139707,59.86645
27059,Isanti County,MN,85799.0,78.5143976279274,17.548978740000003,69.2025
27061,Itasca County,MN,65386.0,76.4599301177125,26.10823322,102.06346
27063,Jackson County,MN,72413.0,79.7330762973206,24.20606916,10.01001
27065,Kanabec County,MN,70384.0,77.3591554990008,22.10577039,99.01603
27067,Kandiyohi County,MN,69160.0,79.8271726218043,20.954967699999997,84.53858
27069,Kittson County,MN,72224.0,75.8055492832425,26.453201970000002,
27071,Koochiching County,MN,64009.0,76.9020946379266,28.8911582,33.49803
27073,Lac qui Parle County,MN,67947.0,79.3505229797817,28.17496229,74.80551
27075,Lake County,MN,71573.0,79.6083346588483,28.374021189999997,91.02494
27077,Lake of the Woods County,MN,65778.0,78.9115696634483,27.58073055,26.15747
27079,Le Sueur County,MN,78885.0,79.8458424330658,19.05657153,13.86914
27081,Lincoln County,MN,65021.0,79.8676261651159,24.34341605,53.88898999999999
27083,Lyon County,MN,69161.0,79.0841183246179,18.14606521,83.23094999999999
27087,Mahnomen County,MN,54177.0,68.5213592569753,18.06818182,18.47063
27089,Marshall County,MN,69843.0,81.4320061086355,23.700340519999997,11.12595
27091,Martin County,MN,59843.0,79.1796310194202,24.72401689,80.34145
27085,McLeod County,MN,75691.0,78.9663743228066,20.48932989,73.49938999999999
27093,Meeker County,MN,75351.0,79.7855896570361,21.741166449999998,51.334700000000005
27095,Mille Lacs County,MN,70512.0,73.8876730180835,18.71878076,63.274649999999994
27097,Morrison County,MN,68639.0,78.3072649419589,21.83357664,55.8955
27099,Mower County,MN,66578.0,78.7562715045983,18.652953219999997,42.33279
27101,Murray County,MN,74801.0,82.9175755336227,27.146229350000002,36.83694
27103,Nicollet County,MN,74482.0,80.8627324119996,18.26704048,84.4693
27105,Nobles County,MN,63576.0,79.7788745174418,17.554195240000002,63.662409999999994
27107,Norman County,MN,62716.0,77.5180258465892,21.69379049,
27109,Olmsted County,MN,89431.0,80.9910353389713,17.40399553,231.28319
27111,Otter Tail County,MN,69107.0,78.9320761231846,26.039982849999998,53.29248
27113,Pennington County,MN,73104.0,78.3256727284931,19.950415630000002,79.82583000000001
27115,Pine County,MN,69619.0,76.8556872850016,22.75722754,17.06368
27117,Pipestone County,MN,69117.0,77.3466126025983,21.25473229,53.688390000000005
27119,Polk County,MN,68136.0,76.9026395005482,19.824411419999997,55.27197
27121,Pope County,MN,64480.0,78.0725189721173,25.94736842,114.00509
27123,Ramsey County,MN,77764.0,77.6215998202389,16.375507159999998,110.07681000000001
27125,Red Lake County,MN,70019.0,81.1476503515753,23.44668883,
27127,Redwood County,MN,71012.0,79.1105561037143,22.03689168,45.55512
27129,Renville County,MN,70098.0,77.7527250068298,22.3794257,27.38226
27131,Rice County,MN,81824.0,79.8909680188194,16.876140579999998,86.22997
27133,Rock County,MN,71923.0,78.116640745089,20.8250445,92.97521
27135,Roseau County,MN,74057.0,77.0065434100979,19.97770784,52.431509999999996
27139,Scott County,MN,111370.0,81.083259872973,13.0719961,48.93389
27141,Sherburne County,MN,101487.0,79.3713175908835,12.75658963,37.345819999999996
27143,Sibley County,MN,76019.0,80.3804358780971,19.862105539999998,13.40752
27137,St. Louis County,MN,67311.0,76.8348218208891,21.83338819,123.50514
27145,Stearns County,MN,75116.0,80.018256762033,16.60858383,97.51678
27147,Steele County,MN,78500.0,79.9686344976184,19.46500628,58.90385
27149,Stevens County,MN,74512.0,82.8679891867852,17.824835529999998,61.85567
27151,Swift County,MN,69245.0,79.007058477166,24.2103097,41.029849999999996
27153,Todd County,MN,60951.0,80.8837702950473,23.93345541,83.21115999999999
27155,Traverse County,MN,67634.0,76.3175433402093,26.59438776,
27157,Wabasha County,MN,81349.0,80.8061448048168,24.2032929,79.03668
27159,Wadena County,MN,55449.0,77.1433954226846,20.27947476,49.375750000000004
27161,Waseca County,MN,70833.0,79.3122142345691,19.71445129,26.31579
27163,Washington County,MN,111118.0,81.2818244631214,17.23334385,104.31359
27165,Watonwan County,MN,64868.0,78.962422046145,21.21513045,53.884150000000005
27167,Wilkin County,MN,75073.0,75.6194265146932,20.32984459,31.27443
27169,Winona County,MN,71907.0,80.206353745109,19.39421975,36.268390000000004
27171,Wright County,MN,104303.0,80.0042686258532,14.05689712,39.35241
27173,Yellow Medicine County,MN,69009.0,78.7414764714114,22.21400655,53.12932
29001,Adair County,MO,56954.0,75.8633430559538,15.69540642,174.70717
29003,Andrew County,MO,75926.0,78.483972948784,20.89148784,11.10988
29005,Atchison County,MO,56797.0,73.8743831581606,25.6902291,38.21169
29007,Audrain County,MO,55957.0,73.8742986394694,19.65237353,40.02882
29009,Barry County,MO,53303.0,74.5360590906371,22.21466043,74.90205
29011,Barton County,MO,50185.0,75.3556005252508,21.311056179999998,34.3112
29013,Bates County,MO,56178.0,74.7280576529204,20.10836104,12.4185
29015,Benton County,MO,50946.0,73.7447270412176,31.87524329,25.115530000000003
29017,Bollinger County,MO,53134.0,73.2963173364894,21.6331563,18.94657
29019,Boone County,MO,70153.0,78.2452898846661,14.13679716,118.3814
29021,Buchanan County,MO,60575.0,73.4352497977313,18.03124548,65.59097
29023,Butler County,MO,48059.0,70.1497135127484,19.72442071,95.00962
29025,Caldwell County,MO,62916.0,74.8327654670154,20.20100503,11.23974
29027,Callaway County,MO,64214.0,75.9502280221546,18.49500347,38.08414
29029,Camden County,MO,63903.0,76.8047628238625,30.492235039999997,75.97385
29031,Cape Girardeau County,MO,67445.0,75.811117751674,18.28063241,90.11971
29033,Carroll County,MO,56690.0,74.8545566515186,22.96508164,35.81662
29035,Carter County,MO,43801.0,71.5254884084205,21.00697718,18.79699
29037,Cass County,MO,85283.0,77.0481541934864,18.36626929,24.6265
29039,Cedar County,MO,48789.0,74.7432054202235,23.439203929999998,48.28918
29041,Chariton County,MO,56070.0,75.6392241356364,25.04392485,13.594339999999999
29043,Christian County,MO,79714.0,77.1694523267007,17.213149480000002,41.53051
29045,Clark County,MO,56191.0,77.1877159329121,21.72865532,29.69121
29047,Clay County,MO,84816.0,78.0250969991782,15.697611750000002,59.486999999999995
29049,Clinton County,MO,76875.0,75.5418303666535,19.31501764,61.070139999999995
29051,Cole County,MO,74002.0,77.1323392679834,18.723310639999998,69.94366
29053,Cooper County,MO,70769.0,77.2601573384076,20.003540450000003,23.37131
29055,Crawford County,MO,55253.0,70.7720397128858,21.404991419999998,4.38462
29057,Dade County,MO,53959.0,73.0627441862611,24.44271643,65.79813
29059,Dallas County,MO,63112.0,72.2889918589686,20.874606030000002,5.76668
29061,Daviess County,MO,59385.0,75.8612713100067,22.26640159,11.90618
29063,DeKalb County,MO,63946.0,75.7315619281827,21.3253864,27.031899999999997
29065,Dent County,MO,49324.0,71.1427778927022,22.48241961,27.716189999999997
29067,Douglas County,MO,43336.0,73.0036320491278,24.31305201,17.04739
29069,Dunklin County,MO,45570.0,68.8858873426096,19.1809707,25.25526
29071,Franklin County,MO,70389.0,74.888642032544,19.693808500000003,59.86829
29073,Gasconade County,MO,62203.0,72.2773275949892,24.1550493,47.32608
29075,Gentry County,MO,54610.0,74.5352978573376,18.65754732,32.39916
29077,Greene County,MO,59740.0,75.0438306827595,17.43436711,93.39737
29079,Grundy County,MO,48491.0,74.0955432396058,22.41467142,20.57613
29081,Harrison County,MO,50489.0,77.1345244986908,23.02919708,24.4978
29083,Henry County,MO,55216.0,74.2971796082374,22.730709360000002,76.55589
29085,Hickory County,MO,48213.0,73.0970542057916,32.094517090000004,11.618450000000001
29087,Holt County,MO,61260.0,78.2275856615482,25.40018832,
29089,Howard County,MO,57674.0,76.1439232939581,20.5029205,39.3391
29091,Howell County,MO,48727.0,72.5950448387632,20.05891739,87.55472
29093,Iron County,MO,48241.0,69.4340140990034,22.108050849999998,10.62925
29095,Jackson County,MO,66102.0,74.7552356415549,16.32821198,84.3956
29097,Jasper County,MO,55152.0,73.8233357703586,16.57177584,82.01047
29099,Jefferson County,MO,81517.0,74.9810771650708,17.25641137,25.464170000000003
29101,Johnson County,MO,68326.0,75.5314242612776,13.45656999,35.08772
29103,Knox County,MO,50083.0,75.7055341257293,22.15954875,
29105,Laclede County,MO,52211.0,72.2628749644213,18.217012,55.35106
29107,Lafayette County,MO,67178.0,74.9141392058564,19.58368478,24.37761
29109,Lawrence County,MO,58128.0,73.5995126884821,17.95379708,39.14303
29111,Lewis County,MO,57912.0,75.3859790386645,19.67814219,20.0
29113,Lincoln County,MO,79954.0,75.7232565848133,15.03578108,4.87124
29115,Linn County,MO,53836.0,74.9847750343963,21.677550670000002,33.77523
29117,Livingston County,MO,59389.0,76.1122138155345,20.306381809999998,74.551
29121,Macon County,MO,58887.0,75.9441082303785,22.584262250000002,39.51788
29123,Madison County,MO,52339.0,72.2596602409381,19.76689242,31.61555
29125,Maries County,MO,58983.0,74.3109791120685,21.98102017,
29127,Marion County,MO,60780.0,73.866151018488,19.3393563,101.69015999999999
29119,McDonald County,MO,54452.0,72.2061914004265,16.62552818,8.55322
29129,Mercer County,MO,55282.0,75.7552126566236,23.5802825,28.669719999999998
29131,Miller County,MO,55031.0,74.8763080196199,20.22274326,32.11691
29133,Mississippi County,MO,48342.0,70.0208865234236,18.99001861,15.95151
29135,Moniteau County,MO,63971.0,74.77057258498,16.963817510000002,6.45828
29137,Monroe County,MO,54624.0,76.0724969591521,25.07472982,34.43526
29139,Montgomery County,MO,57686.0,73.7483393708,20.88314862,17.52081
29141,Morgan County,MO,52072.0,73.8278938811191,23.8871188,28.06492
29143,New Madrid County,MO,53843.0,68.9880046565453,20.20876556,6.23636
29145,Newton County,MO,63292.0,74.3135049612034,19.36318539,11.787289999999999
29147,Nodaway County,MO,55749.0,80.220392625155,18.424740279999998,37.80718
29149,Oregon County,MO,41462.0,71.1098384046974,22.87844037,
29151,Osage County,MO,73660.0,77.9125166491424,18.525393530000002,22.423199999999998
29153,Ozark County,MO,45234.0,74.1166820475748,29.152731329999998,11.38693
29155,Pemiscot County,MO,42080.0,65.5854630339252,18.56566071,39.380410000000005
29157,Perry County,MO,64302.0,76.4017991777528,20.61741425,36.99398
29159,Pettis County,MO,55021.0,74.667812099621,17.94624397,55.57099
29161,Phelps County,MO,53151.0,73.1456988632187,17.67511704,82.33749
29163,Pike County,MO,59147.0,75.5347047694438,19.436855310000002,16.89094
29165,Platte County,MO,96353.0,79.1287022953998,16.5606575,81.05444
29167,Polk County,MO,56628.0,74.5864157151118,18.74923734,81.14097000000001
29169,Pulaski County,MO,71856.0,73.729049851377,9.94387869,27.87275
29171,Putnam County,MO,51967.0,73.3616926664418,23.54463131,63.66723
29173,Ralls County,MO,68550.0,75.4663183886536,23.72962151,9.65158
29175,Randolph County,MO,59692.0,73.6682179789443,17.744410799999997,28.271410000000003
29177,Ray County,MO,70993.0,73.0967759529491,19.76533517,21.73157
29179,Reynolds County,MO,43674.0,73.9747677824054,24.01680672,32.85691
29181,Ripley County,MO,43485.0,68.4382418966662,19.81306681,9.41886
29195,Saline County,MO,53943.0,74.8021509523938,18.23072584,51.52647
29197,Schuyler County,MO,52078.0,73.7424957398978,18.9735998,24.844720000000002
29199,Scotland County,MO,57063.0,76.515869934614,19.35414885,170.46665000000002
29201,Scott County,MO,60088.0,72.5965181430784,19.08997334,50.21142
29203,Shannon County,MO,44439.0,71.6645646044156,23.36280741,14.07261
29205,Shelby County,MO,56121.0,75.6964703741384,22.34024616,16.7336
29183,St. Charles County,MO,98765.0,79.0826502354282,17.610324029999997,46.83144
29185,St. Clair County,MO,50578.0,74.9797497284242,25.70754717,42.662119999999994
29187,St. Francois County,MO,55578.0,71.8635352516396,17.50126756,66.6262
29189,St. Louis County,MO,81631.0,76.3458933307775,19.668935700000002,121.44161999999999
29510,St. Louis city,MO,55231.0,71.5212901999147,16.249636210000002,96.82588
29186,Ste. Genevieve County,MO,71557.0,76.5084256515267,21.73586525,43.03852
29207,Stoddard County,MO,51741.0,73.4942507397888,20.96700356,49.159029999999994
29209,Stone County,MO,62394.0,76.0420864813033,32.33204728,25.35818
29211,Sullivan County,MO,51492.0,74.7120131824535,21.32137312,33.70408
29213,Taney County,MO,54514.0,74.9289632390938,22.92910612,79.80563
29215,Texas County,MO,47273.0,72.5918748804704,21.17178656,40.020810000000004
29217,Vernon County,MO,53602.0,72.5651241744701,20.71029934,25.516710000000003
29219,Warren County,MO,77075.0,75.5914417491096,18.99433952,21.907
29221,Washington County,MO,49510.0,69.6678412169677,18.40316138,29.7847
29223,Wayne County,MO,41315.0,71.2413387896661,24.96531311,45.81272
29225,Webster County,MO,69841.0,74.7441016482061,15.60570988,37.75009
29227,Worth County,MO,50765.0,75.1285852022797,26.953329840000002,50.428639999999994
29229,Wright County,MO,47612.0,72.8893193406352,19.770138640000003,16.12037
28001,Adams County,MS,44385.0,71.0413326011187,22.50052181,76.54304
28003,Alcorn County,MS,48556.0,72.1483609515379,19.61330013,43.66939
28005,Amite County,MS,46108.0,72.1213495851412,27.10175213,15.82654
28007,Attala County,MS,52128.0,70.9699392717681,20.01267354,50.72709
28009,Benton County,MS,47969.0,70.7221059411032,20.54315676,13.078729999999998
28011,Bolivar County,MS,39920.0,66.9856413254936,17.74026512,49.491879999999995
28013,Calhoun County,MS,46966.0,70.5327838923793,21.19038234,15.363339999999999
28015,Carroll County,MS,55290.0,71.9549969417379,25.988463560000003,20.24496
28017,Chickasaw County,MS,44599.0,71.0117599529497,19.050160090000002,58.78549
28019,Choctaw County,MS,50545.0,73.7969089347842,23.80069238,12.336540000000001
28021,Claiborne County,MS,28579.0,68.6445728003988,18.57955205,44.90346
28023,Clarke County,MS,47811.0,71.5548429379067,22.5439979,19.45399
28025,Clay County,MS,52673.0,72.4540177765793,20.32297045,37.76639
28027,Coahoma County,MS,35552.0,65.2881469709813,17.0991682,43.24844
28029,Copiah County,MS,47870.0,70.7042496189727,19.91758242,25.00447
28031,Covington County,MS,48382.0,68.9102130851778,17.60894845,43.76607
28033,DeSoto County,MS,81956.0,73.8548338630854,13.86981428,25.97637
28035,Forrest County,MS,51328.0,71.4278800472929,14.135382569999999,87.31942
28037,Franklin County,MS,48075.0,71.5326192588818,21.695137980000002,13.02762
28039,George County,MS,63349.0,70.4257064492583,14.76638432,44.42291
28041,Greene County,MS,54057.0,74.7407469818464,16.50613925,7.336760000000001
28043,Grenada County,MS,49210.0,69.2428174900519,19.15024923,37.44442
28045,Hancock County,MS,61126.0,74.2896457360498,23.23923829,43.426339999999996
28047,Harrison County,MS,56692.0,72.9638078220649,17.23738438,55.87499
28049,Hinds County,MS,50965.0,70.805680637487,16.93535626,89.36631
28051,Holmes County,MS,30542.0,65.7484266236954,17.10718134,54.558679999999995
28053,Humphreys County,MS,31538.0,66.5677045575364,19.720066520000003,52.97312
28055,Issaquena County,MS,36986.0,,16.16242038,0.0
28057,Itawamba County,MS,56977.0,72.9142738411186,17.65658075,16.77993
28059,Jackson County,MS,66751.0,73.5211799209085,17.778658229999998,45.83747
28061,Jasper County,MS,46577.0,69.567163770828,21.7635671,18.41508
28063,Jefferson County,MS,37617.0,71.850839437449,20.31407578,27.7585
28065,Jefferson Davis County,MS,39794.0,70.9494634370383,25.116236669999996,26.944490000000002
28067,Jones County,MS,50310.0,71.5019447141604,18.47849057,49.44265
28069,Kemper County,MS,42461.0,75.6961889200163,23.05452004,11.32631
28071,Lafayette County,MS,72838.0,75.9725578726095,14.214856240000001,70.31854
28073,Lamar County,MS,63079.0,77.235803657865,15.88866907,123.94228000000001
28075,Lauderdale County,MS,51437.0,71.2619343174924,19.277723429999998,101.26512
28077,Lawrence County,MS,49431.0,70.329557876795,19.67464441,16.931929999999998
28079,Leake County,MS,47849.0,71.2298015594382,18.538903,23.58936
28081,Lee County,MS,64744.0,72.140175758165,15.87458786,118.23896
28083,Leflore County,MS,33945.0,65.6243988693708,15.9185685,79.83452
28085,Lincoln County,MS,52040.0,71.6839513488366,18.29289378,40.06525
28087,Lowndes County,MS,53883.0,72.5126693109362,17.92678456,48.151329999999994
28089,Madison County,MS,82057.0,75.5209403511438,15.97888206,129.31074
28091,Marion County,MS,47020.0,68.8857613150243,19.21235139,36.91853
28093,Marshall County,MS,52334.0,69.7218715074831,19.333001199999998,14.8258
28095,Monroe County,MS,50639.0,71.8241001665102,20.756345030000002,50.172650000000004
28097,Montgomery County,MS,46424.0,68.828597918769,22.70833333,51.392739999999996
28099,Neshoba County,MS,49446.0,66.4724219320707,16.59661676,55.18573
28101,Newton County,MS,49338.0,69.8935208381589,17.58409058,14.24772
28103,Noxubee County,MS,37567.0,71.3342472971612,18.831954810000003,9.878490000000001
28105,Oktibbeha County,MS,47584.0,75.203746898974,12.684803619999999,40.5077
28107,Panola County,MS,46097.0,70.4778846510305,18.21298479,21.30833
28109,Pearl River County,MS,54266.0,70.6721867825667,19.902376760000003,24.777449999999998
28111,Perry County,MS,46201.0,70.3996364227162,19.88510826,8.642299999999999
28113,Pike County,MS,41815.0,69.6920844778639,18.09666447,37.52533
28115,Pontotoc County,MS,51490.0,72.7428621091919,15.61756778,19.08093
28117,Prentiss County,MS,50292.0,71.9787341900785,17.73224587,32.00512
28119,Quitman County,MS,35150.0,66.9100499819069,18.55391273,
28121,Rankin County,MS,70794.0,76.9095142731096,17.18147079,56.29491
28123,Scott County,MS,48112.0,70.7337496730775,16.17770022,18.11725
28125,Sharkey County,MS,37098.0,66.6931066435787,21.91247002,27.300030000000003
28127,Simpson County,MS,53352.0,70.5995997562084,19.74334046,31.06796
28129,Smith County,MS,53814.0,72.7794168472792,21.675296120000002,7.0467200000000005
28131,Stone County,MS,56686.0,71.5135516511684,17.87694604,32.181940000000004
28133,Sunflower County,MS,43980.0,67.2235160404065,15.32614026,35.43028
28135,Tallahatchie County,MS,42319.0,71.044355818902,17.94373574,8.08669
28137,Tate County,MS,62784.0,70.8416315498388,17.04115212,24.792800000000003
28139,Tippah County,MS,53452.0,71.5440185830117,17.79489829,9.24428
28141,Tishomingo County,MS,47264.0,69.6703830146458,21.186578049999998,26.66667
28143,Tunica County,MS,39659.0,66.5596306558923,14.03508772,10.31353
28145,Union County,MS,55304.0,73.3782131525354,16.80101824,35.77434
28147,Walthall County,MS,48909.0,70.2193821120499,21.04162158,50.592659999999995
28149,Warren County,MS,55783.0,70.9266726327213,19.30587735,66.54581
28151,Washington County,MS,39081.0,66.9021609638044,18.68592953,41.20219
28153,Wayne County,MS,45573.0,70.9431672110009,18.63675582,30.442940000000004
28155,Webster County,MS,54929.0,68.9746389815755,18.3319984,40.06812
28157,Wilkinson County,MS,36240.0,68.6337091782747,20.40208488,36.07937
28159,Winston County,MS,48990.0,72.3173638589238,21.82475884,28.415549999999996
28161,Yalobusha County,MS,50790.0,69.6763182964294,22.55772647,8.05477
28163,Yazoo County,MS,42434.0,70.3315177177105,15.041091640000001,22.75054
30001,Beaverhead County,MT,63084.0,79.089602062744,24.20839656,146.99705999999998
30003,Big Horn County,MT,51259.0,64.6039037738741,14.500823460000001,54.024849999999994
30005,Blaine County,MT,56865.0,69.9546916929619,17.45180461,57.30659
30007,Broadwater County,MT,72933.0,80.2453072810019,23.5059761,13.72119
30009,Carbon County,MT,72463.0,80.3832218570118,28.653997720000003,64.53397
30011,Carter County,MT,55704.0,,29.76022567,0.0
30013,Cascade County,MT,65018.0,75.5037623167385,20.13898704,74.54651
30015,Chouteau County,MT,61903.0,75.9346783124993,24.08072516,
30017,Custer County,MT,58850.0,76.1887656178939,21.02628285,67.13662000000001
30019,Daniels County,MT,56695.0,,27.49540723,0.0
30021,Dawson County,MT,60663.0,75.257529083878,21.45289444,44.923629999999996
30023,Deer Lodge County,MT,56648.0,75.1590202119662,27.189083009999997,84.29038
30025,Fallon County,MT,66776.0,76.7814330283199,20.40748163,99.43653
30027,Fergus County,MT,63717.0,76.671658107949,25.22086306,86.08074
30029,Flathead County,MT,74150.0,77.3995830085904,21.25634462,92.20499
30031,Gallatin County,MT,90942.0,81.9595169560494,13.94995609,78.23132000000001
30033,Garfield County,MT,53069.0,,25.350949630000002,0.0
30035,Glacier County,MT,51416.0,66.8965375934433,13.6894702,79.79688
30037,Golden Valley County,MT,47927.0,,34.73053892,120.33694000000001
30039,Granite County,MT,65695.0,79.9465279127044,30.7093185,29.904310000000002
30041,Hill County,MT,51435.0,72.9433150831975,16.64413861,67.98937000000001
30043,Jefferson County,MT,85163.0,76.3031429649666,23.73543838,64.15397
30045,Judith Basin County,MT,57166.0,82.0027740024514,28.23698041,
30047,Lake County,MT,60882.0,75.7570867334318,24.5635611,74.92274
30049,Lewis and Clark County,MT,76816.0,78.3197610720798,20.743624269999998,94.15283
30051,Liberty County,MT,60846.0,84.6789076384376,25.02532928,51.38746
30053,Lincoln County,MT,51941.0,76.2853701078115,30.554921210000003,73.08161000000001
30057,Madison County,MT,73316.0,80.2876579542097,30.4799916,56.07267
30055,McCone County,MT,56696.0,83.4741121611325,28.81861575,0.0
30059,Meagher County,MT,55193.0,80.7617178972815,33.172380489999995,101.83299
30061,Mineral County,MT,58832.0,77.369157078415,29.056974460000003,41.15226
30063,Missoula County,MT,72882.0,78.5697558872847,17.55451419,115.44929
30065,Musselshell County,MT,55991.0,76.145663336002,26.959306709999996,20.42484
30067,Park County,MT,63958.0,78.0878544231342,24.90085461,108.7392
30069,Petroleum County,MT,50164.0,,29.60288809,0.0
30071,Phillips County,MT,53212.0,74.9918940913104,23.840903739999998,23.85496
30073,Pondera County,MT,47659.0,76.6377450177585,22.644897959999998,50.050050000000006
30075,Powder River County,MT,56746.0,77.4540004143592,30.808950089999996,0.0
30077,Powell County,MT,61354.0,75.8272360069093,21.631851960000002,71.43878
30079,Prairie County,MT,52555.0,,38.48920863,0.0
30081,Ravalli County,MT,70624.0,78.8779570352492,27.52524195,60.92387
30083,Richland County,MT,74540.0,76.1927459818896,17.622840779999997,26.588669999999997
30085,Roosevelt County,MT,51596.0,60.4345403662061,12.48182963,64.68903
30087,Rosebud County,MT,60218.0,65.9008727683988,17.62254902,49.23683
30089,Sanders County,MT,54599.0,75.010324453548,32.65857936,77.16645
30091,Sheridan County,MT,58094.0,76.5694566946106,25.6432247,28.35271
30093,Silver Bow County,MT,58406.0,74.1129696967552,19.51870187,79.07147
30095,Stillwater County,MT,81392.0,77.481282524176,25.73858062,33.17116
30097,Sweet Grass County,MT,70052.0,80.3089837590276,28.700504919999997,80.58018
30099,Teton County,MT,71393.0,77.7320343145678,22.90824261,31.903010000000002
30101,Toole County,MT,52399.0,74.315788534072,17.31930645,59.86829
30103,Treasure County,MT,61560.0,,31.60621762,0.0
30105,Valley County,MT,63507.0,76.4360476725775,25.50173936,92.87514999999999
30107,Wheatland County,MT,47545.0,75.267773945053,25.03646087,
30109,Wibaux County,MT,56108.0,,24.83516484,0.0
30111,Yellowstone County,MT,70221.0,75.9096243861747,18.61065423,107.69028
37001,Alamance County,NC,66395.0,75.3980437477304,17.44760416,38.53299
37003,Alexander County,NC,62976.0,74.1102192679595,20.71121103,19.10272
37005,Alleghany County,NC,46571.0,77.2603223295683,29.10421442,99.55651999999999
37007,Anson County,NC,50503.0,70.3896524303556,20.176279859999998,45.33092
37009,Ashe County,NC,54589.0,75.7002011213,28.01241548,48.66909
37011,Avery County,NC,55922.0,75.8821089895121,24.1899664,22.3914
37013,Beaufort County,NC,55960.0,73.7327099783372,26.24491356,51.722590000000004
37015,Bertie County,NC,44371.0,71.9516566949288,26.190757590000004,28.56327
37017,Bladen County,NC,49661.0,70.3373601049806,24.1283408,23.70872
37019,Brunswick County,NC,76797.0,77.0582105359953,34.38336126,43.684779999999996
37021,Buncombe County,NC,71218.0,77.403702065264,21.8466044,140.6822
37023,Burke County,NC,55616.0,74.1699017219303,22.073173490000002,62.77751000000001
37025,Cabarrus County,NC,85540.0,77.1895731477696,13.89074062,79.12555
37027,Caldwell County,NC,56239.0,72.3588518422252,21.55161715,49.71229
37029,Camden County,NC,84656.0,75.9296499419325,17.455329080000002,18.4587
37031,Carteret County,NC,76397.0,75.6102989205435,27.86612081,61.27719
37033,Caswell County,NC,57865.0,74.412573946576,23.48401806,22.01286
37035,Catawba County,NC,65898.0,73.919751616182,19.06465426,63.68915
37037,Chatham County,NC,95716.0,79.9326545183674,25.94089974,93.72312000000001
37039,Cherokee County,NC,53926.0,74.2489468332425,32.14059214,41.14239
37041,Chowan County,NC,60808.0,74.4407060240821,26.628752430000002,72.87567
37043,Clay County,NC,53229.0,76.8288526816422,34.13688469,44.21257
37045,Cleveland County,NC,61411.0,72.023505359664,19.31484148,43.84261
37047,Columbus County,NC,50837.0,69.7399906612662,21.1947088,39.92654
37049,Craven County,NC,61761.0,73.5836466724792,21.63373734,74.49788000000001
37051,Cumberland County,NC,61511.0,72.8513370415863,13.27473438,70.63915
37053,Currituck County,NC,86047.0,77.1447557385391,18.111607,26.978720000000003
37055,Dare County,NC,79646.0,78.1706518165574,25.50511677,58.16105
37057,Davidson County,NC,63551.0,73.3196378804178,19.386284070000002,28.12989
37059,Davie County,NC,76153.0,76.3509439872909,22.619341239999997,41.34794
37061,Duplin County,NC,52947.0,73.7519025328578,20.189822290000002,22.6734
37063,Durham County,NC,81413.0,79.186138445143,15.054379449999999,119.58568
37065,Edgecombe County,NC,49972.0,70.4825506837906,21.54120249,39.289480000000005
37067,Forsyth County,NC,65556.0,75.8484268568934,17.39153672,113.87128999999999
37069,Franklin County,NC,70898.0,76.3162280234244,17.664705650000002,12.55178
37071,Gaston County,NC,67076.0,72.9837676062073,16.76515963,52.413630000000005
37073,Gates County,NC,64047.0,74.5702630488911,23.37813014,
37075,Graham County,NC,51841.0,74.5154061915213,25.409836070000004,37.29952
37077,Granville County,NC,72896.0,75.5794862215419,18.37535374,51.62456
37079,Greene County,NC,52145.0,74.8654281938039,17.890891380000003,14.693639999999998
37081,Guilford County,NC,65890.0,76.2461244744692,16.29942568,80.75072
37083,Halifax County,NC,48520.0,70.4149801283745,22.4068671,47.64667
37085,Harnett County,NC,70074.0,74.5503704049052,14.03903108,27.212690000000002
37087,Haywood County,NC,64553.0,74.5606850992779,26.076323270000003,68.82642999999999
37089,Henderson County,NC,63765.0,77.3601733627379,27.07540049,87.30709
37091,Hertford County,NC,48964.0,72.2177264407506,23.05556983,61.09597
37093,Hoke County,NC,60257.0,72.7225189805924,12.151489549999999,20.71017
37095,Hyde County,NC,49781.0,77.8542810820899,25.786846099999998,22.18279
37097,Iredell County,NC,84335.0,76.5533022423952,17.06224025,67.71961999999999
37099,Jackson County,NC,55462.0,76.326940899071,20.58150491,71.41212
37101,Johnston County,NC,79666.0,76.4531186232319,14.02533529,26.93109
37103,Jones County,NC,53001.0,72.3671487137271,24.56121689,64.82982
37105,Lee County,NC,62680.0,73.7489463107331,17.34890171,51.45156
37107,Lenoir County,NC,51601.0,70.9064739930059,21.67957009,56.66654
37109,Lincoln County,NC,79109.0,76.1656904891589,19.77946172,43.49281
37113,Macon County,NC,58765.0,75.3552032020438,29.15755493,55.90459
37115,Madison County,NC,59505.0,74.7136522532803,23.496896380000003,55.80875999999999
37117,Martin County,NC,49033.0,71.1374159520241,26.222781740000002,41.371700000000004
37111,McDowell County,NC,53697.0,74.290031176334,21.97224512,33.544290000000004
37119,Mecklenburg County,NC,84796.0,78.8150174329885,12.3476735,92.75793
37121,Mitchell County,NC,56746.0,74.05998316323,25.568371220000003,46.78206
37123,Montgomery County,NC,55005.0,72.2719101455838,22.74870615,27.13389
37125,Moore County,NC,78955.0,76.9520041716713,24.17164026,110.93487
37127,Nash County,NC,65457.0,73.5367593143972,19.815434330000002,50.432880000000004
37129,New Hanover County,NC,79106.0,77.6105649815504,19.62303016,92.1325
37131,Northampton County,NC,44182.0,71.9992715716324,30.487586,11.6761
37133,Onslow County,NC,66982.0,74.122873459184,10.51451731,31.043850000000003
37135,Orange County,NC,86736.0,81.5791226408311,16.74876847,182.02089999999998
37137,Pamlico County,NC,61996.0,73.7542287364922,32.190292199999995,32.40441
37139,Pasquotank County,NC,59463.0,73.7951259545625,19.0256732,56.34355
37141,Pender County,NC,72161.0,75.668466855786,18.236744939999998,33.431509999999996
37143,Perquimans County,NC,61157.0,73.6772037972083,28.71346341,15.232289999999999
37145,Person County,NC,64466.0,74.8486711782099,21.49633843,35.78092
37147,Pitt County,NC,60268.0,74.9405969029441,15.074320890000001,113.84163000000001
37149,Polk County,NC,59012.0,76.5257092737322,32.88135593,76.31258
37151,Randolph County,NC,59336.0,72.9238873343045,18.70024007,42.70796
37153,Richmond County,NC,50242.0,68.7475663825667,18.54267083,21.065440000000002
37155,Robeson County,NC,42180.0,67.946062541677,16.19477698,50.71865999999999
37157,Rockingham County,NC,58508.0,71.9435291258512,21.75036209,30.679550000000003
37159,Rowan County,NC,65139.0,72.664422403432,18.06265289,34.424569999999996
37161,Rutherford County,NC,50714.0,71.8684722512623,22.591478770000002,44.90137
37163,Sampson County,NC,53637.0,72.7325893494166,18.390631029999998,42.38006
37165,Scotland County,NC,45604.0,69.4854708422119,18.49837096,58.433400000000006
37167,Stanly County,NC,65784.0,74.0883319012355,19.17076363,37.83997
37169,Stokes County,NC,61374.0,73.6629578629058,23.30009664,26.934209999999997
37171,Surry County,NC,58211.0,73.6717896966242,21.351207629999998,56.21767
37173,Swain County,NC,54357.0,67.3307243962657,20.08479448,63.66723
37175,Transylvania County,NC,62002.0,79.0891149759213,32.18277743,66.33499
37177,Tyrrell County,NC,46072.0,76.0445153207401,24.79052297,
37179,Union County,NC,98776.0,78.4583574369046,13.82948856,68.5415
37181,Vance County,NC,45408.0,70.0642588359881,19.82931846,37.92817
37183,Wake County,NC,103084.0,80.9901797390581,13.389006740000001,86.41945000000001
37185,Warren County,NC,47866.0,72.9972022667846,27.776598000000003,5.3299199999999995
37187,Washington County,NC,47239.0,71.1734334462151,28.824792310000003,45.90525
37189,Watauga County,NC,62045.0,79.3808882486311,17.635347409999998,79.28606
37191,Wayne County,NC,56313.0,73.2377304559087,17.55809447,51.35447
37193,Wilkes County,NC,50848.0,73.6600164187267,23.454471090000002,37.99046
37195,Wilson County,NC,52620.0,72.643295824518,19.38584273,39.55646
37197,Yadkin County,NC,61626.0,73.5861932130598,21.34272251,24.19875
37199,Yancey County,NC,54913.0,75.9861025902363,26.5814764,58.64477000000001
38001,Adams County,ND,58192.0,77.0910195857139,30.559408230000003,507.61421
38003,Barnes County,ND,70559.0,77.1832630561694,23.72739139,92.54118
38005,Benson County,ND,60632.0,60.1269105288383,16.588337680000002,17.214669999999998
38007,Billings County,ND,82565.0,,25.2417795,0.0
38009,Bottineau County,ND,74272.0,80.2955627046661,25.86234053,46.94836
38011,Bowman County,ND,68434.0,79.0050169062335,25.776072550000002,34.44712
38013,Burke County,ND,79188.0,81.3693971461812,23.14901593,
38015,Burleigh County,ND,86521.0,79.4237173047554,18.503779549999997,112.19713999999999
38017,Cass County,ND,75477.0,79.0790116796095,13.17617462,98.62673
38019,Cavalier County,ND,80749.0,80.6135352862834,27.836484979999998,27.307479999999998
38021,Dickey County,ND,72643.0,76.8642438368327,20.489795920000002,81.68266
38023,Divide County,ND,75310.0,81.7523769844411,25.48009368,
38025,Dunn County,ND,87618.0,77.2316290671298,19.55710376,
38027,Eddy County,ND,66603.0,74.4019715236826,22.182942999999998,
38029,Emmons County,ND,65012.0,76.982174600017,29.218362279999997,
38031,Foster County,ND,71345.0,77.1807258030315,24.8413418,29.72652
38033,Golden Valley County,ND,59464.0,85.2600181339323,29.661503160000002,0.0
38035,Grand Forks County,ND,72369.0,78.6344416179249,14.81267536,122.41248999999999
38037,Grant County,ND,51827.0,76.5915231672694,30.699774270000002,
38039,Griggs County,ND,71071.0,81.6439030914781,32.072953739999996,43.84042
38041,Hettinger County,ND,64506.0,77.937689573593,23.47826087,
38043,Kidder County,ND,60473.0,79.3927537859218,28.223740390000003,
38045,LaMoure County,ND,69797.0,82.4719507380816,28.17382813,
38047,Logan County,ND,61043.0,80.4949411277629,26.53825575,0.0
38049,McHenry County,ND,68973.0,76.1439588867255,22.45176379,
38051,McIntosh County,ND,60218.0,76.0056103502131,30.18488746,79.58615
38053,McKenzie County,ND,99157.0,74.3087158675776,10.49677238,14.47283
38055,McLean County,ND,78277.0,76.8393155894686,27.32912937,30.624740000000003
38057,Mercer County,ND,85274.0,79.2643384841893,23.26393068,84.10429
38059,Morton County,ND,80159.0,77.2799841674653,17.76073167,38.67781
38061,Mountrail County,ND,73541.0,68.6603151021199,14.07865288,52.21387
38063,Nelson County,ND,69274.0,78.3564699986461,28.18455366,
38065,Oliver County,ND,81382.0,92.2032674722123,26.1841405,0.0
38067,Pembina County,ND,75603.0,77.6585233469945,26.54256118,29.55519
38069,Pierce County,ND,61222.0,77.415686702348,24.78216299,25.29724
38071,Ramsey County,ND,70084.0,75.0528753505103,21.89653668,95.05703
38073,Ransom County,ND,78270.0,78.0926191843378,22.577190790000003,35.24229
38075,Renville County,ND,74336.0,75.8134614528022,21.017990349999998,
38077,Richland County,ND,76371.0,81.1512944623634,20.99891291,48.30918
38079,Rolette County,ND,56952.0,65.2181814058441,13.3526603,49.800799999999995
38081,Sargent County,ND,79053.0,77.5526329951489,23.64936441,
38083,Sheridan County,ND,62251.0,,36.097946289999996,0.0
38085,Sioux County,ND,46931.0,59.6042697053779,9.58001647,
38087,Slope County,ND,56665.0,,32.640949549999995,0.0
38089,Stark County,ND,82174.0,78.4398136583486,14.38441259,60.5217
38091,Steele County,ND,87300.0,80.8560625817493,25.75757576,0.0
38093,Stutsman County,ND,69088.0,78.2382456152111,21.11069559,78.79125
38095,Towner County,ND,76241.0,78.6043142849662,27.78325123,
38097,Traill County,ND,82020.0,78.2800782436152,21.13050076,37.48594
38099,Walsh County,ND,80235.0,78.6384356946025,22.86268802,38.20804
38101,Ward County,ND,71754.0,77.5085363898437,14.932974299999998,78.18042000000001
38103,Wells County,ND,74681.0,80.0263711691315,28.766769869999997,128.04097
38105,Williams County,ND,92537.0,77.9109337919764,10.730447680000001,44.1742
31001,Adams County,NE,66695.0,76.7808003192622,19.85824784,90.24398000000001
31003,Antelope County,NE,65907.0,79.7780510845436,24.9285941,31.85221
31005,Arthur County,NE,54974.0,,23.30097087,0.0
31007,Banner County,NE,67307.0,,27.893175069999998,0.0
31009,Blaine County,NE,52512.0,,23.16513761,0.0
31011,Boone County,NE,66345.0,79.3714336910037,24.93408663,148.53323
31013,Box Butte County,NE,66613.0,75.9979749285128,22.381219599999998,47.15202
31015,Boyd County,NE,49077.0,75.3929118131853,31.942028989999997,55.897149999999996
31017,Brown County,NE,58896.0,75.6072650411899,25.69225377,103.16368999999999
31019,Buffalo County,NE,76686.0,79.8620931425987,16.89054579,87.40738
31021,Burt County,NE,67113.0,75.3824781859494,25.25642931,29.810699999999997
31023,Butler County,NE,74710.0,79.0751157540243,20.67620286,71.05637
31025,Cass County,NE,83291.0,78.0617050892542,19.16126211,29.61099
31027,Cedar County,NE,69895.0,80.2028459085004,23.22682159,12.0048
31029,Chase County,NE,67334.0,77.4436939375653,23.684210529999998,26.13696
31031,Cherry County,NE,55132.0,77.1546467318628,22.99708667,73.28692
31033,Cheyenne County,NE,60177.0,75.1710114748606,23.0164553,52.4714
31035,Clay County,NE,67568.0,78.1119440238854,20.8469588,32.90556
31037,Colfax County,NE,70792.0,82.0266276730388,14.42362294,
31039,Cuming County,NE,65814.0,79.1220134281807,22.24714061,44.5236
31041,Custer County,NE,65151.0,77.9254252268414,22.994045930000002,57.36138
31043,Dakota County,NE,70126.0,76.5293283804028,14.1104006,14.12363
31045,Dawes County,NE,54925.0,75.9129218731005,20.902496,73.6377
31047,Dawson County,NE,67619.0,77.384415025832,16.82374922,54.397859999999994
31049,Deuel County,NE,58676.0,79.9401698978891,28.16675575,0.0
31051,Dixon County,NE,67521.0,78.9084221037804,23.20160262,18.03427
31053,Dodge County,NE,66833.0,76.1809036780783,19.11151747,48.5136
31055,Douglas County,NE,77747.0,77.7265679744471,14.558299690000002,108.71646
31057,Dundy County,NE,55818.0,,30.30108905,122.32415999999999
31059,Fillmore County,NE,69021.0,79.1238374913225,24.15284787,36.06203
31061,Franklin County,NE,58346.0,73.1117663844548,27.752212389999997,68.89425
31063,Frontier County,NE,62676.0,79.5957901489903,26.42166344,
31065,Furnas County,NE,59530.0,76.9890387649316,26.27304653,108.60122
31067,Gage County,NE,66947.0,76.3461563953329,22.54321901,74.01925
31069,Garden County,NE,44135.0,76.630511600077,29.71014493,0.0
31071,Garfield County,NE,51135.0,77.0708540171284,30.06239365,54.377379999999995
31073,Gosper County,NE,73056.0,75.7725334421349,24.47211695,54.824560000000005
31075,Grant County,NE,63607.0,,24.95575221,0.0
31077,Greeley County,NE,60686.0,81.2233874298546,24.92113565,
31079,Hall County,NE,69725.0,77.2484366147514,15.97343923,58.08419
31081,Hamilton County,NE,84805.0,78.9309152129294,21.01289714,106.54166000000001
31083,Harlan County,NE,63159.0,76.8420557157798,26.863711000000002,64.70398
31085,Hayes County,NE,59966.0,,28.605200949999997,0.0
31087,Hitchcock County,NE,55551.0,75.5687061750187,26.17554859,38.669760000000004
31089,Holt County,NE,65815.0,78.9208120424819,23.729317350000002,89.56115
31091,Hooker County,NE,53010.0,,29.16053019,272.47956
31093,Howard County,NE,68795.0,79.6597565754776,22.76696798,76.55795
31095,Jefferson County,NE,63707.0,76.5977140685158,25.29061525,55.74136
31097,Johnson County,NE,64134.0,77.8620278660806,18.91111966,18.81114
31099,Kearney County,NE,77458.0,79.6030639692614,21.01920236,29.96704
31101,Keith County,NE,57160.0,77.129451535292,27.634660420000003,72.47252
31103,Keya Paha County,NE,52077.0,,32.67080745,0.0
31105,Kimball County,NE,59686.0,76.0384401823214,27.88081484,
31107,Knox County,NE,60057.0,77.4955605488005,25.75319354,47.61338
31109,Lancaster County,NE,71171.0,79.0891575657281,15.780984100000001,69.33445
31111,Lincoln County,NE,63632.0,75.1690477240855,21.69039413,52.73488999999999
31113,Logan County,NE,66333.0,,27.633587790000004,0.0
31115,Loup County,NE,61608.0,,31.58783784,0.0
31119,Madison County,NE,68218.0,78.2865501535931,18.16038398,62.25769
31117,McPherson County,NE,55174.0,,30.80939948,0.0
31121,Merrick County,NE,72297.0,77.4083228236397,21.35396518,39.13894
31123,Morrill County,NE,62245.0,73.9888906782666,22.89076377,43.7254
31125,Nance County,NE,61228.0,72.7342145417138,20.83078803,
31127,Nemaha County,NE,65868.0,75.2188081801258,20.44940644,84.93771000000001
31129,Nuckolls County,NE,58951.0,77.2040148638012,28.86446886,123.15271000000001
31131,Otoe County,NE,76448.0,78.4164001977805,20.93663912,75.32957
31133,Pawnee County,NE,55574.0,76.0487114576401,29.140127389999996,39.24647
31135,Perkins County,NE,71521.0,78.7089195155929,23.79248658,105.9322
31137,Phelps County,NE,70550.0,78.5858949869238,20.06183063,100.70493
31139,Pierce County,NE,78454.0,79.3552578605279,20.180846690000003,41.022839999999995
31141,Platte County,NE,76785.0,80.078300142597,18.86214568,75.93236
31143,Polk County,NE,79938.0,76.6863870569195,24.10099464,57.98222
31145,Red Willow County,NE,60614.0,75.860581265661,21.72707277,75.30829
31147,Richardson County,NE,60839.0,77.4882664022437,25.477955520000002,51.553039999999996
31149,Rock County,NE,56969.0,,28.56018883,79.11392000000001
31151,Saline County,NE,76586.0,79.1629376883799,16.15252491,42.27734
31153,Sarpy County,NE,101902.0,79.8548596183078,13.249552240000002,49.63344
31155,Saunders County,NE,85732.0,77.9774004496077,18.66768955,43.88467
31157,Scotts Bluff County,NE,57571.0,75.2464923831942,21.44037648,69.93985
31159,Seward County,NE,81819.0,79.1280005238747,18.42566918,62.48935
31161,Sheridan County,NE,59842.0,77.2471493348087,28.26704545,39.25417
31163,Sherman County,NE,57592.0,79.4461759837374,28.1260476,
31165,Sioux County,NE,61344.0,,30.58925477,87.48906
31167,Stanton County,NE,78112.0,80.1688816898153,21.65300546,
31169,Thayer County,NE,63574.0,77.0954768132686,24.9534065,81.41665
31171,Thomas County,NE,56844.0,,28.06499261,0.0
31173,Thurston County,NE,57810.0,63.243891529364,12.35321031,90.63444
31175,Valley County,NE,56604.0,78.0829456232389,25.498504490000002,122.97097999999998
31177,Washington County,NE,88234.0,79.8742655720951,19.643532529999998,42.9205
31179,Wayne County,NE,68309.0,82.4989822859036,16.508000810000002,61.32461000000001
31181,Webster County,NE,57002.0,75.3170136613171,22.14264399,29.31692
31183,Wheeler County,NE,56377.0,,30.4516129,0.0
31185,York County,NE,73671.0,77.9159416526479,20.5697966,77.2255
33001,Belknap County,NH,91333.0,77.3940709259331,24.96193889,48.091840000000005
33003,Carroll County,NH,77303.0,79.3244035248,31.58557047,81.5534
33005,Cheshire County,NH,84008.0,78.6400976858827,22.92575576,67.24515
33007,Coos County,NH,59592.0,73.9377782527394,26.211271200000002,111.8604
33009,Grafton County,NH,81537.0,80.1009923651655,23.87112705,188.71813
33011,Hillsborough County,NH,103181.0,78.5994503725456,17.90155234,83.47501
33013,Merrimack County,NH,91357.0,78.9645094442756,20.44327607,98.55834
33015,Rockingham County,NH,109660.0,80.5013262580076,21.14509696,78.56203
33017,Strafford County,NH,84762.0,77.5732991990854,17.56865276,66.45723
33019,Sullivan County,NH,74730.0,78.0235230182107,24.1465578,71.21035
34001,Atlantic County,NJ,75904.0,75.6507248345741,20.55535167,71.64522
34003,Bergen County,NJ,116157.0,81.8748451611691,18.69220746,113.43871
34005,Burlington County,NJ,102384.0,78.9050822468633,18.83487117,75.81810999999999
34007,Camden County,NJ,82678.0,76.1624553164406,16.945310659999997,98.51634
34009,Cape May County,NJ,81007.0,76.635846110062,30.583447839999998,53.31325999999999
34011,Cumberland County,NJ,64240.0,73.7398299405035,16.20865775,39.05563
34013,Essex County,NJ,80005.0,77.6617936348268,14.704911309999998,75.44592
34015,Gloucester County,NJ,96965.0,77.1061289917932,17.380351010000002,53.20599
34017,Hudson County,NJ,88469.0,79.9146504960613,13.11108024,47.40463
34019,Hunterdon County,NJ,136407.0,82.7649959680249,21.72096203,110.06435
34021,Mercer County,NJ,95502.0,78.3851864860785,16.56400408,90.43840999999999
34023,Middlesex County,NJ,104637.0,80.1819990083451,16.706942729999998,90.38031000000001
34025,Monmouth County,NJ,117752.0,79.6485914299838,19.811014020000002,109.70723000000001
34027,Morris County,NJ,134308.0,81.7093258897282,18.76782337,93.15415
34029,Ocean County,NJ,85239.0,78.0801703055312,22.987817,38.36684
34031,Passaic County,NJ,81823.0,78.440264534487,16.45555566,51.91878
34033,Salem County,NJ,84008.0,73.7476564634486,19.4771802,24.59798
34035,Somerset County,NJ,140242.0,81.8027208013026,17.64638432,110.22807
34037,Sussex County,NJ,109884.0,78.3850621986694,19.40779569,45.34742
34039,Union County,NJ,100031.0,79.2617187107113,15.591574329999998,61.526199999999996
34041,Warren County,NJ,98857.0,78.3150115573809,20.25671449,54.185370000000006
35001,Bernalillo County,NM,68286.0,75.0897679395437,18.85670636,106.16955
35003,Catron County,NM,45802.0,77.1795889058143,43.084967320000004,
35005,Chaves County,NM,51179.0,72.1817190394279,16.87827441,61.89172000000001
35006,Cibola County,NM,47530.0,70.7364070382027,18.338312170000002,47.82225
35007,Colfax County,NM,54255.0,75.1960950621939,29.4247246,40.42364
35009,Curry County,NM,53858.0,72.6169615401351,13.699123290000001,41.66753
35011,DeBaca County,NM,48234.0,71.6112929049486,28.54556427,59.523810000000005
35013,Dona Ana County,NM,56233.0,76.0213435952857,17.3802229,61.84878
35015,Eddy County,NM,66485.0,72.7042198053382,15.104106179999999,29.55131
35017,Grant County,NM,48454.0,74.3133415282146,31.29004077,64.54158000000001
35019,Guadalupe County,NM,43463.0,73.9283901537809,22.01770736,44.953920000000004
35021,Harding County,NM,47606.0,,41.34615385,0.0
35023,Hidalgo County,NM,45343.0,75.0326556007592,23.60655738,24.5459
35025,Lea County,NM,60820.0,72.6303185350645,11.95406444,30.13534
35027,Lincoln County,NM,59386.0,75.7722014042848,32.76249438,63.613229999999994
35028,Los Alamos County,NM,146208.0,82.979136944379,18.56613865,155.19917
35029,Luna County,NM,38641.0,72.1366240138599,20.710222780000002,15.66661
35031,McKinley County,NM,41427.0,63.9436990400241,14.329113190000001,82.1956
35033,Mora County,NM,45685.0,76.0563269425711,32.57336891,
35035,Otero County,NM,51298.0,74.8634655111069,17.82813975,45.23104
35037,Quay County,NM,43312.0,70.3149230491849,27.2972973,11.55268
35039,Rio Arriba County,NM,51703.0,69.2704063369613,22.700371150000002,49.77725
35041,Roosevelt County,NM,51111.0,74.3721146011259,15.3670091,42.0632
35045,San Juan County,NM,57296.0,69.8499021594299,17.40625647,52.89562
35047,San Miguel County,NM,46318.0,74.0660219321053,26.04619769,47.88214
35043,Sandoval County,NM,81557.0,76.809110331494,20.44300226,66.06373
35049,Santa Fe County,NM,78366.0,79.3354609204459,28.985739570000003,110.17970000000001
35051,Sierra County,NM,40498.0,69.5866514418947,38.51845404,43.4707
35053,Socorro County,NM,46070.0,70.9689600025573,21.712710639999997,42.91582
35055,Taos County,NM,53935.0,76.5048229053082,31.28615027,86.6476
35057,Torrance County,NM,44780.0,72.844124190481,23.36723598,6.53296
35059,Union County,NM,45458.0,73.7844556536084,23.78910192,24.34867
35061,Valencia County,NM,56785.0,74.5311317771554,19.00658319,29.79661
32510,Carson City,NV,72823.0,73.3583427189215,21.41601764,64.41441999999999
32001,Churchill County,NV,72065.0,73.4394523317492,19.617873890000002,46.65086
32003,Clark County,NV,75103.0,76.6417284284554,16.28290663,54.613440000000004
32005,Douglas County,NV,82025.0,79.1373424851701,33.91664144,52.13555
32007,Elko County,NV,85829.0,75.3518291033317,13.53028936,35.24066
32009,Esmeralda County,NV,59057.0,,32.33695652,0.0
32011,Eureka County,NV,81661.0,69.672985061431,18.988002090000002,0.0
32013,Humboldt County,NV,81500.0,74.1018602122921,16.53828198,45.33092
32015,Lander County,NV,87398.0,75.1890825149644,17.10868435,34.49465
32017,Lincoln County,NV,67577.0,76.9735123764804,24.77538185,44.1989
32019,Lyon County,NV,75195.0,74.239895884157,22.08746784,13.13564
32021,Mineral County,NV,58039.0,68.3733606573623,27.650176679999998,109.02747000000001
32023,Nye County,NV,63071.0,73.3216676680028,31.19167265,24.3218
32027,Pershing County,NV,66928.0,76.9026142491802,19.01319925,29.66919
32029,Storey County,NV,88684.0,83.7972432425184,35.16878142,
32031,Washoe County,NV,84282.0,76.8115337296806,18.30019557,78.84198
32033,White Pine County,NV,70635.0,76.5899181297145,21.203942740000002,76.23611
36001,Albany County,NY,81193.0,78.4958404200565,18.71919004,96.25712999999999
36003,Allegany County,NY,57488.0,76.7791750143504,20.90630426,34.702639999999995
36005,Bronx County,NY,46894.0,76.6818975849198,15.289839259999999,57.82667000000001
36007,Broome County,NY,63590.0,76.5091713809352,20.73012133,78.58447
36009,Cattaraugus County,NY,55944.0,74.4666716410264,21.17989418,43.17902
36011,Cayuga County,NY,66431.0,77.6015844969611,22.02322615,28.99315
36013,Chautauqua County,NY,56040.0,75.7114017046732,21.951942090000003,63.088
36015,Chemung County,NY,60456.0,75.0290028196897,20.92468491,78.27082
36017,Chenango County,NY,57407.0,74.8659545047177,22.76785714,30.083589999999997
36019,Clinton County,NY,64282.0,77.8164098402161,19.75420854,80.40605
36021,Columbia County,NY,73112.0,79.2048493120575,27.370596990000003,40.46748
36023,Cortland County,NY,63890.0,76.195305153812,17.88992831,36.70834
36025,Delaware County,NY,56163.0,76.663318989857,27.081738350000002,38.30727
36027,Dutchess County,NY,96374.0,79.2911721879515,19.70654552,71.01698999999999
36029,Erie County,NY,70443.0,77.0411630602179,19.90081879,73.21052
36031,Essex County,NY,70902.0,78.4095035445655,27.428959889999998,50.982079999999996
36033,Franklin County,NY,63624.0,77.2702433968838,20.37761817,52.68038
36035,Fulton County,NY,63409.0,74.9947511601059,21.162461229999998,32.00542
36037,Genesee County,NY,71749.0,77.3745361557913,20.693910900000002,31.113339999999997
36039,Greene County,NY,70789.0,77.5990595629965,24.86294675,28.86657
36041,Hamilton County,NY,68529.0,78.3889636036298,34.769775679999995,39.07013
36043,Herkimer County,NY,63771.0,77.5507388652494,22.45814,26.6947
36045,Jefferson County,NY,61664.0,77.3206012544652,15.63156107,50.73305
36047,Kings County,NY,76353.0,80.0899405439123,16.16000156,63.19451
36049,Lewis County,NY,64941.0,78.9222484309031,21.16920295,67.73792999999999
36051,Livingston County,NY,70185.0,79.3564313449258,20.91468001,45.47079
36053,Madison County,NY,73680.0,78.4032598358343,21.401353840000002,73.90109
36055,Monroe County,NY,73263.0,78.2366700252538,19.32498043,107.39446000000001
36057,Montgomery County,NY,61463.0,75.2005856728577,19.451871660000002,52.46377999999999
36059,Nassau County,NY,140466.0,81.3229027240764,19.19433458,136.31393
36061,New York County,NY,100869.0,83.0169167545707,18.76658502,136.85287
36063,Niagara County,NY,65932.0,75.4186828983015,21.433038760000002,38.27019
36065,Oneida County,NY,61566.0,76.2788203941996,20.247412710000003,70.35097
36067,Onondaga County,NY,74388.0,77.7425982809591,19.24539351,92.34293
36069,Ontario County,NY,79364.0,79.7588923056152,22.96566928,82.66079
36071,Orange County,NY,93492.0,78.7908271023585,15.02049231,66.74495
36073,Orleans County,NY,65156.0,76.9311933564407,20.92577446,7.46436
36075,Oswego County,NY,68613.0,76.2105999465897,18.52964574,40.03851
36077,Otsego County,NY,63863.0,77.6794780079595,21.87572764,137.63914
36079,Putnam County,NY,120930.0,81.5639584856588,19.857230270000002,53.0959
36081,Queens County,NY,81399.0,81.2079494144596,18.7418857,58.94104
36083,Rensselaer County,NY,82846.0,77.7458275574911,19.00881956,48.05532
36085,Richmond County,NY,93337.0,79.0444044499136,17.754087639999998,81.25731999999999
36087,Rockland County,NY,105923.0,81.0133042274844,15.95155029,84.8989
36091,Saratoga County,NY,94394.0,80.2455419283773,20.65133153,69.51495
36093,Schenectady County,NY,74791.0,77.0756936165599,18.2493027,79.70194
36095,Schoharie County,NY,63768.0,78.9280991799221,24.70685933,30.13763
36097,Schuyler County,NY,65210.0,76.5468270651394,23.910435829999997,61.964850000000006
36099,Seneca County,NY,58581.0,77.5595459137519,22.42109493,26.71574
36089,St. Lawrence County,NY,57832.0,76.7736249780108,19.299607260000002,54.603840000000005
36101,Steuben County,NY,64261.0,76.3038257225086,21.4350817,55.94526
36103,Suffolk County,NY,123219.0,79.3959749199197,18.51132835,71.28144
36105,Sullivan County,NY,68063.0,76.1149777319951,19.63838839,32.579
36107,Tioga County,NY,67616.0,78.5842039372761,22.931992039999997,27.09462
36109,Tompkins County,NY,68222.0,80.9288225823093,16.84852933,79.87676
36111,Ulster County,NY,84593.0,78.7979748810289,21.88248973,59.57879
36113,Warren County,NY,73115.0,78.1158752344889,24.96023249,111.24996
36115,Washington County,NY,71396.0,76.5677695389539,22.45241228,36.09161
36117,Wayne County,NY,73028.0,77.2495923238025,21.51295291,23.09647
36119,Westchester County,NY,114020.0,82.0021868001069,18.76007376,131.57697000000002
36121,Wyoming County,NY,70775.0,78.1475556575951,21.058889,34.57558
36123,Yates County,NY,66155.0,78.1102853407966,23.09169663,48.754720000000006
39001,Adams County,OH,55693.0,70.56975440781,18.97096762,43.56982
39003,Allen County,OH,65665.0,74.3339755081689,19.39249093,64.9159
39005,Ashland County,OH,66149.0,75.306787263254,20.93121288,43.96361
39007,Ashtabula County,OH,58152.0,73.7264773151508,20.6195467,28.76604
39009,Athens County,OH,53616.0,74.7495554460049,15.35897681,62.84646
39011,Auglaize County,OH,73542.0,76.6023029925004,20.04343105,34.67632
39013,Belmont County,OH,56716.0,74.096145263089,22.574632610000002,27.33527
39015,Brown County,OH,68289.0,72.5627792559054,19.718116820000002,25.19353
39017,Butler County,OH,80066.0,75.4003896762675,16.368438060000003,52.02007
39019,Carroll County,OH,67044.0,75.0005773843415,22.95762015,26.226070000000004
39021,Champaign County,OH,70230.0,75.7064042262161,19.8558373,15.504280000000001
39023,Clark County,OH,58684.0,72.2696124084482,20.59802392,44.974309999999996
39025,Clermont County,OH,82143.0,76.2505802351183,18.99826392,65.8265
39027,Clinton County,OH,67813.0,73.0428447375264,19.366684149999998,61.89887
39029,Columbiana County,OH,55744.0,74.0313340071545,22.61484099,29.61208
39031,Coshocton County,OH,57694.0,74.2838073459543,20.54842822,35.501670000000004
39033,Crawford County,OH,58982.0,73.4149623342274,21.68605071,35.9247
39035,Cuyahoga County,OH,61912.0,75.3587818718952,20.06182852,111.25456
39037,Darke County,OH,67609.0,75.545858478311,20.92774482,46.51433
39039,Defiance County,OH,72241.0,76.238955786086,20.49066945,55.05453000000001
39041,Delaware County,OH,128300.0,81.1153545232724,15.48032258,147.68506
39043,Erie County,OH,62547.0,75.1327006156395,24.36009995,77.48624
39045,Fairfield County,OH,84701.0,76.39750897978,16.932752779999998,55.87841
39047,Fayette County,OH,63348.0,72.7267546219355,18.44050387,31.1354
39049,Franklin County,OH,71730.0,75.4972617338274,13.5146671,101.55787999999998
39051,Fulton County,OH,70724.0,76.3690702261636,20.07046445,37.6914
39053,Gallia County,OH,53956.0,71.7428434702395,20.47540192,75.45099
39055,Geauga County,OH,99863.0,79.9989016259165,22.98259038,69.06294
39057,Greene County,OH,84015.0,77.3453910513372,19.110029410000003,89.66107
39059,Guernsey County,OH,54757.0,72.4838646232045,20.56761795,36.56594
39061,Hamilton County,OH,68810.0,75.5076129564317,17.0480184,109.66678
39063,Hancock County,OH,72065.0,76.1148977933758,18.88118441,52.23961
39065,Hardin County,OH,59713.0,71.843075315254,16.454820859999998,29.391589999999997
39067,Harrison County,OH,57050.0,72.5583448783865,23.14428985,20.72253
39069,Henry County,OH,81899.0,75.9831889299093,20.16351744,29.05077
39071,Highland County,OH,61760.0,73.0715497232228,19.6725822,27.67911
39073,Hocking County,OH,58018.0,72.5919057899072,20.94045025,42.70919
39075,Holmes County,OH,74490.0,78.2353314733997,14.80421755,20.329340000000002
39077,Huron County,OH,64331.0,74.1539759128068,19.029536590000003,54.8255
39079,Jackson County,OH,54431.0,71.1689598403645,18.22977366,43.06235
39081,Jefferson County,OH,56276.0,71.7662140977435,22.9156905,38.5868
39083,Knox County,OH,66844.0,76.3439861358707,19.954200880000002,39.74752
39085,Lake County,OH,73559.0,77.0227193722024,22.39595925,41.37521
39087,Lawrence County,OH,56879.0,69.9701467336731,19.89201326,47.00148
39089,Licking County,OH,76496.0,75.9092123441389,17.88964034,37.13948
39091,Logan County,OH,68964.0,75.7250833142529,19.81892003,39.10068
39093,Lorain County,OH,75496.0,76.0210605401039,20.48063917,51.64847
39095,Lucas County,OH,60525.0,73.4124063888733,18.10620376,86.4417
39097,Madison County,OH,81836.0,76.1700925617494,16.92300794,31.541479999999996
39099,Mahoning County,OH,52914.0,73.3656991031301,23.04872427,102.7509
39101,Marion County,OH,56991.0,73.6904752494391,19.06986785,27.56888
39103,Medina County,OH,90211.0,79.0343478497811,20.45620022,62.263780000000004
39105,Meigs County,OH,50127.0,70.7905319494836,21.495842330000002,13.606060000000001
39107,Mercer County,OH,79974.0,77.3638137859897,19.81432173,49.634829999999994
39109,Miami County,OH,75735.0,75.9589915496455,19.872650529999998,44.84551
39111,Monroe County,OH,54285.0,73.5798872701966,24.04774576,15.004880000000002
39113,Montgomery County,OH,62650.0,73.2718916422505,18.92445803,94.80442
39115,Morgan County,OH,52585.0,73.3405190155223,22.40949729,7.30887
39117,Morrow County,OH,70109.0,76.5050043583436,19.55049867,19.91408
39119,Muskingum County,OH,58806.0,74.4211217375114,19.16111465,53.235809999999994
39121,Noble County,OH,61751.0,80.6508903576427,30.368248199999996,7.054180000000001
39123,Ottawa County,OH,76582.0,76.6305072270587,28.208928979999996,47.37682
39125,Paulding County,OH,67692.0,76.9114549527431,20.19672832,21.19654
39127,Perry County,OH,62677.0,73.3524474255703,18.88273185,28.20079
39129,Pickaway County,OH,76471.0,74.3944777526811,16.49805193,40.44967
39131,Pike County,OH,54256.0,69.6740640999554,19.04373912,25.84075
39133,Portage County,OH,73911.0,76.4181115137197,18.74650355,39.413239999999995
39135,Preble County,OH,76621.0,74.52056660212,20.78360785,17.12873
39137,Putnam County,OH,79412.0,78.1695776873814,19.37483552,46.62276
39139,Richland County,OH,57261.0,74.0282274894867,20.493507320000003,47.12648
39141,Ross County,OH,61651.0,72.2099063589225,18.42590293,66.32766
39143,Sandusky County,OH,64744.0,75.2375508959645,20.800899349999998,30.65656
39145,Scioto County,OH,52447.0,69.1980361465836,19.240228430000002,55.89944
39147,Seneca County,OH,62966.0,74.7923389706636,19.7736901,36.425889999999995
39149,Shelby County,OH,67351.0,74.8735695482608,18.45702921,45.855309999999996
39151,Stark County,OH,63673.0,75.0766566631745,20.9615364,77.30704
39153,Summit County,OH,69786.0,75.2997464715187,19.98383523,97.65025999999999
39155,Trumbull County,OH,51668.0,73.5224056707682,22.75655902,45.198299999999996
39157,Tuscarawas County,OH,62098.0,74.6191627681836,20.71532751,35.67568
39159,Union County,OH,104592.0,78.5284115605037,13.643609000000001,56.94848
39161,Van Wert County,OH,60555.0,75.5329852870672,20.65217391,45.24572
39163,Vinton County,OH,52999.0,67.5528290496974,19.46448613,15.75299
39165,Warren County,OH,107973.0,78.1756061997064,16.32890207,85.17438
39167,Washington County,OH,59646.0,74.6993074905455,23.022688090000003,72.36255
39169,Wayne County,OH,69834.0,75.8293944472068,19.460132180000002,49.69583
39171,Williams County,OH,61183.0,76.2809990966408,20.718209400000003,40.85412
39173,Wood County,OH,73906.0,77.4373852035592,16.995099890000002,67.93889
39175,Wyandot County,OH,69913.0,76.1096309663499,21.40094142,27.63958
40001,Adair County,OK,44808.0,69.2748817897444,15.972894479999999,25.754610000000003
40003,Alfalfa County,OK,57517.0,77.7380362843228,20.6063811,35.026270000000004
40005,Atoka County,OK,49815.0,72.8930523178575,19.41480207,13.962579999999999
40007,Beaver County,OK,67112.0,76.4837842363023,20.42646473,
40009,Beckham County,OK,51960.0,72.1468611649805,16.02849106,49.895669999999996
40011,Blaine County,OK,58573.0,70.3172869118758,20.50591404,58.39757000000001
40013,Bryan County,OK,50105.0,72.1818878061015,17.505667080000002,38.2125
40015,Caddo County,OK,50742.0,69.0474723891674,15.968566410000001,22.75485
40017,Canadian County,OK,86539.0,77.7003218270097,13.767922239999999,34.62411
40019,Carter County,OK,56270.0,71.6863205588253,17.12898181,57.98182
40021,Cherokee County,OK,50434.0,73.0031619620403,18.138424819999997,73.48773
40023,Choctaw County,OK,44307.0,68.3119477403875,21.04230877,41.93751
40025,Cimarron County,OK,56166.0,76.5973970286844,25.376540390000002,
40027,Cleveland County,OK,74889.0,77.5687114339605,15.42997347,51.411809999999996
40029,Coal County,OK,46921.0,70.0116566139914,21.42043297,18.95375
40031,Comanche County,OK,56973.0,73.2362891006844,14.188066529999999,70.45542
40033,Cotton County,OK,52735.0,71.1317501865688,20.398009950000002,
40035,Craig County,OK,49914.0,72.453201368888,19.1872499,42.50797
40037,Creek County,OK,58195.0,72.7992394291527,18.79261441,22.21328
40039,Custer County,OK,55458.0,72.8458451142622,14.8942192,53.26137000000001
40041,Delaware County,OK,48763.0,72.5377416690702,25.53053737,39.024390000000004
40043,Dewey County,OK,55952.0,73.0439035202344,19.27204853,45.2796
40045,Ellis County,OK,57212.0,72.8505750579265,24.78070175,53.16321
40047,Garfield County,OK,61132.0,72.7498416626258,16.988858970000003,41.985600000000005
40049,Garvin County,OK,57170.0,70.4890996718092,18.14034409,34.87831
40051,Grady County,OK,70838.0,74.0851046786912,17.15555556,23.42005
40053,Grant County,OK,57737.0,73.5392051864752,22.11609111,
40055,Greer County,OK,43089.0,73.1452680759196,17.52652763,18.224899999999998
40057,Harmon County,OK,45931.0,68.7892097632173,20.31772575,41.35649
40059,Harper County,OK,62950.0,78.2257800971061,20.43887147,
40061,Haskell County,OK,49471.0,70.814923641394,20.60513861,25.857609999999998
40063,Hughes County,OK,50872.0,69.4201920887715,18.44298898,22.37971
40065,Jackson County,OK,58371.0,72.9601921776995,16.206575049999998,72.64802
40067,Jefferson County,OK,43298.0,71.5542049918039,21.5260894,18.38911
40069,Johnston County,OK,49984.0,71.3140737474368,19.03876273,29.12339
40071,Kay County,OK,55440.0,71.7814647865116,19.60770835,38.87314
40073,Kingfisher County,OK,72345.0,76.65824502689,17.001485690000003,46.04052
40075,Kiowa County,OK,44393.0,70.0925169237793,21.25506073,35.671820000000004
40077,Latimer County,OK,41241.0,73.2272277201754,21.81398278,21.21566
40079,Le Flore County,OK,50469.0,70.9727860059557,17.938946689999998,28.880270000000003
40081,Lincoln County,OK,56344.0,74.1891475572693,19.8310283,23.648349999999997
40083,Logan County,OK,77836.0,77.8785454105007,17.980727530000003,3.9304300000000003
40085,Love County,OK,58771.0,72.5321815659783,19.04623155,48.942829999999994
40093,Major County,OK,64527.0,74.1100775101576,21.44835774,52.164840000000005
40095,Marshall County,OK,54966.0,73.2888786542305,22.31684408,25.65089
40097,Mayes County,OK,59498.0,72.2292063800751,19.072927370000002,35.75168
40087,McClain County,OK,80952.0,75.5765008763074,15.84381373,43.6621
40089,McCurtain County,OK,48589.0,68.1839173808195,17.49510763,45.33092
40091,McIntosh County,OK,46509.0,70.7469295338339,24.99107279,10.39231
40099,Murray County,OK,63623.0,71.9912717611057,21.52101207,29.15877
40101,Muskogee County,OK,52188.0,70.1273105100496,17.146842239999998,45.35422
40103,Noble County,OK,60758.0,74.1843912436596,21.436484489999998,45.7331
40105,Nowata County,OK,54831.0,71.9594805390654,19.728756089999997,10.74922
40107,Okfuskee County,OK,44661.0,68.7743641041367,18.36283186,8.930959999999999
40109,Oklahoma County,OK,65979.0,73.8152869257784,14.79206692,81.26976
40111,Okmulgee County,OK,53938.0,69.872476674054,18.61212367,29.85642
40113,Osage County,OK,61279.0,75.8349626820858,21.96401474,17.47793
40115,Ottawa County,OK,48937.0,69.7702712457282,18.01763133,46.143699999999995
40117,Pawnee County,OK,52744.0,71.4033967363913,20.26601109,25.41135
40119,Payne County,OK,56811.0,75.8939263865415,13.51017372,46.34768
40121,Pittsburg County,OK,51514.0,71.2762613895962,20.22125624,43.54502
40123,Pontotoc County,OK,61269.0,71.6567663359267,17.29607251,70.74915
40125,Pottawatomie County,OK,57089.0,71.6764644409684,16.90585573,30.12914
40127,Pushmataha County,OK,45012.0,68.5617691395234,22.62962963,18.492829999999998
40129,Roger Mills County,OK,57132.0,74.7053591243389,22.97420334,59.06675
40131,Rogers County,OK,73688.0,75.9066577106774,17.70908148,37.230470000000004
40133,Seminole County,OK,49000.0,69.0308715859452,18.55293868,33.94577
40135,Sequoyah County,OK,48050.0,70.3188976772613,18.818098329999998,35.435860000000005
40137,Stephens County,OK,56649.0,73.8530457881492,20.77066388,39.41663
40139,Texas County,OK,67901.0,75.7812868338952,12.86142065,38.34172
40141,Tillman County,OK,46314.0,71.8266182981208,21.19668074,14.132279999999998
40143,Tulsa County,OK,65619.0,74.4419230238984,15.47751542,105.37142
40145,Wagoner County,OK,80246.0,76.4279110558672,17.41151434,27.36466
40147,Washington County,OK,66236.0,74.9175387053385,20.26589208,43.58372
40149,Washita County,OK,54874.0,71.4935180549387,20.27757079,27.48511
40151,Woods County,OK,56740.0,75.970935014197,18.00560486,58.25469
40153,Woodward County,OK,59312.0,74.818938896453,17.43620595,29.695619999999998
41001,Baker County,OR,59123.0,75.2410941993198,28.021523180000003,71.2293
41003,Benton County,OR,74800.0,82.3620904766991,18.63621013,116.64601
41005,Clackamas County,OR,100376.0,79.8692993446453,20.45499122,91.58961
41007,Clatsop County,OR,65160.0,76.7404146281338,26.08145589,62.18608
41009,Columbia County,OR,81463.0,77.5594406961657,20.8982925,26.378259999999997
41011,Coos County,OR,61386.0,74.8479227067352,28.90736934,83.0782
41013,Crook County,OR,73421.0,78.0246247178701,25.790293860000002,34.96639
41015,Curry County,OR,55238.0,73.9094307913163,37.60302198,67.55901
41017,Deschutes County,OR,95414.0,80.8584252074073,21.77466153,98.63233
41019,Douglas County,OR,60296.0,74.4913540438509,26.87419398,64.29834
41021,Gilliam County,OR,74010.0,76.4231432475744,30.15794669,49.875310000000006
41023,Grant County,OR,61024.0,79.6842650034814,31.82259182,96.25963
41025,Harney County,OR,56649.0,76.1062472967175,27.244623660000002,52.80528
41027,Hood River County,OR,79092.0,80.8308129648422,19.13666035,220.31009999999998
41029,Jackson County,OR,71030.0,77.2663268246435,23.85309465,96.09626
41031,Jefferson County,OR,68419.0,73.6013463303969,20.5704408,63.82639
41033,Josephine County,OR,61575.0,74.5816993409064,27.71432801,73.57436
41035,Klamath County,OR,54630.0,73.2821677216442,22.8404497,104.04196
41037,Lake County,OR,56518.0,75.7273135600972,25.67225371,48.33253
41039,Lane County,OR,70065.0,77.0847983999444,21.50054698,82.20486
41041,Lincoln County,OR,61603.0,76.056929224453,32.82304559,57.017030000000005
41043,Linn County,OR,70242.0,75.9064617922915,19.78235079,58.53403000000001
41045,Malheur County,OR,53762.0,75.0884124060399,17.13893397,25.242169999999998
41047,Marion County,OR,73210.0,77.5182444879419,17.071243380000002,71.44524
41049,Morrow County,OR,80508.0,76.4579929205076,17.16794017,40.64049
41051,Multnomah County,OR,83290.0,77.7699386551718,15.218855819999998,147.12893
41053,Polk County,OR,79970.0,78.9569820855235,19.48555203,57.197970000000005
41055,Sherman County,OR,73123.0,80.1832038578543,26.140440799999997,52.438379999999995
41057,Tillamook County,OR,68717.0,75.1700502054392,28.810591969999997,54.05795
41059,Umatilla County,OR,62890.0,75.9226442361674,16.66271095,46.25694
41061,Union County,OR,63524.0,76.4721793815751,22.444495840000002,83.93102
41063,Wallowa County,OR,61173.0,77.7300320575158,29.645556420000002,172.29954
41065,Wasco County,OR,65701.0,75.2084075024669,22.12053317,104.76688999999999
41067,Washington County,OR,103486.0,81.1431076014075,15.32348693,92.20870000000001
41069,Wheeler County,OR,46315.0,,39.20612813,0.0
41071,Yamhill County,OR,86887.0,78.0666187940048,19.26659549,58.20453
42001,Adams County,PA,77041.0,78.8346164191468,22.392925390000002,53.78048
42003,Allegheny County,PA,76488.0,76.9242536657215,20.81497357,109.28123
42005,Armstrong County,PA,61521.0,75.2713402306496,24.65274526,43.01538
42007,Beaver County,PA,66846.0,75.615702450412,23.2776473,39.00999
42009,Bedford County,PA,58319.0,76.2162646992283,24.597676869999997,33.71189
42011,Berks County,PA,75655.0,77.8147552590202,18.45404913,62.88693
42013,Blair County,PA,54909.0,74.7318596021615,22.14129522,77.19661
42015,Bradford County,PA,61270.0,77.1517573586854,22.95669654,101.85000000000001
42017,Bucks County,PA,107006.0,79.0899375052959,21.31786546,80.7927
42019,Butler County,PA,80978.0,77.7712409884703,21.34487156,67.94562
42021,Cambria County,PA,55592.0,74.6046166428952,24.57525944,69.6089
42023,Cameron County,PA,51035.0,74.5975331126926,30.34246575,44.85311
42025,Carbon County,PA,64894.0,74.4514545034021,23.07586544,33.63297
42027,Centre County,PA,69999.0,81.2912239418665,16.40799772,83.16035000000001
42029,Chester County,PA,120925.0,80.9511382356376,18.41523216,80.015
42031,Clarion County,PA,56911.0,74.87409721515,20.85745199,45.75304
42033,Clearfield County,PA,60213.0,75.9096737756172,22.60993644,46.20264
42035,Clinton County,PA,55946.0,76.576466394041,20.65041083,34.69905
42037,Columbia County,PA,63605.0,76.4943250518742,20.518345330000002,57.03539
42039,Crawford County,PA,60545.0,75.5194993331233,23.287520880000002,61.18703
42041,Cumberland County,PA,82507.0,79.337086628136,19.39698158,86.71872
42043,Dauphin County,PA,73929.0,76.7950343805826,18.537931229999998,103.34029
42045,Delaware County,PA,84180.0,77.5817342426497,17.97978222,100.54910000000001
42047,Elk County,PA,66378.0,76.6391464456837,24.557917739999997,35.734010000000005
42049,Erie County,PA,60721.0,75.9696481761609,20.31984034,81.03757999999999
42051,Fayette County,PA,54030.0,72.5538996323854,23.27321148,37.027989999999996
42053,Forest County,PA,48084.0,70.9279822769199,26.314157230000003,
42055,Franklin County,PA,75532.0,77.1792956270555,20.63362347,61.42467
42057,Fulton County,PA,62044.0,75.7211220734088,23.13381255,20.65689
42059,Greene County,PA,60627.0,74.3285581357461,21.509444950000002,45.23735
42061,Huntingdon County,PA,61812.0,76.9772742793152,22.76049088,31.89865
42063,Indiana County,PA,57110.0,75.2085080447859,21.0388235,50.67201
42065,Jefferson County,PA,49430.0,75.8892338569505,22.81711456,47.60394
42067,Juniata County,PA,59755.0,75.90686124963,21.60650518,17.16959
42069,Lackawanna County,PA,57570.0,75.7556822534249,20.94594282,82.53618
42071,Lancaster County,PA,80210.0,78.8056989887269,20.184608,72.24755
42073,Lawrence County,PA,61686.0,73.6779213735232,23.880102280000003,40.93711
42075,Lebanon County,PA,78284.0,77.4240861341968,20.75811774,57.84253999999999
42077,Lehigh County,PA,76270.0,78.0164098856222,18.08505006,96.39478
42079,Luzerne County,PA,60165.0,74.7697682331549,20.34222391,75.75456
42081,Lycoming County,PA,62063.0,76.0892060713026,21.14633973,76.58113999999999
42083,Mc Kean County,PA,59522.0,74.6651956511212,21.58961512,57.58494
42085,Mercer County,PA,61530.0,74.6356788993982,23.71178677,61.833920000000006
42087,Mifflin County,PA,58758.0,75.3262038087221,22.14189277,60.690129999999996
42089,Monroe County,PA,73408.0,76.8447658794315,20.38867109,40.17179
42091,Montgomery County,PA,106780.0,80.0190473301945,19.37652376,130.60989
42093,Montour County,PA,73087.0,77.5351648276469,22.41321389,580.5274499999999
42095,Northampton County,PA,84051.0,78.9208586588266,20.811931389999998,80.66882
42097,Northumberland County,PA,58834.0,75.6305955812984,22.67088327,43.82793
42099,Perry County,PA,71392.0,76.4575612072338,21.19870668,26.094900000000003
42101,Philadelphia County,PA,60196.0,73.9425697177621,15.18165906,70.80091
42103,Pike County,PA,71698.0,79.3498163947135,25.023266449999998,25.020020000000002
42105,Potter County,PA,57850.0,76.3976256855447,26.35789737,36.90264
42107,Schuylkill County,PA,63479.0,74.5390954733998,21.308750500000002,50.25687
42109,Snyder County,PA,68089.0,79.6896818934338,20.920512629999998,40.382630000000006
42111,Somerset County,PA,59562.0,75.7240156775551,24.516254139999997,36.67133
42113,Sullivan County,PA,59604.0,76.1667819518088,32.75625643,
42115,Susquehanna County,PA,70021.0,76.6084766545324,26.014852129999998,36.468779999999995
42117,Tioga County,PA,62918.0,76.2877277968166,23.97404505,43.9786
42119,Union County,PA,82708.0,80.2931318636292,19.91104134,108.06239000000001
42121,Venango County,PA,57256.0,74.5002796567261,25.76723109,60.074490000000004
42123,Warren County,PA,57469.0,75.5089456377954,25.314063660000002,39.334979999999995
42125,Washington County,PA,76957.0,75.9436537620322,22.55793599,77.33803999999999
42127,Wayne County,PA,68429.0,76.5268699673663,26.01342125,36.9427
42129,Westmoreland County,PA,70985.0,76.6067481200884,24.918058000000002,72.2263
42131,Wyoming County,PA,66855.0,75.3647050396771,23.2144236,57.61695999999999
42133,York County,PA,81213.0,77.5021627118413,19.24457645,67.36488
44001,Bristol County,RI,99802.0,80.6507180289884,21.79285643,200.71628
44003,Kent County,RI,89914.0,78.1685167348175,20.99335583,84.35110999999999
44005,Newport County,RI,99912.0,82.0831390596186,26.24892642,83.27078
44007,Providence County,RI,75307.0,78.1755821481191,16.815240340000003,96.62408
44009,Washington County,RI,101749.0,80.299335934038,24.27259159,81.93457
45001,Abbeville County,SC,51580.0,72.8853330312869,23.29131538,53.50014
45003,Aiken County,SC,67769.0,73.5431421237167,21.24880032,33.96262
45005,Allendale County,SC,35477.0,69.4937097551841,22.77106799,50.90354000000001
45007,Anderson County,SC,64813.0,73.227205953394,18.633726929999998,65.72970000000001
45009,Bamberg County,SC,41555.0,70.599622961451,24.37182056,37.910379999999996
45011,Barnwell County,SC,46482.0,69.5746153023495,20.07629481,24.29543
45013,Beaufort County,SC,82199.0,80.5530238305463,29.16940984,69.36187000000001
45015,Berkeley County,SC,82414.0,76.6816913245469,15.22469115,32.95297
45017,Calhoun County,SC,58916.0,72.5382203893159,25.15860708,21.17896
45019,Charleston County,SC,88111.0,77.8945433000819,18.467034430000002,123.96374
45021,Cherokee County,SC,57768.0,70.6377485031,17.73988786,33.897099999999995
45023,Chester County,SC,51383.0,68.5641530378498,19.810091229999998,27.9425
45025,Chesterfield County,SC,50962.0,70.9350427362277,19.62026754,30.0453
45027,Clarendon County,SC,47675.0,71.1963175285151,25.71926203,32.23311
45029,Colleton County,SC,48504.0,68.6437740085375,20.76452127,41.5995
45031,Darlington County,SC,46249.0,69.8896846106499,20.09260446,54.17895000000001
45033,Dillon County,SC,45269.0,67.1906997612669,18.01213084,39.164030000000004
45035,Dorchester County,SC,78329.0,76.443565613436,15.63477063,31.837970000000002
45037,Edgefield County,SC,62851.0,74.5520539954777,20.563625169999998,34.41288
45039,Fairfield County,SC,48123.0,68.7960281962165,24.9877583,43.49928
45041,Florence County,SC,56144.0,70.7974142108354,18.25396825,98.8982
45043,Georgetown County,SC,69379.0,73.4731009320583,31.61978366,62.57724
45045,Greenville County,SC,76281.0,76.057191002485,17.120042429999998,111.64519
45047,Greenwood County,SC,56726.0,72.8745938191718,19.8401958,116.98271000000001
45049,Hampton County,SC,44774.0,70.3344275192919,20.157819229999998,33.003299999999996
45051,Horry County,SC,68684.0,74.5842936597266,27.027910979999998,62.366820000000004
45053,Jasper County,SC,61816.0,74.0685080504855,24.96720725,23.08403
45055,Kershaw County,SC,69277.0,73.182869010978,19.06587512,57.46257
45057,Lancaster County,SC,74417.0,75.3168710630566,21.63193642,40.862700000000004
45059,Laurens County,SC,56237.0,71.5299735972077,19.17877833,50.145270000000004
45061,Lee County,SC,46256.0,68.7535425454358,21.19371203,12.285010000000002
45063,Lexington County,SC,76559.0,76.1017009845094,17.56351606,62.971239999999995
45067,Marion County,SC,40171.0,68.2057158629164,21.934193909999998,38.21568
45069,Marlboro County,SC,42308.0,69.1098288141515,19.81792717,11.37139
45065,McCormick County,SC,58475.0,73.2689066593478,40.10662911,51.22951
45071,Newberry County,SC,57325.0,72.4987057547443,20.9272376,65.7964
45073,Oconee County,SC,67161.0,75.0314045724227,25.42322798,51.76572
45075,Orangeburg County,SC,50959.0,70.0867552576092,21.3475006,48.21485
45077,Pickens County,SC,58480.0,74.5579072056738,17.61024392,58.988569999999996
45079,Richland County,SC,61508.0,75.5006512273477,14.515286799999998,82.47531000000001
45081,Saluda County,SC,60220.0,73.9256047451047,20.99565968,15.939639999999999
45083,Spartanburg County,SC,64649.0,73.8144363906895,16.34856377,61.92983
45085,Sumter County,SC,55481.0,72.1160030863748,18.1001296,53.45654
45087,Union County,SC,40008.0,69.0334801315052,22.17131699,33.31359
45089,Williamsburg County,SC,43711.0,70.4004179755456,23.37492891,19.68246
45091,York County,SC,82495.0,76.3088861615702,15.88629659,48.16438
46003,Aurora County,SD,66789.0,75.8932903422804,21.17181884,
46005,Beadle County,SD,59721.0,78.3628628547187,17.987851560000003,47.068670000000004
46007,Bennett County,SD,48547.0,67.877772723744,14.31164902,
46009,Bon Homme County,SD,67069.0,76.5912352837595,21.641896669999998,57.0288
46011,Brookings County,SD,75209.0,79.8828533804065,14.03001668,57.738389999999995
46013,Brown County,SD,67491.0,78.4982728659369,18.76871704,62.990469999999995
46015,Brule County,SD,69383.0,79.0932566946838,21.50254189,114.46012999999999
46017,Buffalo County,SD,32803.0,53.9808130399828,9.44798301,0.0
46019,Butte County,SD,62368.0,78.5544901053164,20.99788272,28.69166
46021,Campbell County,SD,64367.0,,32.53731343,0.0
46023,Charles Mix County,SD,59721.0,71.4145281847845,19.112554109999998,32.74037
46025,Clark County,SD,65768.0,81.0416211035544,23.53090172,
46027,Clay County,SD,63752.0,77.2104977625617,12.883157279999999,46.20462
46029,Codington County,SD,66288.0,78.7849925768007,20.3306755,94.98012
46031,Corson County,SD,42911.0,58.7138365032327,13.82866208,
46033,Custer County,SD,76579.0,81.4501395676377,34.67149282,46.463
46035,Davison County,SD,67847.0,78.4658069178676,21.18261219,80.491
46037,Day County,SD,60503.0,78.3229928565551,27.444505600000003,36.94126
46039,Deuel County,SD,67290.0,79.1982504445133,22.186495179999998,23.40824
46041,Dewey County,SD,48477.0,56.6550440283225,9.75422427,19.06214
46043,Douglas County,SD,68324.0,80.8894634505303,24.5243129,35.44842
46045,Edmunds County,SD,74870.0,79.0996680279812,23.83534632,49.590880000000006
46047,Fall River County,SD,58834.0,72.8542616455193,31.489246580000003,69.42516
46049,Faulk County,SD,66810.0,77.1698712023403,23.756392379999998,46.79457
46051,Grant County,SD,73409.0,78.5379315792689,24.66569575,79.79785
46053,Gregory County,SD,54134.0,73.7211782357444,26.63016426,100.57833
46055,Haakon County,SD,62682.0,80.0745220758771,27.606699080000002,108.99183
46057,Hamlin County,SD,87571.0,77.3387983300877,14.493876920000002,15.987210000000001
46059,Hand County,SD,69681.0,78.4638197007973,25.265529450000002,64.62036
46061,Hanson County,SD,72307.0,78.0663688593414,16.738692020000002,
46063,Harding County,SD,59255.0,,22.58308157,0.0
46065,Hughes County,SD,75885.0,75.6509760506788,18.88901498,79.12286999999999
46067,Hutchinson County,SD,68648.0,78.6520068986885,21.76088721,121.4411
46069,Hyde County,SD,66253.0,,26.138279930000003,0.0
46071,Jackson County,SD,47946.0,64.1391626080709,13.65273775,
46073,Jerauld County,SD,57613.0,82.9721240692762,30.48192771,0.0
46075,Jones County,SD,60640.0,,28.42105263,0.0
46077,Kingsbury County,SD,67518.0,79.4270665558715,23.16148597,38.5208
46079,Lake County,SD,70136.0,79.7961846729329,25.401142240000002,64.51017999999999
46081,Lawrence County,SD,69088.0,79.4249308879878,24.99910883,95.54749
46083,Lincoln County,SD,102130.0,83.7618573942222,15.14650864,132.60645
46085,Lyman County,SD,55274.0,68.3258254825017,19.298245610000002,
46091,Marshall County,SD,69480.0,79.3282341008153,23.166287020000002,23.234199999999998
46087,McCook County,SD,85702.0,76.6624817675086,18.85006025,17.559260000000002
46089,McPherson County,SD,55704.0,81.7135493422193,30.97686375,41.322309999999995
46093,Meade County,SD,74577.0,78.5102151569351,17.555081729999998,59.65598000000001
46095,Mellette County,SD,48596.0,61.6458338528734,16.9097785,0.0
46097,Miner County,SD,69943.0,77.8750993307005,24.29824561,43.215210000000006
46099,Minnehaha County,SD,73277.0,77.0340750254638,14.10380322,102.1609
46101,Moody County,SD,72783.0,75.8330456425663,20.34108527,47.505939999999995
46102,Oglala Lakota County,SD,42791.0,56.9346520129087,7.75643889,36.80259
46103,Pennington County,SD,74641.0,76.1167583205714,20.46711474,113.58961
46105,Perkins County,SD,56922.0,78.7216890067254,26.78193366,35.473569999999995
46107,Potter County,SD,70243.0,80.7322630494404,28.22213013,40.40404
46109,Roberts County,SD,65069.0,72.1632380768019,21.15422301,29.51884
46111,Sanborn County,SD,67523.0,77.3549622934882,22.42601084,
46115,Spink County,SD,69262.0,77.2016545940285,24.813493349999998,47.85452
46117,Stanley County,SD,82778.0,78.5784066636503,23.13506408,98.94458999999999
46119,Sully County,SD,74496.0,,28.04551539,0.0
46121,Todd County,SD,50268.0,58.7454249507278,8.10957713,21.5378
46123,Tripp County,SD,58195.0,74.5229571957573,24.63974382,89.78273
46125,Turner County,SD,75454.0,77.9610035448545,20.12850338,
46127,Union County,SD,97016.0,80.7787648556579,19.75208054,47.41584
46129,Walworth County,SD,57426.0,76.9066978086685,24.3879294,114.32927
46135,Yankton County,SD,73061.0,79.1760748727587,22.36254624,103.01755999999999
46137,Ziebach County,SD,42254.0,65.8327140718262,11.54177433,
47001,Anderson County,TN,61009.0,72.6011324723365,20.14731909,50.27328000000001
47003,Bedford County,TN,69272.0,72.8020416499889,15.076807089999999,29.3433
47005,Benton County,TN,52795.0,70.5442689433757,24.28118984,25.201610000000002
47007,Bledsoe County,TN,50731.0,76.2967637168813,21.79282869,13.12853
47009,Blount County,TN,77206.0,74.7948616580389,21.491488519999997,68.31147
47011,Bradley County,TN,61440.0,73.7458587524228,17.813387820000003,48.11096
47013,Campbell County,TN,50443.0,68.555815730732,20.5603759,35.37319
47015,Cannon County,TN,60098.0,71.2766687891385,18.62842727,20.61431
47017,Carroll County,TN,51159.0,70.6268682935272,20.114345110000002,35.17164
47019,Carter County,TN,48885.0,72.7116147577595,23.06828943,30.28468
47021,Cheatham County,TN,82030.0,72.2536164687711,16.500213,57.799290000000006
47023,Chester County,TN,65714.0,72.8169339334306,17.425877540000002,28.5649
47025,Claiborne County,TN,53195.0,71.050323105959,20.582470750000002,52.685410000000005
47027,Clay County,TN,46575.0,71.8861872821785,25.641690430000004,39.7088
47029,Cocke County,TN,47491.0,68.0325500121983,22.15805796,38.44253
47031,Coffee County,TN,65038.0,71.7545456364199,17.76095526,52.513889999999996
47033,Crockett County,TN,56083.0,71.683926390658,19.06737234,
47035,Cumberland County,TN,60632.0,73.4248921107969,32.48919086,64.05022
47037,Davidson County,TN,80216.0,75.0842838029765,13.33924816,90.489
47041,DeKalb County,TN,57936.0,71.6727521482201,19.005889279999998,39.06632
47039,Decatur County,TN,52000.0,70.7147711327795,23.42141386,26.33658
47043,Dickson County,TN,74028.0,73.0978915918519,17.10236387,30.745860000000004
47045,Dyer County,TN,57548.0,69.9347427325903,17.86673242,32.77345
47047,Fayette County,TN,76680.0,75.2041353940848,23.61516695,30.351139999999997
47049,Fentress County,TN,47860.0,70.0579842429063,23.23822096,31.83024
47051,Franklin County,TN,64243.0,73.7798379097538,21.06194294,55.53627
47053,Gibson County,TN,57630.0,70.3221112066992,17.508081100000002,39.57183
47055,Giles County,TN,60422.0,71.578770066074,21.2655838,36.01598
47057,Grainger County,TN,57132.0,71.3376871882014,21.88728171,12.62467
47059,Greene County,TN,54188.0,71.9856368459725,22.28529699,52.39235
47061,Grundy County,TN,41370.0,69.6689311695201,20.65209602,
47063,Hamblen County,TN,55904.0,71.0570290237157,17.486710159999998,57.39282
47065,Hamilton County,TN,73319.0,75.5998146282898,18.72617568,109.17415
47067,Hancock County,TN,39077.0,70.8001623475421,22.72857964,
47069,Hardeman County,TN,47551.0,70.329628856368,18.82113662,15.73193
47071,Hardin County,TN,49126.0,70.808493214829,24.20213743,55.778670000000005
47073,Hawkins County,TN,54454.0,71.5157727696718,22.083617750000002,31.420189999999998
47075,Haywood County,TN,42579.0,70.5215166272958,21.629732230000002,22.60653
47077,Henderson County,TN,55656.0,71.7394153892964,19.330245809999997,17.88717
47079,Henry County,TN,52064.0,72.175154476462,24.31959206,68.24033
47081,Hickman County,TN,59650.0,69.8991539857565,18.36908542,19.757379999999998
47083,Houston County,TN,56951.0,70.8827245214832,20.4932682,24.04713
47085,Humphreys County,TN,63017.0,71.4893579206486,20.44874798,15.61605
47087,Jackson County,TN,48285.0,71.9356856076638,23.88578824,8.51064
47089,Jefferson County,TN,62730.0,72.9292583214023,20.92914693,44.94463
47091,Johnson County,TN,51597.0,72.2541878943704,24.0,33.02146
47093,Knox County,TN,70457.0,74.1597378628153,16.55245282,109.31275
47095,Lake County,TN,40778.0,70.3146604298398,17.07893493,
47097,Lauderdale County,TN,51486.0,70.721764006326,17.09874035,15.931180000000001
47099,Lawrence County,TN,55845.0,71.7586441050965,17.71696231,37.92273
47101,Lewis County,TN,55231.0,71.4752923433048,21.52915965,15.55573
47103,Lincoln County,TN,60974.0,72.1818761281083,20.48162791,42.33342
47105,Loudon County,TN,81605.0,75.3951245877462,28.096581999999998,54.68337
47111,Macon County,TN,57496.0,71.4581468878332,15.95566006,19.45601
47113,Madison County,TN,60663.0,73.1684798493668,18.43376045,138.69906
47115,Marion County,TN,57109.0,72.0023885901779,21.63229188,34.629639999999995
47117,Marshall County,TN,73770.0,73.6244286905281,16.61481021,17.1507
47119,Maury County,TN,74164.0,75.0624478733722,17.75911882,48.682700000000004
47107,McMinn County,TN,55852.0,71.2964440705506,20.54851108,49.945429999999995
47109,McNairy County,TN,54516.0,70.2922619064959,20.84241104,42.53674
47121,Meigs County,TN,56161.0,69.1182802199242,21.6127383,38.31711
47123,Monroe County,TN,58980.0,70.8249403159828,22.47602585,19.27277
47125,Montgomery County,TN,74701.0,73.9912535887248,10.30549626,40.36858
47127,Moore County,TN,66435.0,77.7259684948142,22.554831059999998,
47129,Morgan County,TN,55668.0,71.8561297602984,19.23700922,18.819989999999997
47131,Obion County,TN,54428.0,71.8885585955653,21.31465588,42.67052
47133,Overton County,TN,52236.0,71.8179904481532,20.61130878,39.406279999999995
47135,Perry County,TN,50014.0,73.1578000276256,21.43740862,23.60718
47137,Pickett County,TN,46177.0,75.3967935417869,28.724648990000002,59.06675
47139,Polk County,TN,57045.0,70.6735735482778,20.800754169999998,33.75338
47141,Putnam County,TN,57896.0,73.4178662874719,16.72272315,66.51229
47143,Rhea County,TN,57682.0,71.4216414011834,19.75592501,36.214389999999995
47145,Roane County,TN,65970.0,72.5751513479063,23.82166286,42.5989
47147,Robertson County,TN,81529.0,72.6544717016633,15.38501615,35.08867
47149,Rutherford County,TN,81987.0,75.9655861458027,11.50255652,43.72739
47151,Scott County,TN,46923.0,71.4151958667455,17.41915114,22.81334
47153,Sequatchie County,TN,62157.0,75.1567228790668,21.95676243,18.29715
47155,Sevier County,TN,60704.0,73.7414281818247,20.982749079999998,36.17472
47157,Shelby County,TN,62402.0,71.7934454601169,15.307205600000001,85.67219
47159,Smith County,TN,72153.0,72.0399089211731,17.61125718,39.65893
47161,Stewart County,TN,60634.0,72.8892234493721,21.10111095,7.2176100000000005
47163,Sullivan County,TN,57016.0,72.7217532766391,22.46893021,121.18168
47165,Sumner County,TN,86376.0,75.6436441064176,17.07597335,46.86947
47167,Tipton County,TN,70886.0,72.2776656614687,16.20414416,27.86703
47169,Trousdale County,TN,62658.0,71.9652008107551,13.13666368,33.23639
47171,Unicoi County,TN,54955.0,71.1827885561823,23.839828790000002,45.20285
47173,Union County,TN,64244.0,69.7901041444366,19.27583048,14.97006
47175,Van Buren County,TN,58584.0,70.3822881943805,23.933466810000002,
47177,Warren County,TN,49436.0,72.5470509156829,18.20207327,45.75777
47179,Washington County,TN,62028.0,73.8697620429038,19.36136396,185.4942
47181,Wayne County,TN,51817.0,73.686616487154,20.09834433,18.28265
47183,Weakley County,TN,55285.0,72.7934923636109,18.5346391,60.540020000000005
47185,White County,TN,63690.0,71.6200305857818,20.74794368,36.16637
47187,Williamson County,TN,136007.0,81.4723214322686,15.40648869,138.03351
47189,Wilson County,TN,96466.0,76.1284462015778,16.15956108,32.91271
48001,Anderson County,TX,56548.0,72.0277896701032,15.728488290000001,37.669940000000004
48003,Andrews County,TX,80936.0,74.5676878880324,10.37291042,48.806940000000004
48005,Angelina County,TX,57298.0,72.62575487684,17.157777799999998,65.89138
48007,Aransas County,TX,60112.0,73.277614823119,28.81689919,32.63974
48009,Archer County,TX,71672.0,77.6803533895308,21.56384982,
48011,Armstrong County,TX,68555.0,69.6656462108368,24.50873362,0.0
48013,Atascosa County,TX,58330.0,73.957045693296,15.085740770000001,20.02443
48015,Austin County,TX,73248.0,76.4763129913046,21.49509108,19.74984
48017,Bailey County,TX,51193.0,74.4966797640895,15.452637890000002,29.26116
48019,Bandera County,TX,66649.0,76.8616172006386,29.71241772,32.46
48021,Bastrop County,TX,77345.0,76.7479850865832,15.64480312,23.51604
48023,Baylor County,TX,49566.0,70.0814854944368,23.67889113,230.08341
48025,Bee County,TX,54072.0,73.0606149519172,12.88492707,16.16867
48027,Bell County,TX,69562.0,75.5140083412043,12.1614576,72.17801
48029,Bexar County,TX,69755.0,76.1464286289519,13.08932072,73.56146
48031,Blanco County,TX,91031.0,78.0368199510355,27.19957082,42.0663
48033,Borden County,TX,80738.0,,24.825174829999998,0.0
48035,Bosque County,TX,66325.0,73.587368437964,25.61591914,54.045289999999994
48037,Bowie County,TX,55343.0,72.2980108331507,17.69171202,72.36906
48039,Brazoria County,TX,93071.0,76.9343048313955,13.045134829999999,65.31661
48041,Brazos County,TX,55724.0,78.9549635269727,10.62594247,83.11113999999999
48043,Brewster County,TX,57871.0,79.7043753799255,24.09334595,126.98413
48045,Briscoe County,TX,57983.0,,23.73702422,71.27584
48047,Brooks County,TX,36695.0,70.3004683116507,16.96845794,
48049,Brown County,TX,57744.0,72.3234638350185,21.21212121,52.36699
48051,Burleson County,TX,63764.0,74.5626042031776,21.268292680000002,38.77902
48053,Burnet County,TX,77824.0,76.870264225277,24.00400067,41.21364
48055,Caldwell County,TX,63395.0,75.744684541671,15.51776008,25.64596
48057,Calhoun County,TX,68885.0,75.5516478551378,20.024370429999998,50.691950000000006
48059,Callahan County,TX,63378.0,73.477854658286,21.74759983,14.169319999999999
48061,Cameron County,TX,51716.0,76.3329326590478,14.50751096,49.16921
48063,Camp County,TX,53775.0,70.6542905989733,18.45384615,71.33798
48065,Carson County,TX,73716.0,72.0603201106915,21.04457298,
48067,Cass County,TX,52092.0,70.7293649548343,22.48508322,21.0084
48069,Castro County,TX,55135.0,75.3901298917963,17.18555417,27.12232
48071,Chambers County,TX,103034.0,76.1617403099814,11.8846982,14.32518
48073,Cherokee County,TX,57691.0,73.133224370431,18.13202597,50.88361
48075,Childress County,TX,53921.0,73.6123816997192,16.95639364,148.45606
48077,Clay County,TX,73557.0,75.6817711711434,24.20376234,38.974959999999996
48079,Cochran County,TX,46409.0,71.3722809043898,15.145476290000001,39.74563
48081,Coke County,TX,56786.0,73.9525153964676,27.05847255,
48083,Coleman County,TX,48955.0,70.5258345344124,25.478194339999998,51.712990000000005
48085,Collin County,TX,120149.0,81.311847988679,11.90604664,97.34448
48087,Collingsworth County,TX,48858.0,71.2288044315279,19.3523215,38.24092
48089,Colorado County,TX,61410.0,73.954775073288,23.30349955,53.32041
48091,Comal County,TX,99871.0,78.2989782574892,18.75180479,59.433330000000005
48093,Comanche County,TX,54726.0,74.8016700957608,23.42348754,58.076229999999995
48095,Concho County,TX,54909.0,84.2000963798531,21.80770397,29.931160000000002
48097,Cooke County,TX,75003.0,76.5515783593866,19.48517656,26.0392
48099,Coryell County,TX,72724.0,75.3190048386831,11.73566766,17.80796
48101,Cottle County,TX,52342.0,,26.275115919999998,0.0
48103,Crane County,TX,58133.0,73.461360611743,12.855268910000001,42.73504
48105,Crockett County,TX,58833.0,71.2015052997435,19.45416375,65.18905
48107,Crosby County,TX,46106.0,69.3318296862648,18.83262152,39.1696
48109,Culberson County,TX,54183.0,73.0911601576164,19.71766849,45.59964
48111,Dallam County,TX,61424.0,70.3956131101885,10.99903275,83.65867
48113,Dallas County,TX,74352.0,76.7227570772989,12.186967410000001,72.07904
48115,Dawson County,TX,55057.0,70.6933037379259,14.095301569999998,40.28035
48123,DeWitt County,TX,61067.0,74.5735843905008,20.41748206,60.247009999999996
48117,Deaf Smith County,TX,60118.0,74.2380506254778,12.93399466,10.911669999999999
48119,Delta County,TX,56945.0,72.0198660685226,20.65217391,
48121,Denton County,TX,107401.0,80.7435346375917,11.97654468,53.62944
48125,Dickens County,TX,47356.0,73.2689059626563,28.872004680000003,57.47126
48127,Dimmit County,TX,45002.0,70.9715181379582,16.45876226,35.40659
48129,Donley County,TX,48934.0,73.2766474456115,25.79340386,
48131,Duval County,TX,40415.0,70.3103678410748,17.63848397,
48133,Eastland County,TX,52188.0,72.0132780580067,22.16554859,22.3914
48135,Ector County,TX,66813.0,71.4587200185762,10.01434703,57.11058
48137,Edwards County,TX,51691.0,,29.863603729999998,69.54103
48141,El Paso County,TX,58656.0,76.4696980014228,13.450820799999999,49.65741
48139,Ellis County,TX,90077.0,76.7722978846755,13.112296870000002,37.9913
48143,Erath County,TX,63564.0,76.7499374325868,15.16913678,57.6329
48145,Falls County,TX,49940.0,73.9385298867779,19.26414439,5.77601
48147,Fannin County,TX,66381.0,73.295055812624,17.95799952,19.1419
48149,Fayette County,TX,71442.0,76.3948416584364,27.11392008,32.40572
48151,Fisher County,TX,61808.0,71.6179795424261,24.612403099999998,53.966539999999995
48153,Floyd County,TX,46817.0,72.933833479104,19.17485265,56.07477
48155,Foard County,TX,50030.0,,25.393883229999997,0.0
48157,Fort Bend County,TX,106213.0,80.9574808554224,12.97478779,84.67992000000001
48159,Franklin County,TX,59972.0,74.4568637905194,23.11131812,28.669719999999998
48161,Freestone County,TX,58850.0,74.4440724661203,20.88938897,30.342869999999998
48163,Frio County,TX,50112.0,72.4184373404873,12.23661533,21.69668
48165,Gaines County,TX,66019.0,73.8298263571774,9.23944412,9.134509999999999
48167,Galveston County,TX,83080.0,76.055944863905,16.24104339,70.41024
48169,Garza County,TX,53190.0,73.4637576647357,13.792340049999998,17.05611
48171,Gillespie County,TX,76238.0,78.6526318790361,30.84051491,117.22900000000001
48173,Glasscock County,TX,99602.0,,15.24978089,0.0
48175,Goliad County,TX,64024.0,77.8446906658926,26.02183651,
48177,Gonzales County,TX,56350.0,74.2363522767174,18.0983442,40.73112
48179,Gray County,TX,56726.0,72.295596335055,16.52801683,28.53067
48181,Grayson County,TX,69442.0,74.4105917336911,18.11213897,42.34369
48183,Gregg County,TX,61254.0,72.1295911069355,16.28367513,90.98155
48185,Grimes County,TX,64708.0,74.8874963393014,18.84572628,26.41397
48187,Guadalupe County,TX,94952.0,78.2196017547252,15.121462,25.98342
48189,Hale County,TX,52487.0,72.5788879008688,14.391864239999999,40.347609999999996
48191,Hall County,TX,40725.0,74.1585638475081,24.13058907,
48193,Hamilton County,TX,59403.0,74.2647621785281,25.20013923,97.21715999999999
48195,Hansford County,TX,68171.0,76.5435275326043,15.164661800000001,58.150800000000004
48197,Hardeman County,TX,50431.0,73.7749361176814,23.26647564,112.61260999999999
48199,Hardin County,TX,73943.0,73.6959782310746,17.857571959999998,17.55217
48201,Harris County,TX,72348.0,77.3496260321972,12.12223055,58.24836
48203,Harrison County,TX,62710.0,74.484254871394,17.92086889,30.36876
48205,Hartley County,TX,88312.0,77.944851571975,16.67638484,
48207,Haskell County,TX,49755.0,74.1348858842939,22.26555246,92.40436
48209,Hays County,TX,88491.0,79.4039986534378,12.401688499999999,44.244839999999996
48211,Hemphill County,TX,72565.0,80.5807637945062,19.12825337,122.28676000000002
48213,Henderson County,TX,58965.0,71.9735962935712,22.71292277,35.85643
48215,Hidalgo County,TX,53160.0,77.3054510550259,11.86337678,46.34489
48217,Hill County,TX,61840.0,72.5849123189111,20.366919499999998,24.677139999999998
48219,Hockley County,TX,60851.0,71.0457979905854,15.66635601,60.85287999999999
48221,Hood County,TX,82428.0,76.0346060349773,25.8653761,37.37037
48223,Hopkins County,TX,61112.0,73.9904832421509,18.903908620000003,24.1864
48225,Houston County,TX,52649.0,72.5480367744463,22.459893049999998,13.4886
48227,Howard County,TX,63398.0,71.5529553995102,13.87052432,20.511020000000002
48229,Hudspeth County,TX,47693.0,74.2684794163133,9.96812518,
48231,Hunt County,TX,70427.0,74.1473982196965,15.43755018,27.08088
48233,Hutchinson County,TX,64752.0,70.9780610313853,18.45454999,24.39619
48235,Irion County,TX,75689.0,,21.82052937,0.0
48237,Jack County,TX,62721.0,74.9678152548292,17.25070423,34.43526
48239,Jackson County,TX,62026.0,76.2756505263926,20.570264769999998,13.22664
48241,Jasper County,TX,58113.0,71.0326091390944,21.355600420000002,36.39121
48243,Jeff Davis County,TX,63614.0,79.7409564462259,45.25862069,51.30836
48245,Jefferson County,TX,59298.0,73.3657186203619,15.924706559999999,47.69337
48247,Jim Hogg County,TX,44736.0,72.5189284149045,18.0720339,20.82899
48249,Jim Wells County,TX,50814.0,71.179592946334,16.17091718,30.89042
48251,Johnson County,TX,83229.0,75.3635742348844,14.12131726,40.58095
48253,Jones County,TX,51671.0,73.6281667815558,15.475197490000001,10.06391
48255,Karnes County,TX,62059.0,74.0572653063855,14.369423359999999,27.111289999999997
48257,Kaufman County,TX,90064.0,74.7492317140999,10.418977869999999,20.91679
48259,Kendall County,TX,112618.0,79.8028877536532,20.72540911,85.49201000000001
48261,Kenedy County,TX,43037.0,,22.740524779999998,0.0
48263,Kent County,TX,62437.0,,25.749318799999998,0.0
48265,Kerr County,TX,64662.0,76.5370235499897,29.28127608,80.88636000000001
48267,Kimble County,TX,54562.0,78.5686895581499,30.95452499,91.63803
48269,King County,TX,85720.0,,26.267281110000003,0.0
48271,Kinney County,TX,53572.0,76.738521278225,26.14358323,
48273,Kleberg County,TX,52903.0,73.4306345750208,13.79826399,42.435120000000005
48275,Knox County,TX,55414.0,71.0133581671115,20.199878860000002,29.841839999999998
48283,La Salle County,TX,48675.0,73.2119391264091,15.129264189999999,
48277,Lamar County,TX,56275.0,72.3974155495347,19.07993819,43.91393
48279,Lamb County,TX,57113.0,72.1735817894705,17.66973488,23.25942
48281,Lampasas County,TX,71484.0,74.8240308562793,21.00421288,44.93978
48285,Lavaca County,TX,64145.0,77.2909546101359,24.43731467,58.41121
48287,Lee County,TX,71112.0,76.3309470603938,20.65241228,22.59121
48289,Leon County,TX,59488.0,73.2558778757195,24.55556899,
48291,Liberty County,TX,72329.0,72.7737249301701,11.39260381,21.511760000000002
48293,Limestone County,TX,53482.0,72.6382527241699,21.155056180000003,40.689
48295,Lipscomb County,TX,67386.0,76.1670924350867,20.37164487,
48297,Live Oak County,TX,59202.0,76.5123199459852,20.87361878,
48299,Llano County,TX,71475.0,76.2052818795328,37.22404372,68.25007
48301,Loving County,TX,86760.0,,0.0,0.0
48303,Lubbock County,TX,57883.0,73.4264243675076,13.611578490000001,78.86761
48305,Lynn County,TX,57338.0,71.856984599463,16.17774692,105.48523000000002
48313,Madison County,TX,53301.0,72.8522073451348,15.56541988,21.86908
48315,Marion County,TX,47660.0,71.1208782786839,27.562428169999997,
48317,Martin County,TX,81637.0,71.5409548448156,11.809815949999999,19.190170000000002
48319,Mason County,TX,62435.0,75.2915452311491,31.74764691,
48321,Matagorda County,TX,58996.0,73.5927004126614,18.545614569999998,35.76932
48323,Maverick County,TX,46052.0,72.7175152753143,11.929988569999999,24.11465
48307,McCulloch County,TX,47814.0,71.0608432217631,24.74503489,39.82477
48309,McLennan County,TX,63377.0,75.316297345545,15.562042270000001,76.77251
48311,McMullen County,TX,71112.0,,23.94366197,0.0
48325,Medina County,TX,70707.0,76.658497590041,17.76192127,28.8567
48327,Menard County,TX,45438.0,74.8237102844348,32.788559750000005,50.45409
48329,Midland County,TX,94375.0,75.5508059300896,10.761795059999999,38.10227
48331,Milam County,TX,63456.0,74.6972779508355,21.65619822,3.98311
48333,Mills County,TX,56328.0,75.3906900896752,28.23218997,22.32143
48335,Mitchell County,TX,53255.0,73.2998863256014,14.644628100000002,55.12679
48337,Montague County,TX,60336.0,71.6994900645028,21.752014080000002,24.499
48339,Montgomery County,TX,92578.0,78.2183183210594,14.03534668,63.18521
48341,Moore County,TX,64003.0,74.8116884349482,11.807456349999999,33.14708
48343,Morris County,TX,51598.0,71.3436918671231,22.393502400000003,24.937659999999997
48345,Motley County,TX,48952.0,,28.92156863,0.0
48347,Nacogdoches County,TX,52516.0,73.5402082449843,16.16826004,71.13255
48349,Navarro County,TX,59659.0,73.7627595732685,16.64959108,27.98977
48351,Newton County,TX,51302.0,71.7749718245298,23.80596395,8.16927
48353,Nolan County,TX,53370.0,73.4806514421289,19.00601146,47.95506
48355,Nueces County,TX,63669.0,74.5634150341622,16.39704901,79.01914000000001
48357,Ochiltree County,TX,71770.0,73.922587314682,13.24196208,40.89143
48359,Oldham County,TX,68640.0,76.3566569700779,16.65731913,0.0
48361,Orange County,TX,66029.0,71.8995650113799,16.35869438,16.52073
48363,Palo Pinto County,TX,55417.0,73.1529704770365,20.44239755,48.80429
48365,Panola County,TX,63482.0,71.1710643004458,20.57535686,22.050720000000002
48367,Parker County,TX,98121.0,76.8949992651847,16.15387276,38.27409
48369,Parmer County,TX,62913.0,75.6662569372754,15.48299886,10.19056
48371,Pecos County,TX,58265.0,72.4941756108564,13.642891339999998,46.30242
48373,Polk County,TX,57009.0,70.110499108511,18.94400768,48.17048
48375,Potter County,TX,51177.0,70.8168685419663,14.51673397,87.51834
48377,Presidio County,TX,42699.0,81.259029495782,23.5202761,48.859930000000006
48379,Rains County,TX,63796.0,75.2969773633356,25.49668874,7.9942400000000005
48381,Randall County,TX,81705.0,76.3468046783715,16.096590329999998,54.91679
48383,Reagan County,TX,72585.0,73.9270349945154,13.021330789999999,30.740850000000002
48385,Real County,TX,49014.0,71.2066013592715,30.48353189,70.77140999999999
48387,Red River County,TX,49265.0,68.1818793281958,26.0575441,25.96279
48389,Reeves County,TX,57179.0,73.6168598728848,12.75276126,34.5137
48391,Refugio County,TX,52641.0,73.3818515640121,21.99219922,14.801659999999998
48393,Roberts County,TX,76634.0,,21.66666667,0.0
48395,Robertson County,TX,60078.0,74.1834436291509,21.56715121,11.79384
48397,Rockwall County,TX,118175.0,79.0641532632427,12.73961023,66.162
48399,Runnels County,TX,61643.0,72.7503943614937,21.05796514,70.40129
48401,Rusk County,TX,65812.0,73.6410967411718,17.58134102,22.75183
48403,Sabine County,TX,58723.0,70.3482151989573,31.05086087,19.9223
48405,San Augustine County,TX,50908.0,70.6217155061305,26.75858547,25.24615
48407,San Jacinto County,TX,66009.0,73.5905847930874,23.123444839999998,7.17412
48409,San Patricio County,TX,61411.0,73.152759821791,15.57175205,22.955849999999998
48411,San Saba County,TX,52325.0,74.7411724499937,23.07955518,34.32298
48413,Schleicher County,TX,60063.0,78.9278368026578,21.03722292,
48415,Scurry County,TX,69881.0,72.8820272111083,16.11152233,59.4389
48417,Shackelford County,TX,68681.0,75.5690280543315,21.3378755,31.13325
48419,Shelby County,TX,54359.0,71.2754562388964,18.387857229999998,16.709139999999998
48421,Sherman County,TX,66202.0,77.6850658757108,16.39283047,
48423,Smith County,TX,71348.0,75.4227480726782,17.68776839,98.65675
48425,Somervell County,TX,78913.0,76.7041461049233,20.398462780000003,73.92544
48427,Starr County,TX,38824.0,73.9329432897534,11.24154457,25.73847
48429,Stephens County,TX,59099.0,73.7416121215724,20.7535053,32.70468
48431,Sterling County,TX,80859.0,,14.88904796,0.0
48433,Stonewall County,TX,56413.0,,27.914614119999996,82.16927
48435,Sutton County,TX,63893.0,74.1394764901829,21.26668736,120.51823
48437,Swisher County,TX,52350.0,70.3029283494375,17.08123652,14.269409999999999
48439,Tarrant County,TX,80083.0,76.9877896886163,12.66178244,58.26538
48441,Taylor County,TX,62128.0,73.4839579505808,15.0746411,66.98017
48443,Terrell County,TX,47947.0,,31.149927220000002,0.0
48445,Terry County,TX,44361.0,70.8439395728004,15.224733700000002,34.030969999999996
48447,Throckmorton County,TX,51546.0,,26.867627789999997,66.88963
48449,Titus County,TX,57559.0,74.5202837578978,15.380935679999999,41.68938
48451,Tom Green County,TX,60379.0,74.9084599231253,17.43702596,72.02017
48453,Travis County,TX,97544.0,80.3729199431161,11.40250539,83.74491
48455,Trinity County,TX,49277.0,72.0887024009026,26.672757940000004,14.46445
48457,Tyler County,TX,54438.0,71.6372696727027,22.632715140000002,24.90412
48459,Upshur County,TX,61533.0,73.364765688316,18.95519974,21.5445
48461,Upton County,TX,59047.0,74.8586904246708,16.88645867,
48463,Uvalde County,TX,49006.0,72.0788695875665,16.426282049999998,32.35068
48465,Val Verde County,TX,56619.0,74.883973890979,13.503772,33.63889
48467,Van Zandt County,TX,66356.0,73.8386649014237,20.514062499999998,8.15993
48469,Victoria County,TX,69442.0,74.7317595146484,17.540146619999998,72.55618
48471,Walker County,TX,56863.0,76.5624626046493,14.26145592,26.93102
48473,Waller County,TX,77209.0,75.9290831954117,11.779144969999999,11.70941
48475,Ward County,TX,65610.0,72.3327044246734,13.8427868,8.933359999999999
48477,Washington County,TX,67927.0,76.8871881617518,23.236144510000003,61.296699999999994
48479,Webb County,TX,57899.0,75.7663813418842,10.57782335,30.603299999999997
48481,Wharton County,TX,60496.0,73.7147223289098,18.55578715,38.34999
48483,Wheeler County,TX,54682.0,71.3326381214517,20.98251457,20.29633
48485,Wichita County,TX,61622.0,72.9586653245525,15.65447841,83.03285
48487,Wilbarger County,TX,53416.0,71.3607168312931,19.389873820000002,31.41937
48489,Willacy County,TX,42279.0,72.8525688354103,15.03219045,39.37783
48491,Williamson County,TX,111183.0,80.7136588054702,13.08837894,68.27096
48493,Wilson County,TX,85288.0,76.8199486320062,17.20650388,46.82287
48495,Winkler County,TX,67901.0,71.1956758650728,12.422444019999999,26.97235
48497,Wise County,TX,89873.0,75.1345741632226,15.89305607,37.64955
48499,Wood County,TX,58813.0,73.6228704461038,27.75609858,32.69755
48501,Yoakum County,TX,64634.0,72.1242749745749,12.4799143,26.291569999999997
48503,Young County,TX,64187.0,71.2046140983373,20.801147649999997,83.43995000000001
48505,Zapata County,TX,41688.0,74.693965834666,13.51193943,
48507,Zavala County,TX,36878.0,69.8787389662687,14.712199309999999,
49001,Beaver County,UT,67100.0,74.855930427958,15.88552468,82.77004000000001
49003,Box Elder County,UT,83493.0,77.4984264508452,13.169229790000001,28.481440000000003
49005,Cache County,UT,83027.0,80.2484192821231,10.31090011,41.47958
49007,Carbon County,UT,59838.0,72.7570578841322,19.510893300000003,39.26959
49009,Daggett County,UT,65231.0,,26.61290323,0.0
49011,Davis County,UT,111081.0,79.3476393497991,11.38269111,45.74105
49013,Duchesne County,UT,75705.0,75.7251029687095,13.76178151,40.424459999999996
49015,Emery County,UT,68823.0,74.8451425192591,18.17823344,10.03311
49017,Garfield County,UT,64844.0,77.5630940638042,23.74858863,38.99396
49019,Grand County,UT,67360.0,80.2689215906673,20.88398928,124.18504
49021,Iron County,UT,68170.0,78.3386744204233,14.07858467,33.04747
49023,Juab County,UT,85382.0,77.6797175987163,11.94809184,82.27067
49025,Kane County,UT,69247.0,78.2611120215885,24.106824930000002,50.050050000000006
49027,Millard County,UT,66467.0,76.6662044974917,17.87601399,60.771800000000006
49029,Morgan County,UT,122672.0,81.0353361603911,12.81538462,79.00766
49031,Piute County,UT,58106.0,,28.77419355,0.0
49033,Rich County,UT,78332.0,83.7258285017194,20.4494382,
49035,Salt Lake County,UT,94013.0,78.550017051507,12.36198288,76.27984
49037,San Juan County,UT,57941.0,72.7600908306487,15.796071880000001,62.11609
49039,Sanpete County,UT,67295.0,77.1644885543716,14.4433068,41.22861
49041,Sevier County,UT,75024.0,77.2486048379657,17.190297169999997,45.649589999999996
49043,Summit County,UT,139848.0,84.0100592993136,16.64678781,139.23375
49045,Tooele County,UT,94200.0,77.1234930583472,9.41731362,14.352820000000001
49047,Uintah County,UT,70989.0,74.5863542346736,12.671205660000002,38.669760000000004
49049,Utah County,UT,100617.0,79.4011961878678,8.06619817,40.87675
49051,Wasatch County,UT,121397.0,80.9917156401753,14.55685979,49.76087
49053,Washington County,UT,78094.0,80.1680710557238,22.39888961,53.862970000000004
49055,Wayne County,UT,60858.0,75.4933637860539,23.94797246,
49057,Weber County,UT,86678.0,76.9467477727013,12.707869050000001,43.8094
51001,Accomack County,VA,56039.0,73.8162734151065,26.75772436,36.094570000000004
51003,Albemarle County,VA,102750.0,81.4589526503772,21.26802448,139.16413
51510,Alexandria city,VA,109902.0,82.1803110011433,13.48772789,80.15203
51005,Alleghany County,VA,58215.0,73.1367323587828,26.515930110000003,40.03737
51007,Amelia County,VA,71112.0,73.5655687450445,21.51335312,7.53693
51009,Amherst County,VA,61499.0,75.4926726886718,22.655752330000002,22.38353
51011,Appomattox County,VA,64701.0,77.184930516415,21.42433586,12.23017
51013,Arlington County,VA,138416.0,83.9397401452574,12.41747166,77.26483
51015,Augusta County,VA,72831.0,77.9566569393124,23.21750355,52.86026
51017,Bath County,VA,60234.0,74.4050571765515,30.017279679999998,
51019,Bedford County,VA,72742.0,76.9564249505321,23.882244710000002,74.87738999999999
51021,Bland County,VA,57748.0,75.5022837948576,25.505745270000002,
51023,Botetourt County,VA,84395.0,77.5898411393496,24.59194139,56.10347
51520,Bristol city,VA,45240.0,71.685763269659,22.59177724,64.501
51025,Brunswick County,VA,51441.0,72.6910330683118,22.97288717,25.0941
51027,Buchanan County,VA,43446.0,69.3660795700045,24.697438050000002,25.232139999999998
51029,Buckingham County,VA,57701.0,74.8435265161288,21.01543174,11.8015
51530,Buena Vista city,VA,53778.0,71.235837521646,18.7785562,
51031,Campbell County,VA,69570.0,76.4636705654189,21.88529039,14.41649
51033,Caroline County,VA,80562.0,74.9246897958107,17.38051471,9.574879999999999
51035,Carroll County,VA,53694.0,74.553168481583,26.741680629999998,92.9496
51036,Charles City County,VA,73068.0,75.933025768161,27.367624810000002,15.165299999999998
51037,Charlotte County,VA,50878.0,71.744410134301,22.88285109,52.410900000000005
51540,Charlottesville city,VA,72542.0,78.3058710985199,14.08309806,284.63829
51550,Chesapeake city,VA,91582.0,76.8719385871844,14.99767612,78.00405
51041,Chesterfield County,VA,99401.0,77.7933249054777,16.5246069,80.66083
51043,Clarke County,VA,101205.0,77.2779887443347,23.61955257,33.59989
51570,Colonial Heights city,VA,70161.0,71.7581467362131,17.767628990000002,125.86876999999998
51580,Covington city,VA,49519.0,69.1223647519254,19.85572588,52.475069999999995
51045,Craig County,VA,61531.0,73.8433159918162,26.12017345,41.109970000000004
51047,Culpeper County,VA,90465.0,77.014031672456,17.24301021,33.5846
51049,Cumberland County,VA,55713.0,76.5675851257929,23.55740028,30.988530000000004
51590,Danville city,VA,45423.0,68.3165680310074,21.15591462,111.33483
51051,Dickenson County,VA,48157.0,71.9120715858743,25.10997067,21.759629999999998
51053,Dinwiddie County,VA,83334.0,74.661648742827,19.630949440000002,14.33075
51595,Emporia city,VA,45894.0,66.7641923622307,19.91579718,
51057,Essex County,VA,62679.0,73.0413881677991,24.9669749,37.832209999999996
51059,Fairfax County,VA,141353.0,84.5365520137622,15.575656939999998,111.34313999999999
51600,Fairfax city,VA,119079.0,76.0561108983509,14.26185173,8.23859
51610,Falls Church city,VA,145755.0,78.2567383013816,15.491998639999998,296.69496000000004
51061,Fauquier County,VA,111254.0,79.0450833855349,17.88066254,44.70636
51063,Floyd County,VA,61164.0,76.3773023909037,25.00797245,32.12129
51065,Fluvanna County,VA,86462.0,79.6925542702622,22.02234558,21.642680000000002
51067,Franklin County,VA,63692.0,75.6603962366503,25.32178797,34.58444
51620,Franklin city,VA,53310.0,66.6487970051806,18.86317304,109.52902999999999
51069,Frederick County,VA,92108.0,78.4548730150901,19.33141655,44.81578
51630,Fredericksburg city,VA,75915.0,74.6279772793679,11.75331858,176.26115000000001
51640,Galax city,VA,46891.0,66.3664278767077,16.83787405,
51071,Giles County,VA,63384.0,72.2228184631463,22.20331774,48.30335
51073,Gloucester County,VA,79016.0,76.0738741323717,21.85635469,46.07233
51075,Goochland County,VA,122002.0,80.1874748726868,26.308048680000002,70.62147
51077,Grayson County,VA,42665.0,74.6189040984774,26.27412496,13.02168
51079,Greene County,VA,83927.0,78.3212479260642,19.459180319999998,23.845860000000002
51081,Greensville County,VA,53908.0,71.4132777708795,17.03045001,34.97421
51083,Halifax County,VA,50813.0,72.0781760266346,26.40882986,38.53222
51650,Hampton city,VA,67764.0,74.6136861280262,17.0834002,37.02467
51085,Hanover County,VA,111485.0,77.8739210623537,19.72351684,72.57869
51660,Harrisonburg city,VA,58597.0,78.2430660002095,10.51838221,134.16294
51087,Henrico County,VA,85877.0,77.1674152971064,17.53166448,104.93054000000001
51089,Henry County,VA,51959.0,70.8587146059963,25.168001290000003,45.77297
51091,Highland County,VA,56021.0,78.912709665906,38.9910218,134.77089
51670,Hopewell city,VA,49111.0,67.3006233992545,15.805203940000002,30.250649999999997
51093,Isle of Wight County,VA,88536.0,76.8318635083008,20.44164968,40.73527
51095,James City County,VA,109735.0,81.1054942173317,27.242480699999998,111.41434000000001
51099,King George County,VA,101323.0,77.6153148850729,14.69476337,21.82691
51101,King William County,VA,88124.0,75.2376343702123,17.16763006,33.01965
51097,King and Queen County,VA,66578.0,73.6662915861075,24.86607143,30.02101
51103,Lancaster County,VA,66220.0,75.2731853829211,38.79731099,36.60322
51105,Lee County,VA,44110.0,71.9328032740481,23.67900667,31.84279
51678,Lexington city,VA,62342.0,78.7156579906436,14.266737509999999,
51107,Loudoun County,VA,173655.0,83.8216445514882,11.39253851,76.00703
51109,Louisa County,VA,79459.0,75.9186367020785,21.55128299,10.29654
51111,Lunenburg County,VA,51013.0,73.9766212116672,23.999003159999997,16.77008
51680,Lynchburg city,VA,58962.0,73.4489998159511,14.506820900000001,126.56786000000001
51113,Madison County,VA,76864.0,78.4136956028329,23.75424689,7.17257
51685,Manassas Park city,VA,92611.0,88.9139431764468,10.2805452,
51683,Manassas city,VA,92198.0,76.6522050565253,11.181375300000001,96.00075
51690,Martinsville city,VA,44547.0,65.7811862876049,16.56615563,
51115,Mathews County,VA,73034.0,75.8257600872753,32.58163026,35.10414
51117,Mecklenburg County,VA,53288.0,73.0094202045727,27.55481597,56.202059999999996
51119,Middlesex County,VA,67586.0,73.4713256414171,33.95276456,37.102309999999996
51121,Montgomery County,VA,67620.0,78.7408776637338,14.483205969999998,72.10098
51125,Nelson County,VA,77049.0,76.6600783866381,30.43862632,81.1359
51127,New Kent County,VA,115854.0,77.3107869374213,18.92171118,29.29238
51700,Newport News city,VA,63911.0,74.2327122143976,14.52615254,56.883750000000006
51710,Norfolk city,VA,61098.0,73.282977118859,13.556055950000001,99.1114
51131,Northampton County,VA,53822.0,73.2462394944448,30.70460028,107.57137
51133,Northumberland County,VA,69662.0,76.1692703075544,37.49495602,83.13243
51720,Norton city,VA,42618.0,64.9636412819013,18.18442153,81.83306
51135,Nottoway County,VA,58168.0,72.5731676880897,18.68174226,38.47634
51137,Orange County,VA,82738.0,75.230621672643,20.91823508,45.71367
51139,Page County,VA,57960.0,73.8884800933756,22.854976620000002,25.20267
51141,Patrick County,VA,51200.0,72.1965100434309,27.808555600000002,22.72469
51730,Petersburg city,VA,46216.0,64.3228395703452,16.980395689999998,65.81112
51143,Pittsylvania County,VA,54627.0,74.9429692006921,25.46373235,8.33722
51735,Poquoson city,VA,108161.0,78.2066250928459,19.58053027,79.52919
51740,Portsmouth city,VA,57012.0,70.4646246357484,15.59513601,60.30253
51145,Powhatan County,VA,100814.0,77.8886308329987,20.638529820000002,54.59918
51147,Prince Edward County,VA,55264.0,74.0097701619641,17.17991746,63.83367
51149,Prince George County,VA,82207.0,78.8696464857237,13.59427119,16.32463
51153,Prince William County,VA,128758.0,80.5964321874866,11.805612290000001,44.171800000000005
51155,Pulaski County,VA,59839.0,73.6172968636854,23.740900309999997,32.5839
51750,Radford city,VA,47325.0,74.8135924349729,9.75192976,54.548759999999994
51157,Rappahannock County,VA,88237.0,78.8478376288422,29.63312652,27.00149
51159,Richmond County,VA,61655.0,76.350810508907,21.99477352,11.090160000000001
51760,Richmond city,VA,64903.0,74.4365088259498,14.522763659999999,105.91163
51161,Roanoke County,VA,80929.0,77.5222825955572,22.54550327,124.23774999999999
51770,Roanoke city,VA,51782.0,70.1596930088393,18.21428204,110.25135
51163,Rockbridge County,VA,64813.0,76.1860416216592,28.267286879999997,92.75209
51165,Rockingham County,VA,79332.0,78.0644715084975,20.521439790000002,24.88329
51167,Russell County,VA,51459.0,73.0779167725821,24.182596070000002,35.225049999999996
51775,Salem city,VA,63701.0,73.2107143986154,20.1953125,137.94191
51169,Scott County,VA,46015.0,73.3733624009488,25.60537489,32.68126
51171,Shenandoah County,VA,75129.0,76.5650251891659,22.348987349999998,33.51806
51173,Smyth County,VA,52646.0,70.7818052254347,22.92579409,50.887130000000006
51175,Southampton County,VA,65742.0,75.3314403829677,22.59805285,22.21482
51177,Spotsylvania County,VA,109834.0,77.9046370803325,15.679065170000001,48.02472
51179,Stafford County,VA,130751.0,79.3232471477828,11.78216505,26.1069
51790,Staunton city,VA,59926.0,74.9383568854354,21.45475593,46.76357
51800,Suffolk city,VA,81297.0,75.3872902603664,15.596220899999999,76.92787
51181,Surry County,VA,68714.0,75.5993543216681,26.23995146,15.31394
51183,Sussex County,VA,53020.0,72.2334208120262,19.53146788,27.873269999999998
51185,Tazewell County,VA,45959.0,70.5318700017579,23.9698364,47.58923
51810,Virginia Beach city,VA,90275.0,78.7336391170235,16.51298691,71.23004999999999
51187,Warren County,VA,89337.0,74.7291302175536,17.57761155,58.64386
51191,Washington County,VA,57758.0,74.2976460740939,25.09713228,91.35825
51820,Waynesboro city,VA,56438.0,73.5732445063486,18.38495384,84.25721
51193,Westmoreland County,VA,66975.0,75.33835187905,28.059748589999998,21.354969999999998
51830,Williamsburg city,VA,70270.0,78.6484317878545,16.82337351,12.828739999999998
51840,Winchester city,VA,63514.0,74.1977760846532,17.41318753,255.89991000000003
51195,Wise County,VA,50442.0,70.8321832592904,20.31045659,22.44228
51197,Wythe County,VA,59026.0,72.5797491552059,22.68360376,42.58641
51199,York County,VA,101987.0,80.8666098225044,18.36875634,115.63139000000001
50001,Addison County,VT,82234.0,80.6467101515187,23.51007423,112.72142
50003,Bennington County,VT,67124.0,76.7110739601787,25.28574886,115.24443
50005,Caledonia County,VT,64229.0,76.7321930290115,23.38451486,78.93957999999999
50007,Chittenden County,VT,96142.0,80.8091711307939,17.55004986,174.69575999999998
50009,Essex County,VT,58359.0,77.414818732492,28.502495839999998,16.87764
50011,Franklin County,VT,85765.0,77.5706635433887,18.65709691,67.56085
50013,Grand Isle County,VT,82896.0,78.5263603064459,24.588188029999998,67.37635999999999
50015,Lamoille County,VT,72811.0,79.1803585075213,19.45510361,88.03491
50017,Orange County,VT,73771.0,79.0738069323405,24.45312761,81.24302
50019,Orleans County,VT,59906.0,76.2004110284438,23.93879924,72.60582
50021,Rutland County,VT,62634.0,76.5323118028602,25.33722686,72.61805000000001
50023,Washington County,VT,79916.0,78.9774155435432,22.21908151,96.71664
50025,Windham County,VT,64436.0,78.5564276558298,26.112779009999997,88.95639
50027,Windsor County,VT,77932.0,77.9248691418959,26.28526187,109.97318999999999
53001,Adams County,WA,67056.0,77.0019909680983,12.23342939,33.94598
53003,Asotin County,WA,64789.0,76.694406097791,26.138631420000003,66.97326
53005,Benton County,WA,83040.0,77.8403314992339,16.23183827,70.4678
53007,Chelan County,WA,74848.0,79.2911445997743,21.60331012,110.48891
53009,Clallam County,WA,67071.0,77.2726497188533,32.98675531,95.89689
53011,Clark County,WA,97240.0,78.5749910111096,17.08701909,75.86957
53013,Columbia County,WA,66267.0,76.6153189173569,29.11423637,74.22068
53015,Cowlitz County,WA,71996.0,75.0934802202445,20.185355830000002,55.593410000000006
53017,Douglas County,WA,69808.0,80.6746024139751,18.962900129999998,27.462469999999996
53019,Ferry County,WA,57090.0,73.4550213368402,30.6122449,109.99587999999999
53021,Franklin County,WA,82542.0,78.8809553889976,10.61554618,20.352510000000002
53023,Garfield County,WA,63313.0,76.9734284575952,27.16885315,85.25149
53025,Grant County,WA,71374.0,76.8542936398755,14.98470948,39.881550000000004
53027,Grays Harbor County,WA,65758.0,74.6432019784651,24.07685341,36.43888
53029,Island County,WA,88451.0,80.7612046672431,27.829877009999997,44.60609
53031,Jefferson County,WA,77856.0,80.0964223073927,42.08340749,83.32093
53033,King County,WA,120672.0,81.0566059290284,14.49576909,119.12241000000002
53035,Kitsap County,WA,98894.0,79.5366406656626,20.311678399999998,67.44096
53037,Kittitas County,WA,66374.0,79.8040267731006,18.99006768,50.550560000000004
53039,Klickitat County,WA,69596.0,79.4376484707985,25.694179490000003,56.23324
53041,Lewis County,WA,67877.0,75.5973133455206,21.76103257,46.20963
53043,Lincoln County,WA,71908.0,79.405327442813,26.73368547,26.7094
53045,Mason County,WA,75138.0,76.5612499314068,25.004021110000004,26.621309999999998
53047,Okanogan County,WA,58085.0,76.0525974786064,23.83784773,82.09410000000001
53049,Pacific County,WA,61773.0,76.0905362984134,34.56198347,20.87857
53051,Pend Oreille County,WA,63611.0,72.8857858168232,27.44237866,57.61198
53053,Pierce County,WA,97493.0,77.3862022158123,15.223388490000001,71.72888
53055,San Juan County,WA,86442.0,87.4297835276369,36.89540019,64.66562
53057,Skagit County,WA,90432.0,78.5300437103027,23.27781033,81.86937999999999
53059,Skamania County,WA,85131.0,82.5146562881399,25.77531646,
53061,Snohomish County,WA,106067.0,79.2646690486322,15.2950953,53.38676
53063,Spokane County,WA,73380.0,76.8956057098292,17.80380992,86.98996
53065,Stevens County,WA,67525.0,76.8778593670615,25.937301639999998,69.58209
53067,Thurston County,WA,92357.0,78.3082922428436,19.32589305,87.25506
53069,Wahkiakum County,WA,69726.0,79.6488737428338,34.31269675,
53071,Walla Walla County,WA,71348.0,77.7154199062459,20.55288462,100.50732
53073,Whatcom County,WA,75920.0,79.6363099345867,19.24939311,93.9558
53075,Whitman County,WA,59044.0,78.0729230877068,11.73248355,68.93238
53077,Yakima County,WA,67112.0,74.9916768124786,14.730579050000001,61.71030999999999
55001,Adams County,WI,57944.0,75.9329589385981,32.93859854,9.58084
55003,Ashland County,WI,52158.0,74.0055554415537,22.53871509,173.83746
55005,Barron County,WI,66507.0,77.6455353941216,24.113338879999997,100.60146999999999
55007,Bayfield County,WI,64339.0,79.3850575747785,32.20227801,42.892160000000004
55009,Brown County,WI,77645.0,78.727876589207,16.88361451,69.36433
55011,Buffalo County,WI,73869.0,81.7172116832244,24.24174678,22.552999999999997
55013,Burnett County,WI,67061.0,79.1767219752425,32.939386850000005,17.91687
55015,Calumet County,WI,86890.0,81.2207240345605,17.87063667,15.226780000000002
55017,Chippewa County,WI,76637.0,78.8318040530969,20.28968195,71.78644
55019,Clark County,WI,66994.0,76.8179155272721,17.88980273,20.1462
55021,Columbia County,WI,79582.0,78.5441008853553,20.29918576,39.324310000000004
55023,Crawford County,WI,57014.0,78.666662434614,25.928248869999997,74.65008
55025,Dane County,WI,84190.0,80.7695461019707,15.57042967,128.02531
55027,Dodge County,WI,73861.0,76.7279744528574,19.509016109999997,57.10255
55029,Door County,WI,74247.0,80.2274280570371,33.3976834,69.14945999999999
55031,Douglas County,WI,73372.0,76.4120140505109,21.47343213,24.88519
55033,Dunn County,WI,71215.0,79.8213519164467,17.26645412,74.64817000000001
55035,Eau Claire County,WI,72806.0,78.7489947524719,17.48607546,141.84797
55037,Florence County,WI,66442.0,77.8064569791622,31.225971810000004,65.31679000000001
55039,Fond du Lac County,WI,73485.0,77.8491930706423,20.36402817,47.91016
55041,Forest County,WI,59190.0,74.1140153685642,25.973190350000003,
55043,Grant County,WI,63246.0,78.020845346867,18.96360559,42.21838
55045,Green County,WI,78114.0,79.193219655394,21.38507754,72.99665
55047,Green Lake County,WI,64516.0,76.8678918756128,24.08498759,83.20766
55049,Iowa County,WI,77433.0,79.694649116921,21.73568208,50.51355
55051,Iron County,WI,58900.0,79.016123178219,33.18882466,16.18647
55053,Jackson County,WI,61023.0,76.416035390209,21.419323900000002,89.95786000000001
55055,Jefferson County,WI,82356.0,78.037468907125,19.29370328,38.849579999999996
55057,Juneau County,WI,63587.0,76.0359812200035,22.866060009999998,74.6213
55059,Kenosha County,WI,75699.0,76.7340178899867,16.56178353,49.190430000000006
55061,Kewaunee County,WI,77472.0,79.9163506675506,22.904784919999997,53.54622
55063,La Crosse County,WI,71260.0,78.8576857370993,18.52165397,139.49665000000002
55065,Lafayette County,WI,73114.0,79.4429242274083,20.84390676,23.83222
55067,Langlade County,WI,57907.0,76.7036923733303,26.587301590000003,82.04287000000001
55069,Lincoln County,WI,71871.0,75.8648597163991,24.397113179999998,49.05224
55071,Manitowoc County,WI,69652.0,78.0036171184366,23.1990262,46.62291
55073,Marathon County,WI,74505.0,78.4025595648327,19.696707359999998,94.4438
55075,Marinette County,WI,62650.0,76.0233902317725,25.80154847,57.31343
55077,Marquette County,WI,67207.0,74.8766251022577,27.225659810000003,18.99696
55078,Menominee County,WI,49791.0,62.9555634741242,16.138192139999997,93.26182999999999
55079,Milwaukee County,WI,63304.0,74.340074597888,15.18470211,77.04252
55081,Monroe County,WI,63372.0,76.9058495394941,18.45247124,62.78007
55083,Oconto County,WI,69599.0,78.4808618384025,23.429289750000002,30.490900000000003
55085,Oneida County,WI,66650.0,77.9283774277115,29.18432481,70.57163
55087,Outagamie County,WI,86098.0,79.0206434995392,17.16364615,90.3182
55089,Ozaukee County,WI,98394.0,81.0370645168949,22.330408730000002,150.27514
55091,Pepin County,WI,70012.0,81.7677215603397,24.91600591,67.89788
55093,Pierce County,WI,95522.0,79.7878435443546,17.16404035,37.57015
55095,Polk County,WI,71613.0,77.7515276155805,23.228879860000003,79.24105
55097,Portage County,WI,71295.0,79.3198160190915,18.752815950000002,45.41068
55099,Price County,WI,60223.0,78.3909940777212,29.42844987,14.234879999999999
55101,Racine County,WI,74555.0,75.831468031514,18.604059749999998,43.169999999999995
55103,Richland County,WI,60639.0,78.4786528669516,25.15555039,75.5287
55105,Rock County,WI,73656.0,76.3107491470394,18.40416854,51.1008
55107,Rusk County,WI,58513.0,76.3298437461124,26.387612249999997,49.56454
55111,Sauk County,WI,79349.0,77.6715195401237,20.61438107,100.46121000000001
55113,Sawyer County,WI,59053.0,74.8958536210436,28.89176369,76.52364
55115,Shawano County,WI,67562.0,77.5745529426024,22.55953684,53.84371
55117,Sheboygan County,WI,73970.0,78.105228936435,20.327467900000002,61.148050000000005
55109,St. Croix County,WI,103731.0,79.7647121547058,16.59621963,52.607209999999995
55119,Taylor County,WI,65125.0,79.2343091084055,21.99621099,25.096619999999998
55121,Trempealeau County,WI,69119.0,79.3656979397216,19.346904430000002,26.038279999999997
55123,Vernon County,WI,69389.0,77.7673690664917,21.69393648,103.50962
55125,Vilas County,WI,63779.0,76.4618050989348,32.47226293,72.27891
55127,Walworth County,WI,76573.0,78.0424639531302,20.68756969,43.07156
55129,Washburn County,WI,63438.0,75.9477641763454,28.505611339999998,95.51098
55131,Washington County,WI,93830.0,79.5603385601379,20.55758207,58.31966
55133,Waukesha County,WI,99168.0,80.3380727204728,21.077289620000002,140.18143
55135,Waupaca County,WI,68545.0,76.4647666331555,21.7171324,58.173359999999995
55137,Waushara County,WI,70336.0,77.607972687848,26.834843990000003,28.19397
55139,Winnebago County,WI,70720.0,77.9331267767318,18.019040959999998,78.66079
55141,Wood County,WI,67068.0,77.0685801891424,22.51991507,137.70757
54001,Barbour County,WV,51353.0,72.0482309120397,21.19261282,32.324799999999996
54003,Berkeley County,WV,78995.0,73.2530476399774,15.54817276,42.04047
54005,Boone County,WV,48034.0,68.8704665079067,23.04140747,32.845349999999996
54007,Braxton County,WV,50038.0,73.5408319229167,25.05344516,48.99159
54009,Brooke County,WV,49187.0,73.0822355474255,25.71000795,22.583560000000002
54011,Cabell County,WV,55031.0,69.4683494115374,20.07667079,168.06183
54013,Calhoun County,WV,45793.0,71.4776956367508,27.08508139,64.76684
54015,Clay County,WV,45291.0,69.3242519843066,22.93460105,
54017,Doddridge County,WV,56985.0,76.7516305191541,22.9296875,12.92825
54019,Fayette County,WV,49739.0,69.7976269240587,23.47461097,40.07313
54021,Gilmer County,WV,43671.0,75.1840028008381,18.582850840000003,40.66694
54023,Grant County,WV,53187.0,74.3334612196243,25.473857709999997,63.734860000000005
54025,Greenbrier County,WV,47309.0,71.3649125003405,25.23251112,150.26987
54027,Hampshire County,WV,63290.0,74.4465615017556,24.83825955,25.748859999999997
54029,Hancock County,WV,58478.0,72.6416656968505,24.90673299,59.324400000000004
54031,Hardy County,WV,52212.0,72.662276676945,24.02638411,14.12429
54033,Harrison County,WV,58897.0,73.0792257884697,20.92699454,125.84794
54035,Jackson County,WV,52503.0,73.2115786950906,21.77726235,36.05163
54037,Jefferson County,WV,92747.0,75.8624074046633,18.02900296,58.2491
54039,Kanawha County,WV,56633.0,70.9643595770685,22.57372501,129.81029
54041,Lewis County,WV,52827.0,70.327401950341,21.03636364,41.43973
54043,Lincoln County,WV,47435.0,68.6947935769248,21.65372316,49.686969999999995
54045,Logan County,WV,48745.0,66.1695209197912,22.85009894,40.74086
54049,Marion County,WV,62449.0,73.4997693987259,20.477717849999998,48.21342
54051,Marshall County,WV,59661.0,74.3351709297261,24.44142153,36.526650000000004
54053,Mason County,WV,52054.0,71.1364139455323,23.177872,47.70044
54047,McDowell County,WV,35161.0,65.0927204168514,23.5735994,27.22867
54055,Mercer County,WV,47084.0,68.6847688234893,23.184112170000002,50.763999999999996
54057,Mineral County,WV,59085.0,73.5502025761258,23.084080840000002,29.787390000000002
54059,Mingo County,WV,38358.0,65.7796536212768,21.89529129,13.040640000000002
54061,Monongalia County,WV,62330.0,77.6077054247566,14.010657460000001,133.47495
54063,Monroe County,WV,47797.0,72.2489657245081,26.06202552,40.544920000000005
54065,Morgan County,WV,61802.0,73.0995394351808,25.67284265,52.26177
54067,Nicholas County,WV,48515.0,71.6833384659001,24.51901196,86.41975
54069,Ohio County,WV,59882.0,73.2248608696512,23.1951255,131.65454
54071,Pendleton County,WV,53640.0,74.7470622693369,30.02156245,32.56268
54073,Pleasants County,WV,60991.0,74.7530454413727,19.52073236,13.15616
54075,Pocahontas County,WV,43632.0,72.2062152710127,28.34513844,51.01389999999999
54077,Preston County,WV,54881.0,74.0446766830439,21.05633596,37.83689
54079,Putnam County,WV,72073.0,75.4402010259079,20.517186900000002,104.78518999999999
54081,Raleigh County,WV,53456.0,69.4802448337971,22.392061469999998,77.26613
54083,Randolph County,WV,50868.0,74.3199029451157,22.78610603,75.52327
54085,Ritchie County,WV,55110.0,73.3087821958348,23.87657647,11.9289
54087,Roane County,WV,48285.0,72.653383184175,24.35421669,57.56224
54089,Summers County,WV,44218.0,69.4085309039503,27.99412831,25.19315
54091,Taylor County,WV,57821.0,73.6343625860369,21.80253844,24.25418
54093,Tucker County,WV,55563.0,75.0637289582825,28.588734100000003,59.952040000000004
54095,Tyler County,WV,58892.0,74.7509345867763,25.15469125,24.524829999999998
54097,Upshur County,WV,53380.0,74.7416564879809,22.342641,58.84578
54099,Wayne County,WV,51532.0,70.355872854116,23.00854429,46.75568
54101,Webster County,WV,40727.0,73.4692459313094,26.314481039999997,24.245359999999998
54103,Wetzel County,WV,56296.0,70.1865940339265,23.21094312,42.342980000000004
54105,Wirt County,WV,54506.0,72.4266517225616,24.26,19.75114
54107,Wood County,WV,56353.0,73.3582770840788,22.00910273,86.09968
54109,Wyoming County,WV,47212.0,68.6750450210515,23.790501550000002,28.502209999999998
56001,Albany County,WY,59633.0,78.5353869458342,13.81969313,79.77026
56003,Big Horn County,WY,60818.0,76.0813420059072,22.10850391,34.3879
56005,Campbell County,WY,89749.0,76.5407195288327,13.81110784,56.033280000000005
56007,Carbon County,WY,67773.0,75.7746708434754,19.68047998,54.61124
56009,Converse County,WY,77224.0,77.2387396940858,19.009341730000003,58.513749999999995
56011,Crook County,WY,77897.0,76.7909980920105,23.07692308,41.01162
56013,Fremont County,WY,64170.0,70.5189106764735,20.504834860000003,81.35042
56015,Goshen County,WY,63191.0,75.842428275168,24.38696409,79.7639
56017,Hot Springs County,WY,60811.0,73.0449236806671,29.8862905,108.76659
56019,Johnson County,WY,66100.0,79.3424863275942,27.82281082,150.7596
56021,Laramie County,WY,75131.0,76.0043913366854,17.81866434,63.45240999999999
56023,Lincoln County,WY,88037.0,79.0547951032124,20.38793103,64.50653
56025,Natrona County,WY,73110.0,74.8735677060646,17.77435859,71.64855
56027,Niobrara County,WY,56477.0,78.26453337683,27.612574340000002,82.03445
56029,Park County,WY,70330.0,78.1261066620964,25.6450301,129.53368
56031,Platte County,WY,64207.0,75.1388667219387,27.650362740000002,45.9823
56033,Sheridan County,WY,71080.0,78.1605299704608,23.29407423,66.3591
56035,Sublette County,WY,78217.0,80.1892999577426,24.484334930000003,34.49465
56037,Sweetwater County,WY,76442.0,74.6300182793982,15.66825862,43.25467
56039,Teton County,WY,130156.0,87.5769281730928,18.5261708,93.31918999999999
56041,Uinta County,WY,79086.0,74.9461186734387,17.91275006,58.15362
56043,Washakie County,WY,62794.0,76.0720573852148,24.53955901,103.82868
56045,Weston County,WY,66429.0,77.9988066930138,23.28143361,29.65159
